0,0
0.000694513,0
0.001389027,0
0.00208354,0
0.002778053,0
0.003472567,0
0.00416708,0
0.004861593,0
0.005556107,0
0.00625062,0
0.006945133,0
0.007639647,0
0.00833416,0
0.009028673,0
0.009723187,0
0.0104177,0
0.011112214,0
0.011806727,0
0.01250124,0
0.013195754,0
0.013890267,0
0.01458478,0
0.015279294,0
0.015973807,0
0.01666832,0
0.017362834,0
0.018057347,0
0.01875186,0
0.019446374,0
0.020140887,0
0.0208354,0
0.021529914,0
0.022224427,0
0.02291894,0
0.023613454,0
0.024307967,0
0.02500248,0
0.025696994,0
0.026391507,0
0.02708602,0
0.027780534,0
0.028475047,0
0.02916956,0
0.029864074,0
0.030558587,0
0.031253101,0
0.031947614,0
0.032642127,0
0.033336641,0
0.034031154,0
0.034725667,0
0.035420181,0
0.036114694,0
0.036809207,0
0.037503721,0
0.038198234,0
0.038892747,0
0.039587261,0
0.040281774,0
0.040976287,0
0.041670801,0
0.042365314,0
0.043059827,0
0.043754341,0
0.044448854,0
0.045143367,0
0.045837881,0
0.046532394,0
0.047226907,0
0.047921421,0
0.048615934,0
0.049310447,0
0.050004961,0
0.050699474,0
0.051393987,0
0.052088501,0
0.052783014,0
0.053477528,0
0.054172041,0
0.054866554,0
0.055561068,0
0.056255581,0
0.056950094,0
0.057644608,0
0.058339121,0
0.059033634,0
0.059728148,0
0.060422661,0
0.061117174,0
0.061811688,0
0.062506201,0
0.063200714,0
0.063895228,0
0.064589741,0
0.065284254,0
0.065978768,0
0.066673281,0
0.067367794,0
0.068062308,0
0.068756821,0
0.069451334,0
0.070145848,0
0.070840361,0
0.071534874,0
0.072229388,0
0.072923901,0
0.073618415,0
0.074312928,0
0.075007441,0
0.075701955,0
0.076396468,0
0.077090981,0
0.077785495,0
0.078480008,0
0.079174521,0
0.079869035,0
0.080563548,0
0.081258061,0
0.081952575,0
0.082647088,0
0.083341601,0
0.084036115,0
0.084730628,0
0.085425141,0
0.086119655,0
0.086814168,0
0.087508681,0
0.088203195,0
0.088897708,0
0.089592221,0
0.090286735,0
0.090981248,0
0.091675761,0
0.092370275,0
0.093064788,0
0.093759302,0
0.094453815,0
0.095148328,0
0.095842842,0
0.096537355,0
0.097231868,0
0.097926382,0
0.098620895,0
0.099315408,0
0.100009922,0
0.100704435,0
0.101398948,0
0.102093462,0
0.102787975,0
0.103482488,0
0.104177002,0
0.104871515,0
0.105566028,0
0.106260542,0
0.106955055,0
0.107649568,0
0.108344082,0
0.109038595,0
0.109733108,0
0.110427622,0
0.111122135,0
0.111816648,0
0.112511162,0
0.113205675,0
0.113900189,0
0.114594702,0
0.115289215,0
0.115983729,0
0.116678242,0
0.117372755,0
0.118067269,0
0.118761782,0
0.119456295,0
0.120150809,0
0.120845322,0
0.121539835,0
0.122234349,0
0.122928862,0
0.123623375,0
0.124317889,0
0.125012402,0
0.125706915,0
0.126401429,0
0.127095942,0
0.127790455,0
0.128484969,0
0.129179482,0
0.129873995,0
0.130568509,0
0.131263022,0
0.131957535,0
0.132652049,0
0.133346562,0
0.134041076,0
0.134735589,0
0.135430102,0
0.136124616,0
0.136819129,0
0.137513642,0
0.138208156,0
0.138902669,0
0.139597182,0
0.140291696,0
0.140986209,0
0.141680722,0
0.142375236,0
0.143069749,0
0.143764262,0
0.144458776,0
0.145153289,0
0.145847802,0
0.146542316,0
0.147236829,0
0.147931342,0
0.148625856,0
0.149320369,0
0.150014882,0
0.150709396,0
0.151403909,0
0.152098422,0
0.152792936,0
0.153487449,0
0.154181962,0
0.154876476,0
0.155570989,0
0.156265503,0
0.156960016,0
0.157654529,0
0.158349043,0
0.159043556,0
0.159738069,0
0.160432583,0
0.161127096,0
0.161821609,0
0.162516123,0
0.163210636,0
0.163905149,0
0.164599663,0
0.165294176,0
0.165988689,0
0.166683203,0
0.167377716,0
0.168072229,0
0.168766743,0
0.169461256,0
0.170155769,0
0.170850283,0
0.171544796,0
0.172239309,0
0.172933823,0
0.173628336,0
0.174322849,0
0.175017363,0
0.175711876,0
0.17640639,0
0.177100903,0
0.177795416,0
0.17848993,0
0.179184443,0
0.179878956,0
0.18057347,0
0.181267983,0
0.181962496,0
0.18265701,0
0.183351523,0
0.184046036,0
0.18474055,0
0.185435063,0
0.186129576,0
0.18682409,0
0.187518603,0
0.188213116,0
0.18890763,0
0.189602143,0
0.190296656,0
0.19099117,0
0.191685683,0
0.192380196,0
0.19307471,0
0.193769223,0
0.194463736,0
0.19515825,0
0.195852763,0
0.196547277,0
0.19724179,0
0.197936303,0
0.198630817,0
0.19932533,0
0.200019843,0
0.200714357,0
0.20140887,0
0.202103383,0
0.202797897,0
0.20349241,0
0.204186923,0
0.204881437,0
0.20557595,0
0.206270463,0
0.206964977,0
0.20765949,0
0.208354003,0
0.209048517,0
0.20974303,0
0.210437543,0
0.211132057,0
0.21182657,0
0.212521083,0
0.213215597,0
0.21391011,0
0.214604623,0
0.215299137,0
0.21599365,0
0.216688164,0
0.217382677,0
0.21807719,0
0.218771704,0
0.219466217,0
0.22016073,0
0.220855244,0
0.221549757,0
0.22224427,0
0.222938784,0
0.223633297,0
0.22432781,0
0.225022324,0
0.225716837,0
0.22641135,0
0.227105864,0
0.227800377,0
0.22849489,0
0.229189404,0
0.229883917,0
0.23057843,0
0.231272944,0
0.231967457,0
0.23266197,0
0.233356484,0
0.234050997,0
0.23474551,0
0.235440024,0
0.236134537,0
0.236829051,0
0.237523564,0
0.238218077,0
0.238912591,0
0.239607104,0
0.240301617,0
0.240996131,0
0.241690644,0
0.242385157,0
0.243079671,0
0.243774184,0
0.244468697,0
0.245163211,0
0.245857724,0
0.246552237,0
0.247246751,0
0.247941264,0
0.248635777,0
0.249330291,0
0.250024804,0
0.250719317,0
0.251413831,0
0.252108344,0
0.252802857,0
0.253497371,0
0.254191884,0
0.254886397,0
0.255580911,0
0.256275424,0
0.256969937,0
0.257664451,0
0.258358964,0
0.259053478,0
0.259747991,0
0.260442504,0
0.261137018,0
0.261831531,0
0.262526044,0
0.263220558,0
0.263915071,0
0.264609584,0
0.265304098,0
0.265998611,0
0.266693124,0
0.267387638,0
0.268082151,0
0.268776664,0
0.269471178,0
0.270165691,0
0.270860204,0
0.271554718,0
0.272249231,0
0.272943744,0
0.273638258,0
0.274332771,0
0.275027284,0
0.275721798,0
0.276416311,0
0.277110824,0
0.277805338,0
0.278499851,0
0.279194365,0
0.279888878,0
0.280583391,0
0.281277905,0
0.281972418,0
0.282666931,0
0.283361445,0
0.284055958,0
0.284750471,0
0.285444985,0
0.286139498,0
0.286834011,0
0.287528525,0
0.288223038,0
0.288917551,0
0.289612065,0
0.290306578,0
0.291001091,0
0.291695605,0
0.292390118,0
0.293084631,0
0.293779145,0
0.294473658,0
0.295168171,0
0.295862685,0
0.296557198,0
0.297251711,0
0.297946225,0
0.298640738,0
0.299335252,0
0.300029765,0
0.300724278,0
0.301418792,0
0.302113305,0
0.302807818,0
0.303502332,0
0.304196845,0
0.304891358,0
0.305585872,0
0.306280385,0
0.306974898,0
0.307669412,0
0.308363925,0
0.309058438,0
0.309752952,0
0.310447465,0
0.311141978,0
0.311836492,0
0.312531005,0
0.313225518,0
0.313920032,0
0.314614545,0
0.315309058,0
0.316003572,0
0.316698085,0
0.317392598,0
0.318087112,0
0.318781625,0
0.319476139,0
0.320170652,0
0.320865165,0
0.321559679,0
0.322254192,0
0.322948705,0
0.323643219,0
0.324337732,0
0.325032245,0
0.325726759,0
0.326421272,0
0.327115785,0
0.327810299,0
0.328504812,0
0.329199325,0
0.329893839,0
0.330588352,0
0.331282865,0
0.331977379,0
0.332671892,0
0.333366405,0
0.334060919,0
0.334755432,0
0.335449945,0
0.336144459,0
0.336838972,0
0.337533485,0
0.338227999,0
0.338922512,0
0.339617025,0
0.340311539,0
0.341006052,0
0.341700566,0
0.342395079,0
0.343089592,0
0.343784106,0
0.344478619,0
0.345173132,0
0.345867646,0
0.346562159,0
0.347256672,0
0.347951186,0
0.348645699,0
0.349340212,0
0.350034726,0
0.350729239,0
0.351423752,0
0.352118266,0
0.352812779,0
0.353507292,0
0.354201806,0
0.354896319,0
0.355590832,0
0.356285346,0
0.356979859,0
0.357674372,0
0.358368886,0
0.359063399,0
0.359757912,0
0.360452426,0
0.361146939,0
0.361841453,0
0.362535966,0
0.363230479,0
0.363924993,0
0.364619506,0
0.365314019,0
0.366008533,0
0.366703046,0
0.367397559,0
0.368092073,0
0.368786586,0
0.369481099,0
0.370175613,0
0.370870126,0
0.371564639,0
0.372259153,0
0.372953666,0
0.373648179,0
0.374342693,0
0.375037206,0
0.375731719,0
0.376426233,0
0.377120746,0
0.377815259,0
0.378509773,0
0.379204286,0
0.379898799,0
0.380593313,0
0.381287826,0
0.38198234,0
0.382676853,0
0.383371366,0
0.38406588,0
0.384760393,0
0.385454906,0
0.38614942,0
0.386843933,0
0.387538446,0
0.38823296,0
0.388927473,0
0.389621986,0
0.3903165,0
0.391011013,0
0.391705526,0
0.39240004,0
0.393094553,0
0.393789066,0
0.39448358,0
0.395178093,0
0.395872606,0
0.39656712,0
0.397261633,0
0.397956146,0
0.39865066,0
0.399345173,0
0.400039686,0
0.4007342,0
0.401428713,0
0.402123227,0
0.40281774,0
0.403512253,0
0.404206767,0
0.40490128,0
0.405595793,0
0.406290307,0
0.40698482,0
0.407679333,0
0.408373847,0
0.40906836,0
0.409762873,0
0.410457387,0
0.4111519,0
0.411846413,0
0.412540927,0
0.41323544,0
0.413929953,0
0.414624467,0
0.41531898,0
0.416013493,0
0.416708007,0
0.41740252,0
0.418097033,0
0.418791547,0
0.41948606,0
0.420180573,0
0.420875087,0
0.4215696,0
0.422264114,0
0.422958627,0
0.42365314,0
0.424347654,0
0.425042167,0
0.42573668,0
0.426431194,0
0.427125707,0
0.42782022,0
0.428514734,0
0.429209247,0
0.42990376,0
0.430598274,0
0.431292787,0
0.4319873,0
0.432681814,0
0.433376327,0
0.43407084,0
0.434765354,0
0.435459867,0
0.43615438,0
0.436848894,0
0.437543407,0
0.43823792,0
0.438932434,0
0.439626947,0
0.44032146,0
0.441015974,0
0.441710487,0
0.442405,0
0.443099514,0
0.443794027,0
0.444488541,0
0.445183054,0
0.445877567,0
0.446572081,0
0.447266594,0
0.447961107,0
0.448655621,0
0.449350134,0
0.450044647,0
0.450739161,0
0.451433674,0
0.452128187,0
0.452822701,0
0.453517214,0
0.454211727,0
0.454906241,0
0.455600754,0
0.456295267,0
0.456989781,0
0.457684294,0
0.458378807,0
0.459073321,0
0.459767834,0
0.460462347,0
0.461156861,0
0.461851374,0
0.462545887,0
0.463240401,0
0.463934914,0
0.464629428,0
0.465323941,0
0.466018454,0
0.466712968,0
0.467407481,0
0.468101994,0
0.468796508,0
0.469491021,0
0.470185534,0
0.470880048,0
0.471574561,0
0.472269074,0
0.472963588,0
0.473658101,0
0.474352614,0
0.475047128,0
0.475741641,0
0.476436154,0
0.477130668,0
0.477825181,0
0.478519694,0
0.479214208,0
0.479908721,0
0.480603234,0
0.481297748,0
0.481992261,0
0.482686774,0
0.483381288,0
0.484075801,0
0.484770315,0
0.485464828,0
0.486159341,0
0.486853855,0
0.487548368,0
0.488242881,0
0.488937395,0
0.489631908,0
0.490326421,0
0.491020935,0
0.491715448,0
0.492409961,0
0.493104475,0
0.493798988,0
0.494493501,0
0.495188015,0
0.495882528,0
0.496577041,0
0.497271555,0
0.497966068,0
0.498660581,0
0.499355095,0
0.500049608,0
0.500744121,0
0.501438635,0
0.502133148,0
0.502827661,0
0.503522175,0
0.504216688,0
0.504911202,0
0.505605715,0
0.506300228,0
0.506994742,0
0.507689255,0
0.508383768,0
0.509078282,0
0.509772795,0
0.510467308,0
0.511161822,0
0.511856335,0
0.512550848,0
0.513245362,0
0.513939875,0
0.514634388,0
0.515328902,0
0.516023415,0
0.516717928,0
0.517412442,0
0.518106955,0
0.518801468,0
0.519495982,0
0.520190495,0
0.520885008,0
0.521579522,0
0.522274035,0
0.522968548,0
0.523663062,0
0.524357575,0
0.525052089,0
0.525746602,0
0.526441115,0
0.527135629,0
0.527830142,0
0.528524655,0
0.529219169,0
0.529913682,0
0.530608195,0
0.531302709,0
0.531997222,0
0.532691735,0
0.533386249,0
0.534080762,0
0.534775275,0
0.535469789,0
0.536164302,0
0.536858815,0
0.537553329,0
0.538247842,0
0.538942355,0
0.539636869,0
0.540331382,0
0.541025895,0
0.541720409,0
0.542414922,0
0.543109435,0
0.543803949,0
0.544498462,0
0.545192975,0
0.545887489,0
0.546582002,0
0.547276516,0
0.547971029,0
0.548665542,0
0.549360056,0
0.550054569,0
0.550749082,0
0.551443596,0
0.552138109,0
0.552832622,0
0.553527136,0
0.554221649,0
0.554916162,0
0.555610676,0
0.556305189,0
0.556999702,0
0.557694216,0
0.558388729,0
0.559083242,0
0.559777756,0
0.560472269,0
0.561166782,0
0.561861296,0
0.562555809,0
0.563250322,0
0.563944836,0
0.564639349,0
0.565333862,0
0.566028376,0
0.566722889,0
0.567417403,0
0.568111916,0
0.568806429,0
0.569500943,0
0.570195456,0
0.570889969,0
0.571584483,0
0.572278996,0
0.572973509,0
0.573668023,0
0.574362536,0
0.575057049,0
0.575751563,0
0.576446076,0
0.577140589,0
0.577835103,0
0.578529616,0
0.579224129,0
0.579918643,0
0.580613156,0
0.581307669,0
0.582002183,0
0.582696696,0
0.583391209,0
0.584085723,0
0.584780236,0
0.585474749,0
0.586169263,0
0.586863776,0
0.58755829,0
0.588252803,0
0.588947316,0
0.58964183,0
0.590336343,0
0.591030856,0
0.59172537,0
0.592419883,0
0.593114396,0
0.59380891,0
0.594503423,0
0.595197936,0
0.59589245,0
0.596586963,0
0.597281476,0
0.59797599,0
0.598670503,0
0.599365016,0
0.60005953,0
0.600754043,0
0.601448556,0
0.60214307,0
0.602837583,0
0.603532096,0
0.60422661,0
0.604921123,0
0.605615636,0
0.60631015,0
0.607004663,0
0.607699177,0
0.60839369,0
0.609088203,0
0.609782717,0
0.61047723,0
0.611171743,0
0.611866257,0
0.61256077,0
0.613255283,0
0.613949797,0
0.61464431,0
0.615338823,0
0.616033337,0
0.61672785,0
0.617422363,0
0.618116877,0
0.61881139,0
0.619505903,0
0.620200417,0
0.62089493,0
0.621589443,0
0.622283957,0
0.62297847,0
0.623672983,0
0.624367497,0
0.62506201,0
0.625756523,0
0.626451037,0
0.62714555,0
0.627840063,0
0.628534577,0
0.62922909,0
0.629923604,0
0.630618117,0
0.63131263,0
0.632007144,0
0.632701657,0
0.63339617,0
0.634090684,0
0.634785197,0
0.63547971,0
0.636174224,0
0.636868737,0
0.63756325,0
0.638257764,0
0.638952277,0
0.63964679,0
0.640341304,0
0.641035817,0
0.64173033,0
0.642424844,0
0.643119357,0
0.64381387,0
0.644508384,0
0.645202897,0
0.64589741,0
0.646591924,0
0.647286437,0
0.64798095,0
0.648675464,0
0.649369977,0
0.650064491,0
0.650759004,0
0.651453517,0
0.652148031,0
0.652842544,0
0.653537057,0
0.654231571,0
0.654926084,0
0.655620597,0
0.656315111,0
0.657009624,0
0.657704137,0
0.658398651,0
0.659093164,0
0.659787677,0
0.660482191,0
0.661176704,0
0.661871217,0
0.662565731,0
0.663260244,0
0.663954757,0
0.664649271,0
0.665343784,0
0.666038297,0
0.666732811,0
0.667427324,0
0.668121837,0
0.668816351,0
0.669510864,0
0.670205378,0
0.670899891,0
0.671594404,0
0.672288918,0
0.672983431,0
0.673677944,0
0.674372458,0
0.675066971,0
0.675761484,0
0.676455998,0
0.677150511,0
0.677845024,0
0.678539538,0
0.679234051,0
0.679928564,0
0.680623078,0
0.681317591,0
0.682012104,0
0.682706618,0
0.683401131,0
0.684095644,0
0.684790158,0
0.685484671,0
0.686179184,0
0.686873698,0
0.687568211,0
0.688262724,0
0.688957238,0
0.689651751,0
0.690346265,0
0.691040778,0
0.691735291,0
0.692429805,0
0.693124318,0
0.693818831,0
0.694513345,0
0.695207858,0
0.695902371,0
0.696596885,0
0.697291398,0
0.697985911,0
0.698680425,0
0.699374938,0
0.700069451,0
0.700763965,0
0.701458478,0
0.702152991,0
0.702847505,0
0.703542018,0
0.704236531,0
0.704931045,0
0.705625558,0
0.706320071,0
0.707014585,0
0.707709098,0
0.708403611,0
0.709098125,0
0.709792638,0
0.710487152,0
0.711181665,0
0.711876178,0
0.712570692,0
0.713265205,0
0.713959718,0
0.714654232,0
0.715348745,0
0.716043258,0
0.716737772,0
0.717432285,0
0.718126798,0
0.718821312,0
0.719515825,0
0.720210338,0
0.720904852,0
0.721599365,0
0.722293878,0
0.722988392,0
0.723682905,0
0.724377418,0
0.725071932,0
0.725766445,0
0.726460958,0
0.727155472,0
0.727849985,0
0.728544498,0
0.729239012,0
0.729933525,0
0.730628038,0
0.731322552,0
0.732017065,0
0.732711579,0
0.733406092,0
0.734100605,0
0.734795119,0
0.735489632,0
0.736184145,0
0.736878659,0
0.737573172,0
0.738267685,0
0.738962199,0
0.739656712,0
0.740351225,0
0.741045739,0
0.741740252,0
0.742434765,0
0.743129279,0
0.743823792,0
0.744518305,0
0.745212819,0
0.745907332,0
0.746601845,0
0.747296359,0
0.747990872,0
0.748685385,0
0.749379899,0
0.750074412,0
0.750768925,0
0.751463439,0
0.752157952,0
0.752852466,0
0.753546979,0
0.754241492,0
0.754936006,0
0.755630519,0
0.756325032,0
0.757019546,0
0.757714059,0
0.758408572,0
0.759103086,0
0.759797599,0
0.760492112,0
0.761186626,0
0.761881139,0
0.762575652,0
0.763270166,0
0.763964679,0
0.764659192,0
0.765353706,0
0.766048219,0
0.766742732,0
0.767437246,0
0.768131759,0
0.768826272,0
0.769520786,0
0.770215299,0
0.770909812,0
0.771604326,0
0.772298839,0
0.772993353,0
0.773687866,0
0.774382379,0
0.775076893,0
0.775771406,0
0.776465919,0
0.777160433,0
0.777854946,0
0.778549459,0
0.779243973,0
0.779938486,0
0.780632999,0
0.781327513,0
0.782022026,0
0.782716539,0
0.783411053,0
0.784105566,0
0.784800079,0
0.785494593,0
0.786189106,0
0.786883619,0
0.787578133,0
0.788272646,0
0.788967159,0
0.789661673,0
0.790356186,0
0.791050699,0
0.791745213,0
0.792439726,0
0.79313424,0
0.793828753,0
0.794523266,0
0.79521778,0
0.795912293,0
0.796606806,0
0.79730132,0
0.797995833,0
0.798690346,0
0.79938486,0
0.800079373,0
0.800773886,0
0.8014684,0
0.802162913,0
0.802857426,0
0.80355194,0
0.804246453,0
0.804940966,0
0.80563548,0
0.806329993,0
0.807024506,0
0.80771902,0
0.808413533,0
0.809108046,0
0.80980256,0
0.810497073,0
0.811191586,0
0.8118861,0
0.812580613,0
0.813275127,0
0.81396964,0
0.814664153,0
0.815358667,0
0.81605318,0
0.816747693,0
0.817442207,0
0.81813672,0
0.818831233,0
0.819525747,0
0.82022026,0
0.820914773,0
0.821609287,0
0.8223038,0
0.822998313,0
0.823692827,0
0.82438734,0
0.825081853,0
0.825776367,0
0.82647088,0
0.827165393,0
0.827859907,0
0.82855442,0
0.829248933,0
0.829943447,0
0.83063796,0
0.831332473,0
0.832026987,0
0.8327215,0
0.833416013,0
0.834110527,0
0.83480504,0
0.835499554,0
0.836194067,0
0.83688858,0
0.837583094,0
0.838277607,0
0.83897212,0
0.839666634,0
0.840361147,0
0.84105566,0
0.841750174,0
0.842444687,0
0.8431392,0
0.843833714,0
0.844528227,0
0.84522274,0
0.845917254,0
0.846611767,0
0.84730628,0
0.848000794,0
0.848695307,0
0.84938982,0
0.850084334,0
0.850778847,0
0.85147336,0
0.852167874,0
0.852862387,0
0.8535569,0
0.854251414,0
0.854945927,0
0.855640441,0
0.856334954,0
0.857029467,0
0.857723981,0
0.858418494,0
0.859113007,0
0.859807521,0
0.860502034,0
0.861196547,0
0.861891061,0
0.862585574,0
0.863280087,0
0.863974601,0
0.864669114,0
0.865363627,0
0.866058141,0
0.866752654,0
0.867447167,0
0.868141681,0
0.868836194,0
0.869530707,0
0.870225221,0
0.870919734,0
0.871614247,0
0.872308761,0
0.873003274,0
0.873697787,0
0.874392301,0
0.875086814,0
0.875781328,0
0.876475841,0
0.877170354,0
0.877864868,0
0.878559381,0
0.879253894,0
0.879948408,0
0.880642921,0
0.881337434,0
0.882031948,0
0.882726461,0
0.883420974,0
0.884115488,0
0.884810001,0
0.885504514,0
0.886199028,0
0.886893541,0
0.887588054,0
0.888282568,0
0.888977081,0
0.889671594,0
0.890366108,0
0.891060621,0
0.891755134,0
0.892449648,0
0.893144161,0
0.893838674,0
0.894533188,0
0.895227701,0
0.895922215,0
0.896616728,0
0.897311241,0
0.898005755,0
0.898700268,0
0.899394781,0
0.900089295,0
0.900783808,0
0.901478321,0
0.902172835,0
0.902867348,0
0.903561861,0
0.904256375,0
0.904950888,0
0.905645401,0
0.906339915,0
0.907034428,0
0.907728941,0
0.908423455,0
0.909117968,0
0.909812481,0
0.910506995,0
0.911201508,0
0.911896021,0
0.912590535,0
0.913285048,0
0.913979561,0
0.914674075,0
0.915368588,0
0.916063101,0
0.916757615,0
0.917452128,0
0.918146642,0
0.918841155,0
0.919535668,0
0.920230182,0
0.920924695,0
0.921619208,0
0.922313722,0
0.923008235,0
0.923702748,0
0.924397262,0
0.925091775,0
0.925786288,0
0.926480802,0
0.927175315,0
0.927869828,0
0.928564342,0
0.929258855,0
0.929953368,0
0.930647882,0
0.931342395,0
0.932036908,0
0.932731422,0
0.933425935,0
0.934120448,0
0.934814962,0
0.935509475,0
0.936203988,0
0.936898502,0
0.937593015,0
0.938287529,0
0.938982042,0
0.939676555,0
0.940371069,0
0.941065582,0
0.941760095,0
0.942454609,0
0.943149122,0
0.943843635,0
0.944538149,0
0.945232662,0
0.945927175,0
0.946621689,0
0.947316202,0
0.948010715,0
0.948705229,0
0.949399742,0
0.950094255,0
0.950788769,0
0.951483282,0
0.952177795,0
0.952872309,0
0.953566822,0
0.954261335,0
0.954955849,0
0.955650362,0
0.956344875,0
0.957039389,0
0.957733902,0
0.958428416,0
0.959122929,0
0.959817442,0
0.960511956,0
0.961206469,0
0.961900982,0
0.962595496,0
0.963290009,0
0.963984522,0
0.964679036,0
0.965373549,0
0.966068062,0
0.966762576,0
0.967457089,0
0.968151602,0
0.968846116,0
0.969540629,0
0.970235142,0
0.970929656,0
0.971624169,0
0.972318682,0
0.973013196,0
0.973707709,0
0.974402222,0
0.975096736,0
0.975791249,0
0.976485762,0
0.977180276,0
0.977874789,0
0.978569303,0
0.979263816,0
0.979958329,0
0.980652843,0
0.981347356,0
0.982041869,0
0.982736383,0
0.983430896,0
0.984125409,0
0.984819923,0
0.985514436,0
0.986208949,0
0.986903463,0
0.987597976,0
0.988292489,0
0.988987003,0
0.989681516,0
0.990376029,0
0.991070543,0
0.991765056,0
0.992459569,0
0.993154083,0
0.993848596,0
0.994543109,0
0.995237623,0
0.995932136,0
0.996626649,0
0.997321163,0
0.998015676,0
0.99871019,0
0.999404703,0
1.000099216,12135.04436
1.00079373,12114.89905
1.001488243,12096.71861
1.002182756,12099.62906
1.00287727,12078.55323
1.003571783,12086.2189
1.004266296,12097.91577
1.00496081,12108.65122
1.005655323,12121.11261
1.006349836,12113.14459
1.00704435,12103.66606
1.007738863,12106.06083
1.008433376,12101.03946
1.00912789,12098.10159
1.009822403,12094.33114
1.010516916,12083.09148
1.01121143,12081.3164
1.011905943,12062.24059
1.012600456,12106.98669
1.01329497,12106.75686
1.013989483,12115.19889
1.014683996,12118.42143
1.01537851,12066.08405
1.016073023,12063.10247
1.016767536,12066.50039
1.01746205,12065.62006
1.018156563,12062.3695
1.018851076,12022.92139
1.01954559,12014.09984
1.020240103,12035.43188
1.020934617,12023.23531
1.02162913,12031.35738
1.022323643,11994.12363
1.023018157,11987.23662
1.02371267,12013.58575
1.024407183,12022.59092
1.025101697,12042.6842
1.02579621,12048.16388
1.026490723,12039.98371
1.027185237,12035.65234
1.02787975,12068.40454
1.028574263,12062.35506
1.029268777,12082.10477
1.02996329,12046.95023
1.030657803,12084.74951
1.031352317,12073.10129
1.03204683,12069.19923
1.032741343,12084.51574
1.033435857,12076.58194
1.03413037,12084.72491
1.034824883,12067.45821
1.035519397,12066.12331
1.03621391,12060.21302
1.036908423,12018.92514
1.037602937,11992.73675
1.03829745,11980.49106
1.038991963,11945.5894
1.039686477,11949.25317
1.04038099,11992.83648
1.041075504,11979.53891
1.041770017,11994.52891
1.04246453,12030.30219
1.043159044,12021.86936
1.043853557,12023.86685
1.04454807,12029.02122
1.045242584,12028.81179
1.045937097,12018.86815
1.04663161,11999.32963
1.047326124,12047.66031
1.048020637,12001.55424
1.04871515,12012.76704
1.049409664,12012.97842
1.050104177,12030.16087
1.05079869,12036.65634
1.051493204,12036.03482
1.052187717,12037.94056
1.05288223,12027.99942
1.053576744,12056.68259
1.054271257,12068.6491
1.05496577,12072.99351
1.055660284,12078.53607
1.056354797,12072.04205
1.05704931,12083.86722
1.057743824,12126.65104
1.058438337,12144.57444
1.05913285,12091.76758
1.059827364,12110.82259
1.060521877,12174.14012
1.061216391,12196.56259
1.061910904,12172.11892
1.062605417,12143.52908
1.063299931,12131.44044
1.063994444,12133.04523
1.064688957,12148.22479
1.065383471,12148.19504
1.066077984,12156.75758
1.066772497,12153.9352
1.067467011,12181.00157
1.068161524,12176.49454
1.068856037,12184.91079
1.069550551,12207.05539
1.070245064,12226.24745
1.070939577,12213.63338
1.071634091,12206.45378
1.072328604,12189.42602
1.073023117,12184.70488
1.073717631,12196.74786
1.074412144,12236.41211
1.075106657,12241.15243
1.075801171,12241.57218
1.076495684,12260.0072
1.077190197,12268.89677
1.077884711,12250.78989
1.078579224,12211.24275
1.079273737,12209.8089
1.079968251,12215.59688
1.080662764,12205.0304
1.081357278,12206.28928
1.082051791,12203.35233
1.082746304,12203.8572
1.083440818,12207.77823
1.084135331,12189.70007
1.084829844,12162.56533
1.085524358,12171.22813
1.086218871,12173.204
1.086913384,12165.21894
1.087607898,12160.0225
1.088302411,12119.92195
1.088996924,12140.90083
1.089691438,12153.17574
1.090385951,12150.31469
1.091080464,12135.75265
1.091774978,12132.72124
1.092469491,12118.89819
1.093164004,12112.08819
1.093858518,12127.13001
1.094553031,12109.09585
1.095247544,12128.69401
1.095942058,12140.67055
1.096636571,12137.84031
1.097331084,12140.80618
1.098025598,12126.27508
1.098720111,12133.59387
1.099414624,12126.16681
1.100109138,12119.3564
1.100803651,12130.78233
1.101498165,12154.85121
1.102192678,12117.20817
1.102887191,12120.75796
1.103581705,12105.48204
1.104276218,12098.29167
1.104970731,12079.17202
1.105665245,12068.25277
1.106359758,12081.24619
1.107054271,12066.9868
1.107748785,12037.967
1.108443298,12052.84527
1.109137811,12077.49392
1.109832325,12077.68509
1.110526838,12049.77167
1.111221351,12036.49043
1.111915865,12042.28877
1.112610378,12033.43499
1.113304891,11998.83267
1.113999405,12010.12258
1.114693918,11996.26513
1.115388431,11999.93722
1.116082945,11989.10715
1.116777458,11996.75697
1.117471971,11988.15075
1.118166485,11980.7065
1.118860998,11974.89542
1.119555511,11964.16867
1.120250025,11996.41606
1.120944538,12018.99953
1.121639051,12016.45316
1.122333565,12004.28629
1.123028078,11990.38956
1.123722592,12001.54436
1.124417105,12018.46919
1.125111618,12029.29112
1.125806132,12054.12718
1.126500645,12072.4595
1.127195158,12038.60357
1.127889672,12016.4089
1.128584185,12009.77485
1.129278698,11996.27421
1.129973212,11974.46038
1.130667725,11954.26112
1.131362238,11925.36893
1.132056752,11872.60468
1.132751265,11893.63242
1.133445778,11886.17067
1.134140292,11875.87756
1.134834805,11863.77923
1.135529318,11890.43376
1.136223832,11913.82702
1.136918345,11932.15557
1.137612858,11888.12018
1.138307372,11902.57044
1.139001885,11837.78329
1.139696398,11875.04039
1.140390912,11857.10084
1.141085425,11854.05535
1.141779938,11880.50747
1.142474452,11890.08173
1.143168965,11903.17458
1.143863479,11970.67117
1.144557992,12005.55013
1.145252505,11973.77722
1.145947019,11951.40822
1.146641532,11916.90836
1.147336045,11912.5214
1.148030559,11904.6533
1.148725072,11928.54619
1.149419585,11927.30399
1.150114099,11939.15042
1.150808612,11904.70822
1.151503125,11913.48957
1.152197639,11959.21949
1.152892152,11973.41303
1.153586665,11975.22823
1.154281179,12007.8125
1.154975692,11979.32714
1.155670205,11984.93681
1.156364719,11986.59145
1.157059232,11993.57891
1.157753745,12021.17247
1.158448259,12066.83981
1.159142772,12086.10966
1.159837285,12092.99578
1.160531799,12078.37809
1.161226312,12105.45365
1.161920825,12108.54773
1.162615339,12147.2095
1.163309852,12133.47607
1.164004366,12115.40549
1.164698879,12120.62242
1.165393392,12099.08891
1.166087906,12082.93528
1.166782419,12067.86927
1.167476932,12045.91865
1.168171446,12039.55608
1.168865959,12004.00823
1.169560472,12013.7996
1.170254986,12052.35975
1.170949499,12034.24202
1.171644012,12009.89514
1.172338526,11978.2395
1.173033039,11984.90586
1.173727552,11999.62313
1.174422066,12026.3346
1.175116579,12040.2847
1.175811092,12017.42875
1.176505606,12016.38254
1.177200119,12044.49003
1.177894632,12031.97024
1.178589146,12010.56087
1.179283659,12036.19248
1.179978172,12052.66251
1.180672686,12031.52254
1.181367199,12035.55903
1.182061712,12058.09976
1.182756226,12052.40291
1.183450739,12078.50274
1.184145253,12069.02929
1.184839766,12067.58868
1.185534279,12110.65668
1.186228793,12084.34462
1.186923306,12089.46321
1.187617819,12077.32592
1.188312333,12059.95936
1.189006846,12052.31112
1.189701359,12085.83961
1.190395873,12097.74624
1.191090386,12114.81662
1.191784899,12093.22158
1.192479413,12069.25016
1.193173926,12062.35335
1.193868439,12080.82916
1.194562953,12118.59156
1.195257466,12141.56803
1.195951979,12172.81934
1.196646493,12211.13841
1.197341006,12245.49479
1.198035519,12218.58187
1.198730033,12246.54195
1.199424546,12245.49512
1.200119059,12241.59321
1.200813573,12223.35786
1.201508086,12211.63714
1.202202599,12210.39504
1.202897113,12184.60272
1.203591626,12196.65105
1.204286139,12164.15163
1.204980653,12150.36903
1.205675166,12167.9668
1.20636968,12170.38183
1.207064193,12177.06767
1.207758706,12160.02295
1.20845322,12155.89817
1.209147733,12174.60644
1.209842246,12184.17704
1.21053676,12205.16066
1.211231273,12212.12503
1.211925786,12255.76725
1.2126203,12287.76283
1.213314813,12289.07775
1.214009326,12273.28235
1.21470384,12281.39946
1.215398353,12297.6469
1.216092866,12342.5181
1.21678738,12307.51464
1.217481893,12276.86296
1.218176406,12291.38186
1.21887092,12270.58243
1.219565433,12260.54892
1.220259946,12245.129
1.22095446,12269.40778
1.221648973,12243.34562
1.222343486,12237.59695
1.223038,12258.14465
1.223732513,12247.57211
1.224427026,12263.13701
1.22512154,12229.00592
1.225816053,12235.58422
1.226510567,12254.36464
1.22720508,12243.43466
1.227899593,12242.511
1.228594107,12254.12029
1.22928862,12280.5888
1.229983133,12292.36787
1.230677647,12291.70721
1.23137216,12294.76725
1.232066673,12293.01743
1.232761187,12283.62002
1.2334557,12277.27033
1.234150213,12276.19608
1.234844727,12274.10105
1.23553924,12276.74264
1.236233753,12267.89975
1.236928267,12236.97447
1.23762278,12246.90548
1.238317293,12231.67538
1.239011807,12208.69349
1.23970632,12254.5029
1.240400833,12228.25232
1.241095347,12214.35045
1.24178986,12197.13442
1.242484373,12180.62123
1.243178887,12188.48756
1.2438734,12201.26159
1.244567913,12221.2129
1.245262427,12266.50774
1.24595694,12278.54905
1.246651454,12248.8695
1.247345967,12229.72975
1.24804048,12254.82804
1.248734994,12241.12757
1.249429507,12231.04782
1.25012402,12237.23333
1.250818534,12198.88662
1.251513047,12217.9204
1.25220756,12209.37161
1.252902074,12168.44979
1.253596587,12193.22989
1.2542911,12221.33747
1.254985614,12163.94782
1.255680127,12175.57763
1.25637464,12209.1609
1.257069154,12200.3404
1.257763667,12175.87586
1.25845818,12148.71796
1.259152694,12137.09544
1.259847207,12120.24396
1.26054172,12130.94572
1.261236234,12117.23452
1.261930747,12126.87974
1.26262526,12131.73097
1.263319774,12126.75828
1.264014287,12117.0736
1.2647088,12120.6844
1.265403314,12134.11078
1.266097827,12150.37137
1.266792341,12148.71901
1.267486854,12145.22198
1.268181367,12089.68259
1.268875881,12084.81219
1.269570394,12106.96999
1.270264907,12117.8045
1.270959421,12109.38805
1.271653934,12131.30542
1.272348447,12114.31727
1.273042961,12140.72616
1.273737474,12170.06381
1.274431987,12169.32815
1.275126501,12143.3006
1.275821014,12152.95278
1.276515527,12122.45247
1.277210041,12114.85707
1.277904554,12103.13367
1.278599067,12061.16051
1.279293581,12094.5045
1.279988094,12108.94916
1.280682607,12098.05563
1.281377121,12101.43602
1.282071634,12079.99612
1.282766147,12068.27021
1.283460661,12090.59083
1.284155174,12084.75399
1.284849687,12109.77956
1.285544201,12155.92858
1.286238714,12149.63521
1.286933228,12159.59132
1.287627741,12149.07376
1.288322254,12099.6609
1.289016768,12112.75024
1.289711281,12096.12046
1.290405794,12071.58683
1.291100308,12039.57702
1.291794821,12003.93635
1.292489334,12003.15595
1.293183848,12071.93058
1.293878361,12051.40686
1.294572874,12026.3358
1.295267388,12022.77415
1.295961901,12036.74963
1.296656414,11978.2623
1.297350928,11987.70696
1.298045441,11978.48112
1.298739954,11992.86248
1.299434468,11967.40796
1.300128981,11990.61221
1.300823494,11982.65145
1.301518008,11991.92084
1.302212521,12015.2341
1.302907034,11977.95986
1.303601548,11981.59279
1.304296061,12019.90642
1.304990574,12028.7271
1.305685088,12005.36595
1.306379601,12011.29351
1.307074114,11975.79869
1.307768628,11985.31397
1.308463141,11986.36353
1.309157655,11981.97829
1.309852168,12005.88697
1.310546681,12010.66112
1.311241195,11989.09824
1.311935708,11995.45923
1.312630221,11997.0982
1.313324735,11989.65939
1.314019248,11991.09346
1.314713761,11996.49487
1.315408275,11973.48125
1.316102788,11980.2512
1.316797301,11994.52091
1.317491815,12043.49879
1.318186328,12039.59262
1.318880841,12040.7505
1.319575355,12028.96761
1.320269868,12013.96716
1.320964381,12027.03829
1.321658895,12048.90004
1.322353408,12019.66256
1.323047921,12019.94925
1.323742435,12027.29512
1.324436948,12014.35923
1.325131461,11989.52756
1.325825975,12004.68232
1.326520488,12010.78792
1.327215001,12017.09732
1.327909515,11954.76271
1.328604028,11943.237
1.329298542,11954.46431
1.329993055,11944.05942
1.330687568,11927.04487
1.331382082,11916.83523
1.332076595,11890.99191
1.332771108,11884.51719
1.333465622,11888.43327
1.334160135,11856.25006
1.334854648,11849.44443
1.335549162,11877.55247
1.336243675,11924.7777
1.336938188,11935.56008
1.337632702,11925.45359
1.338327215,11915.4851
1.339021728,11927.47119
1.339716242,11909.94847
1.340410755,11893.6865
1.341105268,11878.12476
1.341799782,11842.48985
1.342494295,11850.23096
1.343188808,11853.52659
1.343883322,11870.72683
1.344577835,11885.45428
1.345272348,11912.96925
1.345966862,11916.34031
1.346661375,11945.90337
1.347355888,11931.49797
1.348050402,11953.11153
1.348744915,11960.06718
1.349439429,11969.57231
1.350133942,11976.55294
1.350828455,11982.93058
1.351522969,11965.72214
1.352217482,11957.53408
1.352911995,11937.94941
1.353606509,11951.48928
1.354301022,11950.93643
1.354995535,11947.98776
1.355690049,11969.76658
1.356384562,11956.67535
1.357079075,11975.2251
1.357773589,11956.59546
1.358468102,11953.26912
1.359162615,11936.29782
1.359857129,11934.79699
1.360551642,11930.0883
1.361246155,11941.37745
1.361940669,11890.82816
1.362635182,11895.9422
1.363329695,11917.18681
1.364024209,11931.93279
1.364718722,11922.315
1.365413235,11914.97793
1.366107749,11916.11315
1.366802262,11911.82214
1.367496775,11909.24417
1.368191289,11873.59744
1.368885802,11873.79052
1.369580316,11866.0041
1.370274829,11851.75933
1.370969342,11875.5912
1.371663856,11878.31516
1.372358369,11858.48401
1.373052882,11853.85442
1.373747396,11861.20446
1.374441909,11847.55958
1.375136422,11857.43715
1.375830936,11835.28069
1.376525449,11801.38472
1.377219962,11797.0239
1.377914476,11749.13803
1.378608989,11765.18572
1.379303502,11752.73045
1.379998016,11768.08505
1.380692529,11768.52848
1.381387042,11803.55096
1.382081556,11804.14999
1.382776069,11780.16488
1.383470582,11752.16363
1.384165096,11780.16891
1.384859609,11791.71649
1.385554122,11771.11667
1.386248636,11782.67745
1.386943149,11796.34495
1.387637662,11792.3602
1.388332176,11807.32642
1.389026689,11801.4352
1.389721203,11797.04074
1.390415716,11806.04412
1.391110229,11787.55429
1.391804743,11785.82788
1.392499256,11783.36341
1.393193769,11769.41204
1.393888283,11790.79844
1.394582796,11805.00456
1.395277309,11815.99616
1.395971823,11813.52182
1.396666336,11792.8768
1.397360849,11786.44768
1.398055363,11812.77561
1.398749876,11805.66473
1.399444389,11800.39805
1.400138903,11777.75748
1.400833416,11761.48685
1.401527929,11743.42489
1.402222443,11685.37582
1.402916956,11717.26229
1.403611469,11697.1353
1.404305983,11699.63789
1.405000496,11715.84672
1.405695009,11740.36351
1.406389523,11742.83121
1.407084036,11790.73412
1.407778549,11779.70659
1.408473063,11774.03268
1.409167576,11762.06688
1.409862089,11757.83156
1.410556603,11774.57659
1.411251116,11792.31264
1.41194563,11772.57945
1.412640143,11725.94764
1.413334656,11731.59049
1.41402917,11726.57592
1.414723683,11749.87698
1.415418196,11747.96687
1.41611271,11753.01928
1.416807223,11750.89413
1.417501736,11725.6805
1.41819625,11725.96046
1.418890763,11724.47429
1.419585276,11685.53506
1.42027979,11697.22768
1.420974303,11707.1651
1.421668816,11714.1913
1.42236333,11720.93786
1.423057843,11711.67261
1.423752356,11688.02022
1.42444687,11675.06189
1.425141383,11682.71603
1.425835896,11677.74965
1.42653041,11702.56788
1.427224923,11721.04316
1.427919436,11745.40556
1.42861395,11691.41185
1.429308463,11673.45189
1.430002976,11673.93506
1.43069749,11648.91126
1.431392003,11650.04754
1.432086517,11646.72632
1.43278103,11651.25659
1.433475543,11663.95869
1.434170057,11726.91578
1.43486457,11710.31347
1.435559083,11648.81241
1.436253597,11613.67613
1.43694811,11616.8642
1.437642623,11608.94794
1.438337137,11619.33182
1.43903165,11612.97289
1.439726163,11631.04088
1.440420677,11625.54061
1.44111519,11640.34559
1.441809703,11619.89058
1.442504217,11643.24863
1.44319873,11685.30694
1.443893243,11687.9704
1.444587757,11694.62398
1.44528227,11676.02108
1.445976783,11693.43052
1.446671297,11700.1581
1.44736581,11703.95233
1.448060323,11745.22652
1.448754837,11744.70054
1.44944935,11753.18301
1.450143863,11748.42082
1.450838377,11738.11528
1.45153289,11751.37755
1.452227404,11755.18441
1.452921917,11749.80547
1.45361643,11741.83049
1.454310944,11745.14077
1.455005457,11764.96555
1.45569997,11764.90416
1.456394484,11743.08977
1.457088997,11754.70784
1.45778351,11760.23741
1.458478024,11781.73221
1.459172537,11791.11422
1.45986705,11795.37594
1.460561564,11804.06224
1.461256077,11823.95261
1.46195059,11791.7262
1.462645104,11802.89078
1.463339617,11794.15589
1.46403413,11782.96015
1.464728644,11815.92315
1.465423157,11824.78192
1.46611767,11824.983
1.466812184,11826.41265
1.467506697,11828.69837
1.46820121,11809.97848
1.468895724,11850.19238
1.469590237,11828.85245
1.47028475,11805.77905
1.470979264,11832.63028
1.471673777,11816.16849
1.472368291,11816.37795
1.473062804,11826.52217
1.473757317,11829.65552
1.474451831,11863.59607
1.475146344,11885.15111
1.475840857,11906.59605
1.476535371,11894.08871
1.477229884,11879.5999
1.477924397,11879.55046
1.478618911,11877.94208
1.479313424,11910.91955
1.480007937,11927.72936
1.480702451,11910.14732
1.481396964,11927.06935
1.482091477,11915.37896
1.482785991,11927.734
1.483480504,11931.16972
1.484175017,11926.92989
1.484869531,11934.81788
1.485564044,11890.35235
1.486258557,11933.20655
1.486953071,11945.97044
1.487647584,11947.95719
1.488342097,11951.04171
1.489036611,11956.33091
1.489731124,11953.72386
1.490425637,11968.0985
1.491120151,11981.66765
1.491814664,11933.80904
1.492509177,11936.56531
1.493203691,11948.78169
1.493898204,11956.49435
1.494592718,11978.79269
1.495287231,11977.56897
1.495981744,12016.93206
1.496676258,12006.62802
1.497370771,11989.98794
1.498065284,12010.52137
1.498759798,11996.63975
1.499454311,11996.90656
1.500148824,11961.79814
1.500843338,11967.85928
1.501537851,11916.84861
1.502232364,11889.87691
1.502926878,11901.3688
1.503621391,11925.60799
1.504315904,11883.45719
1.505010418,11859.88498
1.505704931,11841.20342
1.506399444,11891.46689
1.507093958,11887.20031
1.507788471,11914.17887
1.508482984,11937.57949
1.509177498,11903.71252
1.509872011,11888.85495
1.510566524,11895.47278
1.511261038,11914.70013
1.511955551,11923.53267
1.512650064,11924.42429
1.513344578,11907.29612
1.514039091,11950.14702
1.514733605,11918.2535
1.515428118,11934.07702
1.516122631,11902.86457
1.516817145,11904.17033
1.517511658,11919.69138
1.518206171,11921.94306
1.518900685,11908.22748
1.519595198,11908.4162
1.520289711,11899.51912
1.520984225,11920.07782
1.521678738,11917.1266
1.522373251,11930.06861
1.523067765,11945.08349
1.523762278,11941.35277
1.524456791,11917.9398
1.525151305,11900.82451
1.525845818,11913.61478
1.526540331,11925.7914
1.527234845,11932.54375
1.527929358,11911.9344
1.528623871,11911.5256
1.529318385,11923.71423
1.530012898,11929.5195
1.530707411,11913.54655
1.531401925,11915.91956
1.532096438,11919.9988
1.532790951,11893.68141
1.533485465,11874.90804
1.534179978,11883.92104
1.534874492,11893.16178
1.535569005,11889.06401
1.536263518,11931.67449
1.536958032,11948.39213
1.537652545,11937.78425
1.538347058,11964.78131
1.539041572,11956.2123
1.539736085,11966.2599
1.540430598,11960.7202
1.541125112,11927.74801
1.541819625,11923.9948
1.542514138,11910.53546
1.543208652,11857.20457
1.543903165,11858.75861
1.544597678,11851.59419
1.545292192,11820.66509
1.545986705,11839.87535
1.546681218,11840.09854
1.547375732,11826.49137
1.548070245,11831.74114
1.548764758,11823.14028
1.549459272,11853.57435
1.550153785,11856.44564
1.550848298,11863.69634
1.551542812,11835.48871
1.552237325,11821.96865
1.552931838,11851.99287
1.553626352,11858.36032
1.554320865,11866.84117
1.555015379,11860.13454
1.555709892,11873.57709
1.556404405,11880.62391
1.557098919,11902.95422
1.557793432,11876.12488
1.558487945,11886.47074
1.559182459,11896.75654
1.559876972,11910.9137
1.560571485,11906.12525
1.561265999,11916.8338
1.561960512,11952.67937
1.562655025,11977.71477
1.563349539,11974.64077
1.564044052,11951.34394
1.564738565,11941.56548
1.565433079,11927.89525
1.566127592,11926.69451
1.566822105,11938.88608
1.567516619,11959.47722
1.568211132,11948.49228
1.568905645,11965.60039
1.569600159,11963.53357
1.570294672,11957.70462
1.570989185,11976.2346
1.571683699,11984.1379
1.572378212,11992.17494
1.573072725,11964.02633
1.573767239,11957.98537
1.574461752,11949.79806
1.575156266,11915.90473
1.575850779,11910.296
1.576545292,11907.9131
1.577239806,11910.17011
1.577934319,11900.38491
1.578628832,11908.23922
1.579323346,11923.1022
1.580017859,11919.58257
1.580712372,11918.47749
1.581406886,11905.51246
1.582101399,11904.59202
1.582795912,11909.21305
1.583490426,11928.40316
1.584184939,11967.315
1.584879452,11943.51993
1.585573966,11945.1699
1.586268479,11939.44029
1.586962992,11957.33119
1.587657506,11965.53299
1.588352019,11958.77806
1.589046532,11924.33942
1.589741046,11946.92865
1.590435559,11942.30776
1.591130072,11967.26007
1.591824586,11968.68109
1.592519099,11967.14217
1.593213612,11963.14573
1.593908126,11936.18135
1.594602639,11898.08597
1.595297152,11897.36538
1.595991666,11856.88412
1.596686179,11849.81348
1.597380693,11859.51536
1.598075206,11837.62468
1.598769719,11835.73335
1.599464233,11843.52756
1.600158746,11870.40498
1.600853259,11874.82906
1.601547773,11903.5285
1.602242286,11956.22248
1.602936799,11957.92402
1.603631313,11935.53923
1.604325826,11906.26647
1.605020339,11924.09755
1.605714853,11929.35333
1.606409366,11964.59433
1.607103879,12001.82754
1.607798393,12002.50218
1.608492906,12011.13868
1.609187419,12015.46066
1.609881933,12029.46733
1.610576446,11995.39731
1.611270959,11965.45827
1.611965473,11952.68747
1.612659986,11966.70561
1.613354499,11951.8358
1.614049013,11956.93389
1.614743526,11981.09527
1.615438039,11949.30377
1.616132553,11930.95624
1.616827066,11928.64374
1.61752158,11954.04785
1.618216093,11938.93636
1.618910606,11936.05934
1.61960512,11935.61168
1.620299633,11939.54835
1.620994146,11946.7289
1.62168866,11978.72059
1.622383173,11972.32955
1.623077686,11999.35492
1.6237722,11988.39545
1.624466713,11979.15775
1.625161226,12010.08843
1.62585574,12000.12277
1.626550253,11992.65894
1.627244766,11957.88519
1.62793928,11969.92584
1.628633793,11941.66465
1.629328306,11936.32291
1.63002282,11943.2406
1.630717333,11973.99088
1.631411846,11977.84701
1.63210636,11946.70856
1.632800873,11978.07485
1.633495386,11954.93449
1.6341899,11974.33117
1.634884413,11983.44777
1.635578926,11936.4173
1.63627344,11937.97475
1.636967953,11958.06248
1.637662467,11943.80509
1.63835698,11955.51705
1.639051493,11959.8206
1.639746007,11957.43124
1.64044052,11997.24626
1.641135033,11993.01552
1.641829547,11977.79268
1.64252406,12026.90925
1.643218573,12024.37722
1.643913087,12007.08696
1.6446076,12033.05212
1.645302113,12073.12678
1.645996627,12064.42923
1.64669114,12053.36216
1.647385653,12045.61696
1.648080167,12015.59316
1.64877468,12013.83815
1.649469193,12006.70283
1.650163707,12016.88873
1.65085822,12001.6118
1.651552733,12017.42938
1.652247247,12028.38109
1.65294176,12030.2756
1.653636273,12007.70548
1.654330787,12007.21277
1.6550253,12012.56743
1.655719813,12019.12785
1.656414327,12022.03731
1.65710884,12006.43229
1.657803354,12017.90383
1.658497867,12022.60872
1.65919238,12010.08029
1.659886894,12001.60039
1.660581407,11960.37385
1.66127592,11978.12344
1.661970434,11984.85903
1.662664947,11979.9729
1.66335946,12013.00251
1.664053974,11992.0431
1.664748487,11990.72018
1.665443,11954.22219
1.666137514,11971.23551
1.666832027,11974.1806
1.66752654,11988.54308
1.668221054,11995.30192
1.668915567,11994.35594
1.66961008,12000.28152
1.670304594,12039.28657
1.670999107,12021.70716
1.67169362,12026.2338
1.672388134,12028.00134
1.673082647,11958.36155
1.67377716,12005.08449
1.674471674,12018.21682
1.675166187,11998.09615
1.6758607,11981.85545
1.676555214,11992.98515
1.677249727,11972.33117
1.677944241,11975.8992
1.678638754,11938.99273
1.679333267,11953.03217
1.680027781,11965.82518
1.680722294,11978.57011
1.681416807,11959.70738
1.682111321,11965.4914
1.682805834,12007.49112
1.683500347,11995.64872
1.684194861,11988.0198
1.684889374,12000.93345
1.685583887,12025.72099
1.686278401,12010.256
1.686972914,11994.96393
1.687667427,12009.95069
1.688361941,12027.64877
1.689056454,12044.16651
1.689750967,12021.09705
1.690445481,11997.92298
1.691139994,12011.11328
1.691834507,11989.8469
1.692529021,11998.82952
1.693223534,11963.33206
1.693918047,11978.19147
1.694612561,11991.77098
1.695307074,12003.6664
1.696001587,12034.57015
1.696696101,12014.14891
1.697390614,12015.14604
1.698085127,12019.86296
1.698779641,12055.07242
1.699474154,12049.85529
1.700168668,12043.56362
1.700863181,12030.48856
1.701557694,12024.20291
1.702252208,12013.55635
1.702946721,11998.85622
1.703641234,11986.99328
1.704335748,11974.65746
1.705030261,11973.88166
1.705724774,11963.27794
1.706419288,11959.29818
1.707113801,11985.26141
1.707808314,12017.01442
1.708502828,12008.71218
1.709197341,12024.32719
1.709891854,12021.42448
1.710586368,12055.61643
1.711280881,12015.3322
1.711975394,12013.9442
1.712669908,12038.44594
1.713364421,12034.34608
1.714058934,12008.21302
1.714753448,11985.93243
1.715447961,11961.15085
1.716142474,11980.97949
1.716836988,11993.18576
1.717531501,11958.5702
1.718226014,11952.61243
1.718920528,11964.59202
1.719615041,11983.28761
1.720309555,12003.04516
1.721004068,11988.53837
1.721698581,12031.123
1.722393095,12044.95184
1.723087608,12025.40787
1.723782121,12067.03858
1.724476635,12048.3644
1.725171148,12043.33664
1.725865661,12047.98893
1.726560175,12062.33089
1.727254688,12067.56337
1.727949201,12071.45487
1.728643715,12061.76836
1.729338228,12059.76437
1.730032741,12072.89919
1.730727255,12093.17577
1.731421768,12122.77636
1.732116281,12094.83377
1.732810795,12098.98513
1.733505308,12077.33634
1.734199821,12119.6034
1.734894335,12120.70034
1.735588848,12118.18229
1.736283361,12123.32261
1.736977875,12115.50805
1.737672388,12096.68256
1.738366901,12115.90414
1.739061415,12151.31387
1.739755928,12124.23766
1.740450442,12107.59372
1.741144955,12117.50894
1.741839468,12120.21844
1.742533982,12151.97086
1.743228495,12137.08619
1.743923008,12094.22422
1.744617522,12094.4906
1.745312035,12095.60063
1.746006548,12066.82955
1.746701062,12068.12261
1.747395575,12086.07699
1.748090088,12070.22338
1.748784602,12081.53611
1.749479115,12088.32277
1.750173628,12144.14095
1.750868142,12111.00043
1.751562655,12082.89413
1.752257168,12064.52
1.752951682,12037.67289
1.753646195,12001.61669
1.754340708,12021.89763
1.755035222,12041.13171
1.755729735,11999.01314
1.756424248,11976.01935
1.757118762,11945.64996
1.757813275,11905.57567
1.758507788,11916.69067
1.759202302,11870.91478
1.759896815,11883.66634
1.760591329,11868.80613
1.761285842,11876.23176
1.761980355,11889.33998
1.762674869,11870.48917
1.763369382,11861.59806
1.764063895,11890.17256
1.764758409,11885.26512
1.765452922,11870.72696
1.766147435,11850.71272
1.766841949,11859.37014
1.767536462,11860.16211
1.768230975,11866.36915
1.768925489,11878.70069
1.769620002,11864.08917
1.770314515,11855.4109
1.771009029,11834.00639
1.771703542,11803.11398
1.772398055,11820.05891
1.773092569,11855.65911
1.773787082,11876.41844
1.774481595,11921.44807
1.775176109,11912.04642
1.775870622,11947.3362
1.776565135,11921.90741
1.777259649,11912.76562
1.777954162,11909.8995
1.778648675,11919.81746
1.779343189,11926.85648
1.780037702,11938.85405
1.780732215,11910.04781
1.781426729,11919.67282
1.782121242,11917.15238
1.782815756,11894.36267
1.783510269,11867.15354
1.784204782,11889.75541
1.784899296,11870.92499
1.785593809,11842.35684
1.786288322,11838.3576
1.786982836,11846.14912
1.787677349,11805.86719
1.788371862,11771.23651
1.789066376,11810.8001
1.789760889,11815.84459
1.790455402,11806.54936
1.791149916,11818.27173
1.791844429,11816.60517
1.792538942,11825.71325
1.793233456,11849.54748
1.793927969,11839.58227
1.794622482,11828.19369
1.795316996,11846.67761
1.796011509,11857.36896
1.796706022,11839.5161
1.797400536,11856.19084
1.798095049,11830.31216
1.798789562,11831.2867
1.799484076,11855.30636
1.800178589,11879.54724
1.800873102,11916.32474
1.801567616,11923.82104
1.802262129,11908.54209
1.802956643,11911.43012
1.803651156,11926.50807
1.804345669,11919.58931
1.805040183,11886.42002
1.805734696,11908.95198
1.806429209,11871.22787
1.807123723,11868.25273
1.807818236,11857.76019
1.808512749,11875.88177
1.809207263,11886.21784
1.809901776,11876.77876
1.810596289,11869.16402
1.811290803,11915.82694
1.811985316,11904.59304
1.812679829,11924.30344
1.813374343,11928.88483
1.814068856,11881.89331
1.814763369,11893.32286
1.815457883,11867.10049
1.816152396,11858.41549
1.816846909,11865.09219
1.817541423,11859.32678
1.818235936,11891.48892
1.818930449,11890.56771
1.819624963,11903.94125
1.820319476,11881.25929
1.821013989,11895.37134
1.821708503,11931.00541
1.822403016,11919.42455
1.82309753,11906.25421
1.823792043,11930.73092
1.824486556,11920.22539
1.82518107,11907.48464
1.825875583,11907.8756
1.826570096,11940.38554
1.82726461,11954.76975
1.827959123,11943.02975
1.828653636,11954.2055
1.82934815,11956.98037
1.830042663,11943.9714
1.830737176,11922.85428
1.83143169,11951.75905
1.832126203,11987.5007
1.832820716,11989.91426
1.83351523,11993.62304
1.834209743,11973.86305
1.834904256,11980.45025
1.83559877,11958.20063
1.836293283,11975.10723
1.836987796,11997.85459
1.83768231,12006.49954
1.838376823,11989.2783
1.839071336,12007.19633
1.83976585,12006.47631
1.840460363,11978.08084
1.841154876,11984.9248
1.84184939,12010.55713
1.842543903,12072.18562
1.843238417,12068.25075
1.84393293,12070.95069
1.844627443,12063.25447
1.845321957,12070.61198
1.84601647,12076.0194
1.846710983,12037.21161
1.847405497,12037.96165
1.84810001,12050.01176
1.848794523,12074.30339
1.849489037,12096.08914
1.85018355,12111.09174
1.850878063,12125.65329
1.851572577,12113.42185
1.85226709,12088.19463
1.852961603,12076.91581
1.853656117,12069.21708
1.85435063,12045.45768
1.855045143,12053.35457
1.855739657,12065.55572
1.85643417,12086.40081
1.857128683,12060.43125
1.857823197,12067.19571
1.85851771,12035.02052
1.859212223,12029.76476
1.859906737,12056.46875
1.86060125,12030.27228
1.861295763,12049.55266
1.861990277,12056.03061
1.86268479,12071.1456
1.863379304,12093.85271
1.864073817,12126.04342
1.86476833,12106.83328
1.865462844,12145.61065
1.866157357,12131.18635
1.86685187,12118.69269
1.867546384,12131.05236
1.868240897,12144.68787
1.86893541,12131.60825
1.869629924,12112.62579
1.870324437,12118.1524
1.87101895,12139.66545
1.871713464,12083.04253
1.872407977,12092.15576
1.87310249,12075.74164
1.873797004,12081.37056
1.874491517,12060.09732
1.87518603,12088.21588
1.875880544,12069.06946
1.876575057,12020.08417
1.87726957,12040.78155
1.877964084,12005.19145
1.878658597,12024.76198
1.87935311,12026.95295
1.880047624,12055.68042
1.880742137,12044.41601
1.88143665,12096.61949
1.882131164,12121.21573
1.882825677,12160.05283
1.88352019,12156.23428
1.884214704,12173.40112
1.884909217,12141.79357
1.885603731,12160.43646
1.886298244,12144.29574
1.886992757,12139.13803
1.887687271,12148.7495
1.888381784,12140.68955
1.889076297,12119.09342
1.889770811,12124.59357
1.890465324,12091.90644
1.891159837,12105.84915
1.891854351,12104.67239
1.892548864,12067.67812
1.893243377,12089.41478
1.893937891,12092.0999
1.894632404,12094.14715
1.895326917,12105.31918
1.896021431,12092.39535
1.896715944,12089.74887
1.897410457,12101.03088
1.898104971,12124.45534
1.898799484,12110.3368
1.899493997,12100.77655
1.900188511,12108.54194
1.900883024,12111.22826
1.901577537,12120.9168
1.902272051,12120.46606
1.902966564,12123.84286
1.903661077,12134.0222
1.904355591,12124.97927
1.905050104,12089.19907
1.905744618,12033.35527
1.906439131,12032.52515
1.907133644,12045.81032
1.907828158,12067.78486
1.908522671,12046.74361
1.909217184,12038.30741
1.909911698,11991.06398
1.910606211,11972.29875
1.911300724,11944.01239
1.911995238,11945.84873
1.912689751,11971.54672
1.913384264,11960.1593
1.914078778,11983.82121
1.914773291,11996.497
1.915467804,11986.09373
1.916162318,11999.4154
1.916856831,11985.89367
1.917551344,11978.37875
1.918245858,11979.53786
1.918940371,11968.94557
1.919634884,11983.94305
1.920329398,11997.0774
1.921023911,11968.50033
1.921718424,11970.32487
1.922412938,11977.11643
1.923107451,12035.63343
1.923801964,12040.84026
1.924496478,12052.39387
1.925190991,12052.08051
1.925885505,12012.94788
1.926580018,12016.01246
1.927274531,12000.9212
1.927969045,11978.32844
1.928663558,11972.20149
1.929358071,11974.28842
1.930052585,11978.84487
1.930747098,11982.45688
1.931441611,11984.59955
1.932136125,11984.53408
1.932830638,11990.87359
1.933525151,11982.15743
1.934219665,11956.49186
1.934914178,11914.5607
1.935608691,11912.82997
1.936303205,11926.21743
1.936997718,11911.48215
1.937692231,11937.64235
1.938386745,11888.61318
1.939081258,11910.24552
1.939775771,11904.3
1.940470285,11907.29996
1.941164798,11929.33848
1.941859311,11889.91233
1.942553825,11913.7146
1.943248338,11942.61788
1.943942851,11950.61834
1.944637365,11956.36399
1.945331878,11939.27442
1.946026392,11955.09083
1.946720905,11965.64646
1.947415418,11918.08294
1.948109932,11950.91944
1.948804445,11980.81881
1.949498958,11985.53767
1.950193472,11999.67525
1.950887985,12011.86205
1.951582498,12066.3792
1.952277012,12071.4835
1.952971525,12073.14746
1.953666038,12085.12063
1.954360552,12080.1216
1.955055065,12087.45729
1.955749578,12111.07357
1.956444092,12105.93819
1.957138605,12086.37156
1.957833118,12063.94386
1.958527632,12057.86729
1.959222145,12083.52713
1.959916658,12075.12323
1.960611172,12059.08762
1.961305685,12084.82289
1.962000198,12055.90083
1.962694712,12085.73627
1.963389225,12092.62802
1.964083738,12108.2129
1.964778252,12110.64475
1.965472765,12120.30391
1.966167278,12104.13597
1.966861792,12118.77806
1.967556305,12152.41446
1.968250819,12147.92006
1.968945332,12154.98379
1.969639845,12167.26601
1.970334359,12170.49809
1.971028872,12187.99337
1.971723385,12175.16705
1.972417899,12180.61573
1.973112412,12165.29814
1.973806925,12181.73026
1.974501439,12160.6633
1.975195952,12165.5537
1.975890465,12129.68401
1.976584979,12135.84336
1.977279492,12138.35055
1.977974005,12138.55013
1.978668519,12128.27048
1.979363032,12153.80726
1.980057545,12192.57763
1.980752059,12231.10954
1.981446572,12206.20124
1.982141085,12188.50499
1.982835599,12212.86525
1.983530112,12204.12411
1.984224625,12207.05846
1.984919139,12193.95139
1.985613652,12202.43806
1.986308165,12194.22489
1.987002679,12172.06944
1.987697192,12159.27361
1.988391706,12137.66126
1.989086219,12148.00562
1.989780732,12156.98471
1.990475246,12132.60778
1.991169759,12128.07816
1.991864272,12127.597
1.992558786,12157.36011
1.993253299,12187.44169
1.993947812,12162.63586
1.994642326,12195.10643
1.995336839,12186.62213
1.996031352,12195.19527
1.996725866,12170.47502
1.997420379,12154.91456
1.998114892,12157.51018
1.998809406,12141.61731
1.999503919,12142.07989
2.000198432,12148.39323
2.000892946,12127.65518
2.001587459,12131.74755
2.002281972,12133.1113
2.002976486,12116.99634
2.003670999,12120.03827
2.004365512,12147.58315
2.005060026,12146.02244
2.005754539,12160.40711
2.006449052,12136.15931
2.007143566,12155.74393
2.007838079,12198.47633
2.008532593,12211.75767
2.009227106,12191.54766
2.009921619,12168.75872
2.010616133,12131.60343
2.011310646,12114.91417
2.012005159,12092.81443
2.012699673,12070.575
2.013394186,12057.04739
2.014088699,12036.47551
2.014783213,12040.10025
2.015477726,12037.46716
2.016172239,12004.28204
2.016866753,12036.71554
2.017561266,12035.29359
2.018255779,12036.77261
2.018950293,12022.43378
2.019644806,12040.15061
2.020339319,12033.78354
2.021033833,12071.84975
2.021728346,12076.78472
2.022422859,12051.22534
2.023117373,12059.43089
2.023811886,12046.29803
2.024506399,12027.00897
2.025200913,12007.63889
2.025895426,12013.49057
2.026589939,12038.82402
2.027284453,12022.33026
2.027978966,12002.27728
2.02867348,11991.99172
2.029367993,11983.53218
2.030062506,11970.63094
2.03075702,11984.44817
2.031451533,11993.22586
2.032146046,12004.0811
2.03284056,12028.02842
2.033535073,12029.03966
2.034229586,12016.82164
2.0349241,12031.39207
2.035618613,12041.49088
2.036313126,12047.95783
2.03700764,12039.98373
2.037702153,12037.54761
2.038396666,12008.55599
2.03909118,12000.95331
2.039785693,11988.02014
2.040480206,11926.70154
2.04117472,11916.7385
2.041869233,11885.42321
2.042563746,11841.92912
2.04325826,11892.11603
2.043952773,11921.12191
2.044647286,11920.32908
2.0453418,11933.43253
2.046036313,11893.27619
2.046730826,11924.72028
2.04742534,11941.74582
2.048119853,11915.82448
2.048814367,11929.38679
2.04950888,11930.0237
2.050203393,11926.34596
2.050897907,11939.44503
2.05159242,11933.55537
2.052286933,11921.20452
2.052981447,11919.73621
2.05367596,11915.97427
2.054370473,11913.83256
2.055064987,11913.97591
2.0557595,11951.90049
2.056454013,11934.65174
2.057148527,11918.14612
2.05784304,11903.53244
2.058537553,11899.5346
2.059232067,11929.05988
2.05992658,11946.48764
2.060621093,11953.68248
2.061315607,11908.24743
2.06201012,11902.39202
2.062704633,11894.67899
2.063399147,11876.50512
2.06409366,11867.02465
2.064788173,11903.39319
2.065482687,11883.88356
2.0661772,11902.64186
2.066871713,11865.4936
2.067566227,11873.34308
2.06826074,11886.34724
2.068955253,11877.73535
2.069649767,11858.9686
2.07034428,11836.81097
2.071038794,11857.15934
2.071733307,11876.23796
2.07242782,11891.17196
2.073122334,11852.86256
2.073816847,11838.79566
2.07451136,11832.04926
2.075205874,11833.401
2.075900387,11801.53562
2.0765949,11783.99409
2.077289414,11768.10787
2.077983927,11796.57969
2.07867844,11825.12696
2.079372954,11855.09246
2.080067467,11867.55667
2.08076198,11853.40358
2.081456494,11837.31949
2.082151007,11824.65046
2.08284552,11833.2427
2.083540034,11832.74981
2.084234547,11846.8828
2.08492906,11825.23321
2.085623574,11815.05817
2.086318087,11788.92178
2.0870126,11758.77304
2.087707114,11741.80574
2.088401627,11772.30104
2.08909614,11783.00186
2.089790654,11751.38172
2.090485167,11738.85686
2.091179681,11777.64583
2.091874194,11797.22731
2.092568707,11800.19063
2.093263221,11803.01181
2.093957734,11786.12097
2.094652247,11776.1795
2.095346761,11783.57305
2.096041274,11800.17929
2.096735787,11809.24561
2.097430301,11813.93367
2.098124814,11824.51051
2.098819327,11768.63005
2.099513841,11786.05499
2.100208354,11771.51427
2.100902867,11754.68588
2.101597381,11744.14157
2.102291894,11751.65909
2.102986407,11759.56112
2.103680921,11765.02356
2.104375434,11793.01841
2.105069947,11784.71388
2.105764461,11770.33167
2.106458974,11784.32386
2.107153487,11784.68956
2.107848001,11781.88509
2.108542514,11794.19486
2.109237027,11773.51644
2.109931541,11749.57247
2.110626054,11755.72931
2.111320568,11785.48028
2.112015081,11784.92069
2.112709594,11822.25417
2.113404108,11813.84536
2.114098621,11777.75899
2.114793134,11817.74038
2.115487648,11850.47923
2.116182161,11828.16988
2.116876674,11804.1861
2.117571188,11807.44645
2.118265701,11812.91012
2.118960214,11826.95934
2.119654728,11844.21478
2.120349241,11834.96916
2.121043754,11834.72893
2.121738268,11838.81942
2.122432781,11820.56431
2.123127294,11838.69641
2.123821808,11885.18941
2.124516321,11895.88073
2.125210834,11905.87663
2.125905348,11901.94082
2.126599861,11933.67173
2.127294374,11964.94128
2.127988888,11984.74852
2.128683401,11965.56682
2.129377914,11963.23478
2.130072428,11918.76508
2.130766941,11871.61784
2.131461455,11908.5547
2.132155968,11893.20507
2.132850481,11920.27283
2.133544995,11929.50016
2.134239508,11911.71509
2.134934021,11913.53966
2.135628535,11918.70336
2.136323048,11913.68126
2.137017561,11879.32717
2.137712075,11861.48305
2.138406588,11865.73601
2.139101101,11870.96641
2.139795615,11892.46313
2.140490128,11876.07536
2.141184641,11881.33799
2.141879155,11879.72958
2.142573668,11852.37755
2.143268181,11834.39154
2.143962695,11828.18825
2.144657208,11796.5112
2.145351721,11793.22218
2.146046235,11815.34413
2.146740748,11845.69751
2.147435261,11850.67352
2.148129775,11877.04871
2.148824288,11925.91568
2.149518801,11943.28667
2.150213315,11970.98146
2.150907828,11969.24559
2.151602342,11935.2928
2.152296855,11913.7594
2.152991368,11933.41527
2.153685882,11939.62905
2.154380395,11964.50107
2.155074908,11969.44103
2.155769422,11969.03108
2.156463935,11993.03899
2.157158448,12004.71222
2.157852962,11976.06742
2.158547475,12029.72808
2.159241988,12030.5918
2.159936502,11998.3697
2.160631015,12009.91053
2.161325528,12036.52331
2.162020042,12082.35018
2.162714555,12092.52366
2.163409068,12104.97096
2.164103582,12114.65053
2.164798095,12127.48959
2.165492608,12140.96612
2.166187122,12129.17518
2.166881635,12125.55447
2.167576148,12168.01572
2.168270662,12186.48837
2.168965175,12208.14605
2.169659688,12238.8291
2.170354202,12234.63933
2.171048715,12217.33856
2.171743228,12186.57919
2.172437742,12228.31589
2.173132255,12237.16797
2.173826769,12251.64583
2.174521282,12275.3987
2.175215795,12273.60248
2.175910309,12301.15371
2.176604822,12327.48709
2.177299335,12296.76206
2.177993849,12315.24011
2.178688362,12346.29355
2.179382875,12348.04008
2.180077389,12357.83848
2.180771902,12337.85091
2.181466415,12323.18938
2.182160929,12334.54325
2.182855442,12347.02674
2.183549955,12358.62524
2.184244469,12320.08658
2.184938982,12330.24784
2.185633495,12338.06153
2.186328009,12360.37969
2.187022522,12367.84618
2.187717035,12323.39548
2.188411549,12323.09073
2.189106062,12304.37803
2.189800575,12342.48871
2.190495089,12323.28217
2.191189602,12294.86166
2.191884115,12261.27126
2.192578629,12289.74777
2.193273142,12277.1367
2.193967656,12262.17425
2.194662169,12251.55539
2.195356682,12241.18272
2.196051196,12246.35086
2.196745709,12231.09144
2.197440222,12214.58635
2.198134736,12193.69262
2.198829249,12185.83595
2.199523762,12225.20474
2.200218276,12216.1931
2.200912789,12186.28979
2.201607302,12189.35325
2.202301816,12176.53543
2.202996329,12164.59935
2.203690842,12145.88693
2.204385356,12167.41103
2.205079869,12158.50926
2.205774382,12137.35958
2.206468896,12135.55261
2.207163409,12124.91118
2.207857922,12118.16394
2.208552436,12130.44364
2.209246949,12100.23228
2.209941462,12130.59087
2.210635976,12095.78849
2.211330489,12093.86855
2.212025002,12090.30448
2.212719516,12106.50538
2.213414029,12122.87122
2.214108543,12106.28029
2.214803056,12091.34009
2.215497569,12096.12207
2.216192083,12076.06215
2.216886596,12097.55481
2.217581109,12099.5326
2.218275623,12114.48148
2.218970136,12100.46538
2.219664649,12087.85227
2.220359163,12125.14781
2.221053676,12096.2705
2.221748189,12090.21765
2.222442703,12082.70267
2.223137216,12092.67352
2.223831729,12081.62492
2.224526243,12109.69898
2.225220756,12078.30723
2.225915269,12082.01943
2.226609783,12035.06058
2.227304296,11997.54723
2.227998809,12050.93533
2.228693323,12014.39674
2.229387836,12037.61992
2.230082349,12027.82997
2.230776863,12026.4056
2.231471376,12046.55525
2.232165889,12040.7351
2.232860403,12020.3611
2.233554916,11969.73318
2.23424943,12024.36352
2.234943943,12011.97418
2.235638456,12011.16509
2.23633297,11997.76841
2.237027483,12032.14291
2.237721996,12033.19169
2.23841651,12012.64242
2.239111023,12020.05329
2.239805536,12021.64779
2.24050005,12002.72063
2.241194563,11978.57082
2.241889076,11971.35616
2.24258359,11963.97034
2.243278103,11921.85134
2.243972616,11937.62397
2.24466713,11941.20616
2.245361643,11938.39046
2.246056156,11946.67806
2.24675067,11960.22353
2.247445183,11993.0828
2.248139696,12006.46955
2.24883421,11984.42131
2.249528723,12007.3603
2.250223236,12000.48108
2.25091775,12024.84818
2.251612263,12049.29051
2.252306776,12060.17797
2.25300129,12024.02338
2.253695803,12032.59523
2.254390316,12044.76041
2.25508483,12020.64622
2.255779343,12031.63908
2.256473857,12075.79019
2.25716837,12053.07673
2.257862883,12050.81359
2.258557397,12054.83352
2.25925191,12080.42122
2.259946423,12103.85187
2.260640937,12130.58604
2.26133545,12128.97377
2.262029963,12121.98673
2.262724477,12120.13542
2.26341899,12105.06542
2.264113503,12102.62732
2.264808017,12090.15862
2.26550253,12084.96559
2.266197043,12120.73755
2.266891557,12105.62755
2.26758607,12130.79514
2.268280583,12083.31912
2.268975097,12044.67678
2.26966961,12031.70226
2.270364123,12017.66535
2.271058637,12024.4355
2.27175315,12025.07908
2.272447663,12062.43592
2.273142177,12065.2438
2.27383669,12045.13706
2.274531203,12040.73582
2.275225717,12026.28738
2.27592023,12050.44619
2.276614744,12023.95758
2.277309257,12064.75183
2.27800377,12106.32268
2.278698284,12063.35787
2.279392797,12064.0541
2.28008731,12039.10529
2.280781824,12062.00225
2.281476337,12038.82437
2.28217085,12052.96584
2.282865364,12019.69616
2.283559877,12003.07229
2.28425439,11984.76405
2.284948904,11982.03854
2.285643417,11946.60368
2.28633793,11979.16631
2.287032444,11979.83529
2.287726957,11954.51919
2.28842147,11999.94632
2.289115984,11986.59562
2.289810497,11985.57308
2.29050501,12008.44605
2.291199524,11988.32172
2.291894037,11962.59203
2.29258855,11980.2895
2.293283064,12011.11696
2.293977577,12006.13905
2.29467209,12007.81007
2.295366604,12024.63898
2.296061117,12026.72706
2.296755631,12061.0529
2.297450144,12101.70738
2.298144657,12129.5304
2.298839171,12136.50412
2.299533684,12152.95674
2.300228197,12134.66846
2.300922711,12124.08762
2.301617224,12102.62258
2.302311737,12112.78073
2.303006251,12141.36498
2.303700764,12129.17707
2.304395277,12132.62875
2.305089791,12110.44287
2.305784304,12130.30638
2.306478817,12158.8683
2.307173331,12133.41624
2.307867844,12162.08208
2.308562357,12129.52962
2.309256871,12161.91642
2.309951384,12178.05662
2.310645897,12181.44063
2.311340411,12195.97074
2.312034924,12185.69413
2.312729437,12195.43332
2.313423951,12181.10045
2.314118464,12170.98553
2.314812977,12205.02678
2.315507491,12231.17842
2.316202004,12225.31829
2.316896518,12234.44744
2.317591031,12278.38899
2.318285544,12290.14991
2.318980058,12272.56094
2.319674571,12256.23435
2.320369084,12220.69278
2.321063598,12237.65145
2.321758111,12252.99695
2.322452624,12247.28057
2.323147138,12281.41216
2.323841651,12271.29192
2.324536164,12289.33811
2.325230678,12265.33352
2.325925191,12251.53864
2.326619704,12249.58837
2.327314218,12224.16748
2.328008731,12218.28944
2.328703244,12227.20522
2.329397758,12218.84813
2.330092271,12222.05051
2.330786784,12256.05852
2.331481298,12249.62255
2.332175811,12237.07756
2.332870324,12221.47921
2.333564838,12158.74982
2.334259351,12146.96731
2.334953864,12155.69618
2.335648378,12138.85167
2.336342891,12112.50898
2.337037405,12116.36516
2.337731918,12095.57624
2.338426431,12084.09634
2.339120945,12099.86998
2.339815458,12091.24643
2.340509971,12076.07645
2.341204485,12068.30989
2.341898998,12042.38471
2.342593511,12054.76223
2.343288025,12060.77954
2.343982538,12049.48571
2.344677051,12072.6023
2.345371565,12068.7942
2.346066078,12046.23682
2.346760591,12060.89819
2.347455105,12075.76885
2.348149618,12053.90843
2.348844131,12047.08845
2.349538645,12026.87856
2.350233158,12032.53495
2.350927671,12014.87531
2.351622185,12024.23836
2.352316698,12026.64277
2.353011211,12043.42544
2.353705725,12032.67244
2.354400238,12009.69561
2.355094751,12032.65897
2.355789265,12021.90089
2.356483778,11976.29451
2.357178291,11962.19335
2.357872805,11967.4235
2.358567318,12004.52096
2.359261832,12004.7903
2.359956345,12019.01187
2.360650858,12034.59349
2.361345372,12030.02878
2.362039885,12054.71804
2.362734398,12101.73297
2.363428912,12111.214
2.364123425,12058.58408
2.364817938,12057.07426
2.365512452,12049.59403
2.366206965,12101.57823
2.366901478,12077.82082
2.367595992,12066.66938
2.368290505,12120.2156
2.368985018,12105.45397
2.369679532,12091.60242
2.370374045,12069.85607
2.371068558,12050.74899
2.371763072,12083.10895
2.372457585,12079.66823
2.373152098,12073.8455
2.373846612,12095.04363
2.374541125,12085.89182
2.375235638,12060.0978
2.375930152,12054.84997
2.376624665,12064.60056
2.377319178,12070.08393
2.378013692,12083.47047
2.378708205,12127.7633
2.379402719,12182.53492
2.380097232,12148.93819
2.380791745,12155.05337
2.381486259,12170.72189
2.382180772,12176.62888
2.382875285,12145.27176
2.383569799,12176.91963
2.384264312,12141.02851
2.384958825,12083.4644
2.385653339,12089.28675
2.386347852,12075.91443
2.387042365,12063.33024
2.387736879,12043.43616
2.388431392,12019.1708
2.389125905,12021.26576
2.389820419,12018.44626
2.390514932,12029.50488
2.391209445,12057.67617
2.391903959,12079.96911
2.392598472,12082.54377
2.393292985,12052.8493
2.393987499,12040.20483
2.394682012,11995.01481
2.395376525,11986.04284
2.396071039,11981.90878
2.396765552,11954.96786
2.397460065,11962.54371
2.398154579,11962.78956
2.398849092,11971.68542
2.399543606,11994.87114
2.400238119,11958.40503
2.400932632,11931.0744
2.401627146,11915.37835
2.402321659,11902.66388
2.403016172,11911.18681
2.403710686,11898.82108
2.404405199,11876.41828
2.405099712,11889.59456
2.405794226,11895.45071
2.406488739,11912.34517
2.407183252,11910.57599
2.407877766,11871.26294
2.408572279,11870.83156
2.409266792,11864.37891
2.409961306,11855.8772
2.410655819,11859.12513
2.411350332,11880.5473
2.412044846,11906.54858
2.412739359,11904.30183
2.413433872,11908.06074
2.414128386,11911.40869
2.414822899,11896.7156
2.415517412,11903.39828
2.416211926,11913.55843
2.416906439,11930.05558
2.417600952,11913.23125
2.418295466,11920.47554
2.418989979,11920.90086
2.419684493,11882.28063
2.420379006,11881.78547
2.421073519,11856.1955
2.421768033,11837.07232
2.422462546,11806.32256
2.423157059,11776.09491
2.423851573,11747.47101
2.424546086,11754.12551
2.425240599,11716.55541
2.425935113,11762.9433
2.426629626,11773.72526
2.427324139,11782.95794
2.428018653,11805.79182
2.428713166,11819.59522
2.429407679,11822.48143
2.430102193,11818.04124
2.430796706,11835.43069
2.431491219,11821.98984
2.432185733,11800.76663
2.432880246,11813.02511
2.433574759,11762.41805
2.434269273,11782.76141
2.434963786,11792.52919
2.435658299,11782.06878
2.436352813,11740.41163
2.437047326,11741.94366
2.437741839,11726.27915
2.438436353,11727.03501
2.439130866,11743.22541
2.43982538,11750.42724
2.440519893,11714.36936
2.441214406,11690.53058
2.44190892,11675.82785
2.442603433,11682.25877
2.443297946,11694.82344
2.44399246,11717.29645
2.444686973,11719.49409
2.445381486,11726.78393
2.446076,11718.12826
2.446770513,11748.93365
2.447465026,11728.536
2.44815954,11754.08489
2.448854053,11756.60543
2.449548566,11719.74005
2.45024308,11692.34176
2.450937593,11695.38436
2.451632106,11729.83541
2.45232662,11772.65545
2.453021133,11791.79814
2.453715646,11766.80811
2.45441016,11812.52262
2.455104673,11818.98106
2.455799186,11799.74216
2.4564937,11846.07146
2.457188213,11830.67494
2.457882726,11819.19938
2.45857724,11826.98134
2.459271753,11830.3341
2.459966266,11821.52582
2.46066078,11820.527
2.461355293,11780.64967
2.462049807,11781.15318
2.46274432,11782.45217
2.463438833,11789.77662
2.464133347,11766.33878
2.46482786,11774.17621
2.465522373,11786.2267
2.466216887,11822.38293
2.4669114,11862.04089
2.467605913,11874.86633
2.468300427,11867.12414
2.46899494,11856.32851
2.469689453,11880.13335
2.470383967,11839.18942
2.47107848,11837.32288
2.471772993,11865.15262
2.472467507,11841.1253
2.47316202,11837.17642
2.473856533,11844.83735
2.474551047,11858.62932
2.47524556,11869.27635
2.475940073,11868.42681
2.476634587,11879.64907
2.4773291,11900.4326
2.478023613,11870.55606
2.478718127,11883.38915
2.47941264,11892.64795
2.480107153,11894.43504
2.480801667,11876.53842
2.48149618,11861.83308
2.482190694,11868.50853
2.482885207,11831.37531
2.48357972,11835.91296
2.484274234,11820.27226
2.484968747,11815.20065
2.48566326,11825.11714
2.486357774,11847.34786
2.487052287,11816.90555
2.4877468,11811.91972
2.488441314,11834.81108
2.489135827,11816.19947
2.48983034,11820.97526
2.490524854,11827.5522
2.491219367,11833.16119
2.49191388,11803.76844
2.492608394,11831.25984
2.493302907,11826.70142
2.49399742,11812.60511
2.494691934,11782.80352
2.495386447,11757.78374
2.49608096,11779.91479
2.496775474,11722.27063
2.497469987,11740.05126
2.4981645,11752.80133
2.498859014,11756.03283
2.499553527,11749.40366
2.50024804,11738.98106
2.500942554,11727.73291
2.501637067,11758.99544
2.502331581,11754.62109
2.503026094,11724.20201
2.503720607,11745.36977
2.504415121,11714.32732
2.505109634,11717.58186
2.505804147,11754.88829
2.506498661,11781.29201
2.507193174,11790.20584
2.507887687,11805.72922
2.508582201,11836.03127
2.509276714,11812.30237
2.509971227,11791.53604
2.510665741,11769.57843
2.511360254,11774.0297
2.512054767,11768.52505
2.512749281,11734.37703
2.513443794,11734.01029
2.514138307,11724.48845
2.514832821,11750.89134
2.515527334,11783.23232
2.516221847,11807.22484
2.516916361,11857.52034
2.517610874,11840.1243
2.518305387,11849.54243
2.518999901,11877.04817
2.519694414,11883.94083
2.520388927,11865.45871
2.521083441,11843.92307
2.521777954,11832.62822
2.522472468,11835.11024
2.523166981,11845.89513
2.523861494,11851.98452
2.524556008,11817.30945
2.525250521,11811.24414
2.525945034,11820.99138
2.526639548,11823.82679
2.527334061,11799.77268
2.528028574,11781.01634
2.528723088,11801.15401
2.529417601,11799.41966
2.530112114,11756.59229
2.530806628,11731.45051
2.531501141,11688.20018
2.532195654,11679.17753
2.532890168,11657.24562
2.533584681,11689.08515
2.534279194,11693.91986
2.534973708,11704.49475
2.535668221,11684.10124
2.536362734,11715.02876
2.537057248,11714.73639
2.537751761,11712.04734
2.538446274,11697.35535
2.539140788,11661.11019
2.539835301,11665.14892
2.540529814,11661.77954
2.541224328,11649.10268
2.541918841,11643.34975
2.542613354,11680.20417
2.543307868,11662.84133
2.544002381,11672.96434
2.544696895,11633.02914
2.545391408,11605.0085
2.546085921,11635.37658
2.546780435,11656.35732
2.547474948,11676.91376
2.548169461,11655.87551
2.548863975,11673.16189
2.549558488,11660.96144
2.550253001,11659.01624
2.550947515,11661.80852
2.551642028,11687.98283
2.552336541,11680.08827
2.553031055,11704.85952
2.553725568,11675.24599
2.554420081,11680.10961
2.555114595,11671.61406
2.555809108,11678.61918
2.556503621,11704.83934
2.557198135,11668.90344
2.557892648,11665.19562
2.558587161,11659.51069
2.559281675,11656.22331
2.559976188,11672.85586
2.560670701,11685.86954
2.561365215,11688.97072
2.562059728,11723.04135
2.562754241,11746.80054
2.563448755,11722.20038
2.564143268,11723.23286
2.564837782,11709.10191
2.565532295,11697.94465
2.566226808,11742.8924
2.566921322,11749.12912
2.567615835,11672.27116
2.568310348,11638.22706
2.569004862,11678.76983
2.569699375,11659.80435
2.570393888,11647.70162
2.571088402,11666.21046
2.571782915,11663.9481
2.572477428,11653.99349
2.573171942,11656.92076
2.573866455,11656.57869
2.574560968,11684.86986
2.575255482,11706.003
2.575949995,11704.78921
2.576644508,11690.14154
2.577339022,11705.50818
2.578033535,11688.82174
2.578728048,11676.32323
2.579422562,11664.43062
2.580117075,11682.86646
2.580811588,11659.53859
2.581506102,11675.17513
2.582200615,11716.35581
2.582895128,11707.81094
2.583589642,11696.5358
2.584284155,11735.1249
2.584978669,11704.2751
2.585673182,11675.54032
2.586367695,11690.19951
2.587062209,11702.93405
2.587756722,11695.69351
2.588451235,11706.43322
2.589145749,11711.9682
2.589840262,11680.4546
2.590534775,11686.24101
2.591229289,11675.22436
2.591923802,11669.65776
2.592618315,11654.96454
2.593312829,11658.80032
2.594007342,11666.54194
2.594701855,11684.078
2.595396369,11631.23681
2.596090882,11653.05201
2.596785395,11666.46049
2.597479909,11678.11927
2.598174422,11666.01607
2.598868935,11677.04394
2.599563449,11666.40537
2.600257962,11662.91296
2.600952475,11664.86651
2.601646989,11675.91607
2.602341502,11686.55566
2.603036015,11710.83842
2.603730529,11719.1858
2.604425042,11719.65217
2.605119556,11712.76775
2.605814069,11717.57695
2.606508582,11699.67891
2.607203096,11691.5455
2.607897609,11673.6519
2.608592122,11693.90799
2.609286636,11676.62961
2.609981149,11652.20891
2.610675662,11680.56791
2.611370176,11669.12147
2.612064689,11657.79414
2.612759202,11645.65105
2.613453716,11687.05348
2.614148229,11694.97701
2.614842742,11664.28563
2.615537256,11639.89464
2.616231769,11643.10323
2.616926282,11644.66375
2.617620796,11610.58944
2.618315309,11616.34487
2.619009822,11622.9658
2.619704336,11645.32034
2.620398849,11605.56981
2.621093362,11600.54185
2.621787876,11604.05629
2.622482389,11609.88505
2.623176902,11601.49601
2.623871416,11593.96156
2.624565929,11602.21201
2.625260443,11624.36034
2.625954956,11641.01832
2.626649469,11630.40815
2.627343983,11658.80826
2.628038496,11696.25483
2.628733009,11712.52641
2.629427523,11742.99015
2.630122036,11734.51881
2.630816549,11732.93722
2.631511063,11730.73312
2.632205576,11705.62115
2.632900089,11745.38429
2.633594603,11751.80163
2.634289116,11716.89647
2.634983629,11711.99471
2.635678143,11729.49104
2.636372656,11715.23301
2.637067169,11664.24018
2.637761683,11675.77939
2.638456196,11649.4481
2.639150709,11685.14453
2.639845223,11699.39817
2.640539736,11708.13045
2.641234249,11719.64275
2.641928763,11706.1909
2.642623276,11700.26367
2.643317789,11739.86026
2.644012303,11724.19269
2.644706816,11715.47124
2.645401329,11710.19741
2.646095843,11692.81313
2.646790356,11674.04337
2.64748487,11667.1357
2.648179383,11707.6152
2.648873896,11730.46327
2.64956841,11734.02076
2.650262923,11753.36628
2.650957436,11789.80185
2.65165195,11806.16958
2.652346463,11797.11248
2.653040976,11780.82142
2.65373549,11797.39173
2.654430003,11789.66201
2.655124516,11763.84415
2.65581903,11740.98697
2.656513543,11731.67052
2.657208056,11728.74014
2.65790257,11730.74281
2.658597083,11710.89855
2.659291596,11698.6404
2.65998611,11724.30943
2.660680623,11739.5558
2.661375136,11772.14723
2.66206965,11776.6336
2.662764163,11784.90064
2.663458676,11811.1423
2.66415319,11834.54021
2.664847703,11821.48965
2.665542216,11798.71703
2.66623673,11806.95279
2.666931243,11811.69106
2.667625757,11841.49639
2.66832027,11827.11608
2.669014783,11812.36295
2.669709297,11791.18469
2.67040381,11811.27215
2.671098323,11852.38245
2.671792837,11829.94133
2.67248735,11843.26087
2.673181863,11877.70286
2.673876377,11895.21455
2.67457089,11900.59979
2.675265403,11852.86265
2.675959917,11794.44711
2.67665443,11794.82908
2.677348943,11825.2906
2.678043457,11805.68371
2.67873797,11800.73809
2.679432483,11772.88779
2.680126997,11812.19838
2.68082151,11809.94874
2.681516023,11838.86728
2.682210537,11816.92248
2.68290505,11819.51477
2.683599563,11808.07482
2.684294077,11829.50409
2.68498859,11845.71166
2.685683103,11827.11985
2.686377617,11850.29953
2.68707213,11889.7524
2.687766644,11867.33771
2.688461157,11873.9514
2.68915567,11882.70749
2.689850184,11875.90619
2.690544697,11885.50102
2.69123921,11876.48253
2.691933724,11875.45608
2.692628237,11874.21102
2.69332275,11899.7449
2.694017264,11869.05801
2.694711777,11873.28092
2.69540629,11915.27911
2.696100804,11903.57887
2.696795317,11919.73071
2.69748983,11888.8166
2.698184344,11904.15501
2.698878857,11925.31937
2.69957337,11942.55397
2.700267884,11963.36655
2.700962397,11992.42676
2.70165691,11986.62163
2.702351424,11981.39753
2.703045937,12005.05604
2.70374045,11994.84967
2.704434964,12040.36941
2.705129477,12042.54476
2.70582399,12033.7844
2.706518504,12033.26785
2.707213017,12002.81787
2.707907531,11999.38353
2.708602044,12011.4732
2.709296557,12010.35278
2.709991071,12020.97228
2.710685584,12020.06961
2.711380097,12022.46002
2.712074611,11997.45732
2.712769124,11982.81738
2.713463637,11982.54338
2.714158151,12010.08311
2.714852664,12004.62858
2.715547177,12004.01432
2.716241691,11967.49482
2.716936204,11968.66168
2.717630717,11977.89089
2.718325231,11982.35503
2.719019744,11970.615
2.719714257,11939.94213
2.720408771,11967.40355
2.721103284,11955.80575
2.721797797,11954.19103
2.722492311,11948.69398
2.723186824,11935.5585
2.723881337,11928.84889
2.724575851,11941.75745
2.725270364,11962.09345
2.725964877,11976.90743
2.726659391,11970.16573
2.727353904,11932.09643
2.728048418,11943.36971
2.728742931,11928.01998
2.729437444,11929.50003
2.730131958,11923.23914
2.730826471,11936.37274
2.731520984,11968.94728
2.732215498,11955.58197
2.732910011,12006.16247
2.733604524,11993.33769
2.734299038,12031.96112
2.734993551,12023.04167
2.735688064,12043.61986
2.736382578,12043.05543
2.737077091,12024.57265
2.737771604,12024.97006
2.738466118,12007.67695
2.739160631,12033.97869
2.739855144,12051.89984
2.740549658,12095.529
2.741244171,12121.24752
2.741938684,12082.20805
2.742633198,12063.9734
2.743327711,12097.08437
2.744022224,12100.39736
2.744716738,12108.0348
2.745411251,12093.05654
2.746105764,12068.74527
2.746800278,12036.66644
2.747494791,12041.96963
2.748189304,12055.20585
2.748883818,12052.35531
2.749578331,12055.4073
2.750272845,12053.09671
2.750967358,12088.52867
2.751661871,12068.16796
2.752356385,12074.33478
2.753050898,12102.38112
2.753745411,12095.74771
2.754439925,12109.81593
2.755134438,12097.67295
2.755828951,12115.45061
2.756523465,12079.40654
2.757217978,12058.61371
2.757912491,12049.06345
2.758607005,12036.01023
2.759301518,12007.60532
2.759996031,12001.5614
2.760690545,12020.5661
2.761385058,12023.49535
2.762079571,12027.4528
2.762774085,12048.94718
2.763468598,12023.82109
2.764163111,12003.99835
2.764857625,12034.73534
2.765552138,12033.98593
2.766246651,12023.13175
2.766941165,12029.8478
2.767635678,12043.90401
2.768330191,12049.47546
2.769024705,12053.71076
2.769719218,12059.68508
2.770413732,12060.61783
2.771108245,12093.91111
2.771802758,12098.99493
2.772497272,12061.1066
2.773191785,12055.3078
2.773886298,12065.4125
2.774580812,12111.27161
2.775275325,12131.8449
2.775969838,12122.86927
2.776664352,12115.46796
2.777358865,12096.09463
2.778053378,12101.838
2.778747892,12098.7825
2.779442405,12097.59259
2.780136918,12108.97707
2.780831432,12125.78754
2.781525945,12122.55831
2.782220458,12108.5774
2.782914972,12133.14669
2.783609485,12142.61717
2.784303998,12163.50053
2.784998512,12193.35685
2.785693025,12160.00751
2.786387538,12158.32691
2.787082052,12137.12097
2.787776565,12155.9582
2.788471078,12159.14984
2.789165592,12164.3459
2.789860105,12166.92809
2.790554619,12155.71628
2.791249132,12118.52691
2.791943645,12128.10739
2.792638159,12102.50154
2.793332672,12089.96972
2.794027185,12089.45938
2.794721699,12108.15937
2.795416212,12057.38148
2.796110725,12059.1497
2.796805239,12061.91735
2.797499752,12046.29048
2.798194265,12038.5376
2.798888779,12007.3539
2.799583292,11991.30829
2.800277805,11937.65465
2.800972319,11931.52799
2.801666832,11953.20933
2.802361345,11972.51153
2.803055859,11972.51077
2.803750372,11942.63974
2.804444885,11924.14262
2.805139399,11901.66943
2.805833912,11880.04956
2.806528425,11896.28212
2.807222939,11890.59887
2.807917452,11917.1655
2.808611965,11902.372
2.809306479,11926.09505
2.810000992,11959.72503
2.810695506,11960.23058
2.811390019,11935.71967
2.812084532,11906.64995
2.812779046,11938.2755
2.813473559,11975.93559
2.814168072,11985.86983
2.814862586,11992.57474
2.815557099,11976.11498
2.816251612,11985.77674
2.816946126,11987.24629
2.817640639,11970.17806
2.818335152,11957.74204
2.819029666,11953.11862
2.819724179,11939.69049
2.820418692,11951.92783
2.821113206,11972.40804
2.821807719,11990.54451
2.822502232,12031.43006
2.823196746,12008.66991
2.823891259,11994.11445
2.824585772,11992.69781
2.825280286,11988.08825
2.825974799,12016.27107
2.826669312,12007.05072
2.827363826,11987.14752
2.828058339,11967.86919
2.828752852,11978.32485
2.829447366,12011.67114
2.830141879,11986.36214
2.830836392,11996.24024
2.831530906,12017.54835
2.832225419,12002.297
2.832919933,11995.37082
2.833614446,12006.06845
2.834308959,12004.25838
2.835003473,11971.2423
2.835697986,11991.34574
2.836392499,11990.90051
2.837087013,12014.37256
2.837781526,12023.16475
2.838476039,12061.5371
2.839170553,12044.33281
2.839865066,12040.5538
2.840559579,12003.8062
2.841254093,12039.93061
2.841948606,12029.3114
2.842643119,12028.41828
2.843337633,12017.95689
2.844032146,12072.87474
2.844726659,12102.52046
2.845421173,12094.61748
2.846115686,12117.27495
2.846810199,12143.46922
2.847504713,12124.29983
2.848199226,12132.0953
2.848893739,12179.83733
2.849588253,12157.52306
2.850282766,12180.82788
2.850977279,12184.34821
2.851671793,12161.12645
2.852366306,12138.29804
2.85306082,12110.60169
2.853755333,12109.24143
2.854449846,12124.64469
2.85514436,12112.61112
2.855838873,12112.91617
2.856533386,12095.44612
2.8572279,12126.33543
2.857922413,12157.63468
2.858616926,12149.29027
2.85931144,12139.13651
2.860005953,12141.43958
2.860700466,12180.26548
2.86139498,12215.73307
2.862089493,12214.65694
2.862784006,12203.66305
2.86347852,12218.3141
2.864173033,12212.47178
2.864867546,12228.37077
2.86556206,12225.51883
2.866256573,12218.49524
2.866951086,12175.25198
2.8676456,12166.12311
2.868340113,12202.22417
2.869034626,12196.29847
2.86972914,12176.02258
2.870423653,12167.51218
2.871118166,12169.40225
2.87181268,12210.74803
2.872507193,12221.74534
2.873201707,12240.65028
2.87389622,12239.39961
2.874590733,12195.36665
2.875285247,12177.36262
2.87597976,12190.43227
2.876674273,12195.74141
2.877368787,12208.71901
2.8780633,12218.00815
2.878757813,12207.38859
2.879452327,12203.79907
2.88014684,12201.16257
2.880841353,12199.12426
2.881535867,12209.09174
2.88223038,12197.97872
2.882924893,12196.50745
2.883619407,12156.21317
2.88431392,12164.56374
2.885008433,12139.69405
2.885702947,12151.26063
2.88639746,12140.84384
2.887091973,12153.0912
2.887786487,12164.33384
2.888481,12168.01158
2.889175513,12175.46291
2.889870027,12159.52186
2.89056454,12186.60114
2.891259053,12184.63038
2.891953567,12169.42374
2.89264808,12180.24983
2.893342594,12191.16782
2.894037107,12233.7787
2.89473162,12210.19172
2.895426134,12233.29862
2.896120647,12258.75611
2.89681516,12257.87309
2.897509674,12286.02168
2.898204187,12233.20309
2.8988987,12248.04118
2.899593214,12275.09266
2.900287727,12267.27319
2.90098224,12280.82443
2.901676754,12282.4211
2.902371267,12265.69292
2.90306578,12215.96461
2.903760294,12229.6954
2.904454807,12236.08693
2.90514932,12219.54522
2.905843834,12237.39432
2.906538347,12221.33279
2.90723286,12216.79236
2.907927374,12242.60207
2.908621887,12218.11067
2.9093164,12189.98988
2.910010914,12163.65695
2.910705427,12167.68712
2.91139994,12154.72035
2.912094454,12110.10855
2.912788967,12090.9202
2.913483481,12086.45481
2.914177994,12085.53446
2.914872507,12085.71284
2.915567021,12112.82547
2.916261534,12112.31692
2.916956047,12127.70833
2.917650561,12124.63678
2.918345074,12139.67562
2.919039587,12102.74498
2.919734101,12053.51108
2.920428614,12055.95941
2.921123127,12013.85215
2.921817641,11975.80838
2.922512154,11974.6296
2.923206667,11972.29272
2.923901181,11955.40077
2.924595694,11959.29092
2.925290207,11960.16631
2.925984721,11927.57949
2.926679234,11936.52612
2.927373747,11964.81235
2.928068261,11984.93518
2.928762774,11941.81449
2.929457287,11963.17068
2.930151801,11965.88316
2.930846314,11992.58882
2.931540827,12009.10678
2.932235341,12002.19837
2.932929854,11989.69495
2.933624367,12010.5781
2.934318881,12033.44741
2.935013394,12041.41141
2.935707908,12079.46412
2.936402421,12087.39393
2.937096934,12054.22887
2.937791448,12066.29819
2.938485961,12082.36107
2.939180474,12072.83432
2.939874988,12078.44023
2.940569501,12042.14276
2.941264014,12041.3868
2.941958528,12105.09209
2.942653041,12086.32186
2.943347554,12077.56553
2.944042068,12037.91509
2.944736581,12006.89899
2.945431094,12038.26882
2.946125608,12044.40526
2.946820121,12047.55959
2.947514634,12085.53581
2.948209148,12103.20345
2.948903661,12056.29958
2.949598174,12083.13852
2.950292688,12093.55825
2.950987201,12052.66688
2.951681714,12076.53684
2.952376228,12093.31907
2.953070741,12110.94606
2.953765254,12117.77144
2.954459768,12088.81918
2.955154281,12069.72603
2.955848795,12106.71774
2.956543308,12106.52603
2.957237821,12100.44232
2.957932335,12100.94311
2.958626848,12091.15195
2.959321361,12106.60492
2.960015875,12129.14413
2.960710388,12109.54049
2.961404901,12091.91949
2.962099415,12085.88648
2.962793928,12078.85881
2.963488441,12098.11897
2.964182955,12115.70293
2.964877468,12118.3008
2.965571981,12077.31687
2.966266495,12051.43706
2.966961008,12065.18477
2.967655521,12076.13878
2.968350035,12057.24111
2.969044548,12047.52848
2.969739061,12042.853
2.970433575,12058.40409
2.971128088,12085.78449
2.971822601,12092.16402
2.972517115,12085.45279
2.973211628,12073.65429
2.973906141,12092.48161
2.974600655,12111.59473
2.975295168,12105.89793
2.975989682,12090.74872
2.976684195,12071.62034
2.977378708,12056.97078
2.978073222,12042.57152
2.978767735,12013.6164
2.979462248,12022.7045
2.980156762,12019.37896
2.980851275,11994.86967
2.981545788,11979.09173
2.982240302,11970.01466
2.982934815,12002.20871
2.983629328,11957.01962
2.984323842,11957.7945
2.985018355,11984.86343
2.985712868,11967.70655
2.986407382,11961.45956
2.987101895,11960.75766
2.987796408,11941.92509
2.988490922,11912.37273
2.989185435,11926.83859
2.989879948,11912.51595
2.990574462,11914.8728
2.991268975,11928.63747
2.991963488,11911.60132
2.992658002,11890.24989
2.993352515,11885.77654
2.994047028,11921.28142
2.994741542,11879.46117
2.995436055,11895.23555
2.996130569,11897.65381
2.996825082,11873.18898
2.997519595,11864.09833
2.998214109,11810.79227
2.998908622,11818.97488
2.999603135,11810.75316
3.000297649,11821.26231
3.000992162,11818.14219
3.001686675,11827.36683
3.002381189,11845.46177
3.003075702,11865.76471
3.003770215,11888.42289
3.004464729,11865.53512
3.005159242,11878.72165
3.005853755,11887.23121
3.006548269,11871.55258
3.007242782,11888.53043
3.007937295,11831.61328
3.008631809,11844.14084
3.009326322,11817.10868
3.010020835,11821.5738
3.010715349,11823.61131
3.011409862,11847.06684
3.012104375,11831.61129
3.012798889,11852.22394
3.013493402,11840.80694
3.014187915,11833.37146
3.014882429,11820.22422
3.015576942,11795.57264
3.016271456,11821.61333
3.016965969,11841.13734
3.017660482,11831.54908
3.018354996,11818.48246
3.019049509,11804.48709
3.019744022,11857.64646
3.020438536,11882.49007
3.021133049,11869.03854
3.021827562,11878.6065
3.022522076,11877.69917
3.023216589,11868.96339
3.023911102,11887.76595
3.024605616,11892.91105
3.025300129,11873.43837
3.025994642,11846.77641
3.026689156,11832.65667
3.027383669,11810.32947
3.028078182,11831.71061
3.028772696,11853.42452
3.029467209,11898.77746
3.030161722,11866.76079
3.030856236,11836.2284
3.031550749,11867.13517
3.032245262,11877.77258
3.032939776,11890.00886
3.033634289,11867.91663
3.034328802,11859.53054
3.035023316,11844.84064
3.035717829,11854.78152
3.036412342,11820.27718
3.037106856,11802.62643
3.037801369,11791.75368
3.038495883,11755.40806
3.039190396,11760.14458
3.039884909,11783.91821
3.040579423,11792.13752
3.041273936,11808.35581
3.041968449,11808.16737
3.042662963,11783.45471
3.043357476,11790.88135
3.044051989,11792.87778
3.044746503,11786.12515
3.045441016,11846.45184
3.046135529,11854.24512
3.046830043,11857.24667
3.047524556,11890.82327
3.048219069,11950.1936
3.048913583,11899.50578
3.049608096,11940.24828
3.050302609,11974.85909
3.050997123,11943.76556
3.051691636,11936.62626
3.052386149,11942.3825
3.053080663,11937.78799
3.053775176,11947.47391
3.054469689,11921.95331
3.055164203,11918.03875
3.055858716,11889.99098
3.056553229,11869.08774
3.057247743,11869.66294
3.057942256,11839.73185
3.05863677,11837.72166
3.059331283,11848.4228
3.060025796,11895.07174
3.06072031,11888.07302
3.061414823,11946.10476
3.062109336,11948.34972
3.06280385,11928.72667
3.063498363,11940.52991
3.064192876,11937.16722
3.06488739,11952.06905
3.065581903,11991.56456
3.066276416,11972.24346
3.06697093,11962.49625
3.067665443,11950.03056
3.068359956,11949.68097
3.06905447,11963.42477
3.069748983,11953.55531
3.070443496,11959.20824
3.07113801,11962.38555
3.071832523,11972.05206
3.072527036,11979.41427
3.07322155,11971.96251
3.073916063,12000.59815
3.074610576,11984.119
3.07530509,11982.94605
3.075999603,11995.82174
3.076694116,11996.86162
3.07738863,12012.61813
3.078083143,11999.03934
3.078777657,11998.29212
3.07947217,12012.13415
3.080166683,12004.77714
3.080861197,12025.69175
3.08155571,12058.60208
3.082250223,12066.61333
3.082944737,12068.50293
3.08363925,12100.01381
3.084333763,12043.18006
3.085028277,12019.4528
3.08572279,12040.81553
3.086417303,12081.57534
3.087111817,12106.60881
3.08780633,12130.76206
3.088500843,12120.2702
3.089195357,12092.04731
3.08988987,12091.54486
3.090584383,12112.95715
3.091278897,12126.0926
3.09197341,12112.65418
3.092667923,12095.7395
3.093362437,12068.38064
3.09405695,12072.82924
3.094751463,12072.04591
3.095445977,12036.14739
3.09614049,12018.8936
3.096835003,12010.80377
3.097529517,12027.77911
3.09822403,12059.08004
3.098918544,12068.33189
3.099613057,12060.85773
3.10030757,12057.44022
3.101002084,12028.70896
3.101696597,12052.93138
3.10239111,12037.35147
3.103085624,12026.49148
3.103780137,12012.0786
3.10447465,12017.78402
3.105169164,12046.22509
3.105863677,12030.0348
3.10655819,12034.6061
3.107252704,12034.12212
3.107947217,12066.56809
3.10864173,12073.34502
3.109336244,12080.94025
3.110030757,12070.69561
3.11072527,12074.65519
3.111419784,12049.46659
3.112114297,12061.75773
3.11280881,12040.73854
3.113503324,12025.7672
3.114197837,12041.17903
3.11489235,12023.53494
3.115586864,12006.00101
3.116281377,11961.96143
3.11697589,11975.17373
3.117670404,11969.62871
3.118364917,11998.55767
3.11905943,11988.22202
3.119753944,11962.00856
3.120448457,11988.31387
3.121142971,11976.76683
3.121837484,11974.37631
3.122531997,11961.04468
3.123226511,11965.7606
3.123921024,11953.31894
3.124615537,11950.88036
3.125310051,11920.6128
3.126004564,11904.26663
3.126699077,11897.32782
3.127393591,11927.93466
3.128088104,11950.06529
3.128782617,11936.23166
3.129477131,11911.69311
3.130171644,11914.13234
3.130866157,11923.64534
3.131560671,11884.84651
3.132255184,11869.19665
3.132949697,11846.20454
3.133644211,11824.62424
3.134338724,11818.51206
3.135033237,11816.92753
3.135727751,11814.29865
3.136422264,11813.75252
3.137116777,11846.43145
3.137811291,11854.96059
3.138505804,11862.41181
3.139200317,11867.76173
3.139894831,11878.44596
3.140589344,11864.61726
3.141283858,11858.28237
3.141978371,11851.50475
3.142672884,11848.76532
3.143367398,11905.67357
3.144061911,11859.8946
3.144756424,11861.6349
3.145450938,11834.34922
3.146145451,11787.97716
3.146839964,11795.05554
3.147534478,11801.41954
3.148228991,11824.12388
3.148923504,11833.44385
3.149618018,11836.47964
3.150312531,11821.20315
3.151007044,11816.52127
3.151701558,11787.92737
3.152396071,11777.14533
3.153090584,11783.94068
3.153785098,11783.25447
3.154479611,11790.91471
3.155174124,11779.39987
3.155868638,11775.40044
3.156563151,11800.10603
3.157257664,11798.76588
3.157952178,11777.56149
3.158646691,11720.03741
3.159341204,11735.22831
3.160035718,11694.76254
3.160730231,11712.24561
3.161424745,11721.66328
3.162119258,11714.5112
3.162813771,11699.87838
3.163508285,11718.05599
3.164202798,11737.71509
3.164897311,11782.06928
3.165591825,11829.34969
3.166286338,11825.43358
3.166980851,11834.14112
3.167675365,11849.48354
3.168369878,11858.95531
3.169064391,11846.37261
3.169758905,11828.57929
3.170453418,11789.04478
3.171147931,11773.34605
3.171842445,11750.56428
3.172536958,11752.21551
3.173231471,11742.92114
3.173925985,11744.7917
3.174620498,11741.04149
3.175315011,11732.53825
3.176009525,11760.30322
3.176704038,11768.90443
3.177398551,11796.407
3.178093065,11787.55298
3.178787578,11764.87399
3.179482091,11742.81082
3.180176605,11751.79328
3.180871118,11773.71041
3.181565632,11803.86765
3.182260145,11799.20085
3.182954658,11791.5035
3.183649172,11816.85957
3.184343685,11835.28778
3.185038198,11794.86283
3.185732712,11793.01371
3.186427225,11791.02127
3.187121738,11787.13527
3.187816252,11807.87156
3.188510765,11785.98952
3.189205278,11826.7996
3.189899792,11812.47819
3.190594305,11799.31098
3.191288818,11806.26731
3.191983332,11806.93063
3.192677845,11782.02706
3.193372358,11791.50046
3.194066872,11791.06922
3.194761385,11781.04427
3.195455898,11793.37408
3.196150412,11797.62957
3.196844925,11819.63727
3.197539438,11839.308
3.198233952,11841.68657
3.198928465,11832.22818
3.199622978,11859.65789
3.200317492,11891.98373
3.201012005,11921.3833
3.201706519,11918.68827
3.202401032,11943.15638
3.203095545,11934.69719
3.203790059,11980.0561
3.204484572,11968.87118
3.205179085,11983.66293
3.205873599,11931.94502
3.206568112,11896.72774
3.207262625,11866.74479
3.207957139,11829.08545
3.208651652,11821.59895
3.209346165,11775.54558
3.210040679,11729.96064
3.210735192,11760.252
3.211429705,11761.5449
3.212124219,11767.02699
3.212818732,11761.36403
3.213513245,11758.94105
3.214207759,11802.21304
3.214902272,11814.22542
3.215596785,11821.0286
3.216291299,11818.25296
3.216985812,11827.30884
3.217680325,11860.92139
3.218374839,11840.12907
3.219069352,11863.39859
3.219763865,11863.57709
3.220458379,11827.28548
3.221152892,11815.55283
3.221847405,11845.00796
3.222541919,11820.82359
3.223236432,11835.46911
3.223930946,11812.52534
3.224625459,11817.91718
3.225319972,11775.79589
3.226014486,11790.75718
3.226708999,11793.32693
3.227403512,11813.70245
3.228098026,11808.58232
3.228792539,11755.99841
3.229487052,11746.20922
3.230181566,11773.73844
3.230876079,11788.14043
3.231570592,11778.82118
3.232265106,11788.60467
3.232959619,11785.01349
3.233654132,11784.93611
3.234348646,11789.26813
3.235043159,11803.16673
3.235737672,11792.49652
3.236432186,11823.23117
3.237126699,11831.27709
3.237821212,11823.71697
3.238515726,11820.46082
3.239210239,11827.39914
3.239904752,11821.30839
3.240599266,11845.79798
3.241293779,11838.87121
3.241988292,11825.85687
3.242682806,11825.49514
3.243377319,11837.54133
3.244071833,11828.9791
3.244766346,11787.29831
3.245460859,11826.89941
3.246155373,11832.82926
3.246849886,11835.4083
3.247544399,11777.4513
3.248238913,11810.78054
3.248933426,11848.24513
3.249627939,11838.05741
3.250322453,11861.04817
3.251016966,11865.43293
3.251711479,11882.02016
3.252405993,11851.46149
3.253100506,11819.7179
3.253795019,11821.37537
3.254489533,11826.79357
3.255184046,11842.66075
3.255878559,11828.0785
3.256573073,11833.52259
3.257267586,11826.44789
3.257962099,11805.47544
3.258656613,11801.34552
3.259351126,11802.34678
3.260045639,11780.92796
3.260740153,11817.23773
3.261434666,11804.04514
3.262129179,11800.84983
3.262823693,11801.48323
3.263518206,11803.05086
3.26421272,11809.56764
3.264907233,11826.9306
3.265601746,11844.41
3.26629626,11860.66472
3.266990773,11860.40466
3.267685286,11865.14061
3.2683798,11856.30445
3.269074313,11854.32038
3.269768826,11870.21686
3.27046334,11866.02841
3.271157853,11869.84365
3.271852366,11868.78072
3.27254688,11851.34786
3.273241393,11899.86967
3.273935906,11905.56699
3.27463042,11940.96457
3.275324933,11944.70813
3.276019446,11944.78393
3.27671396,11944.93435
3.277408473,11953.43154
3.278102986,11937.46586
3.2787975,11898.06437
3.279492013,11899.25326
3.280186526,11896.05825
3.28088104,11882.70352
3.281575553,11883.39837
3.282270066,11887.24384
3.28296458,11917.06143
3.283659093,11909.21412
3.284353607,11902.85977
3.28504812,11931.25864
3.285742633,11909.11024
3.286437147,11939.69657
3.28713166,11958.44653
3.287826173,11963.45989
3.288520687,11968.04763
3.2892152,11981.90427
3.289909713,11978.29166
3.290604227,11942.35139
3.29129874,11922.45042
3.291993253,11911.76948
3.292687767,11937.47817
3.29338228,11907.34321
3.294076793,11866.53288
3.294771307,11878.58457
3.29546582,11883.84967
3.296160333,11884.42773
3.296854847,11875.61426
3.29754936,11867.14917
3.298243873,11884.79475
3.298938387,11860.90297
3.2996329,11860.13544
3.300327413,11858.95354
3.301021927,11852.24753
3.30171644,11826.98453
3.302410953,11843.84752
3.303105467,11825.9575
3.30379998,11818.76806
3.304494494,11824.14191
3.305189007,11835.60012
3.30588352,11857.85657
3.306578034,11833.16328
3.307272547,11841.401
3.30796706,11813.28894
3.308661574,11846.61826
3.309356087,11834.86254
3.3100506,11838.43928
3.310745114,11832.40423
3.311439627,11851.46682
3.31213414,11861.45455
3.312828654,11829.99447
3.313523167,11826.33711
3.31421768,11833.27203
3.314912194,11833.59514
3.315606707,11831.62665
3.31630122,11824.17041
3.316995734,11869.79312
3.317690247,11892.25021
3.31838476,11868.58747
3.319079274,11892.02771
3.319773787,11881.04136
3.3204683,11852.22497
3.321162814,11861.5883
3.321857327,11879.10702
3.32255184,11901.66735
3.323246354,11896.01172
3.323940867,11897.95964
3.32463538,11890.68655
3.325329894,11904.52129
3.326024407,11930.13244
3.326718921,11933.97837
3.327413434,11930.36615
3.328107947,11934.88802
3.328802461,11945.14695
3.329496974,11943.47076
3.330191487,11940.79849
3.330886001,11935.30768
3.331580514,11940.32194
3.332275027,11912.07655
3.332969541,11939.01237
3.333664054,11952.99696
3.334358567,11927.65102
3.335053081,11891.40309
3.335747594,11860.78994
3.336442107,11831.05856
3.337136621,11811.45723
3.337831134,11803.08802
3.338525647,11779.13809
3.339220161,11773.96695
3.339914674,11761.00704
3.340609187,11788.15959
3.341303701,11775.87806
3.341998214,11759.35842
3.342692727,11744.01484
3.343387241,11730.28245
3.344081754,11735.50172
3.344776267,11732.0099
3.345470781,11723.97843
3.346165294,11725.56459
3.346859808,11747.04773
3.347554321,11768.52689
3.348248834,11776.90509
3.348943348,11757.08936
3.349637861,11804.57579
3.350332374,11821.06477
3.351026888,11825.44755
3.351721401,11847.5075
3.352415914,11804.92777
3.353110428,11782.39814
3.353804941,11778.98233
3.354499454,11775.14404
3.355193968,11767.37766
3.355888481,11765.43792
3.356582994,11759.7356
3.357277508,11758.9923
3.357972021,11762.84024
3.358666534,11767.75203
3.359361048,11797.87888
3.360055561,11773.86641
3.360750074,11763.29634
3.361444588,11756.56735
3.362139101,11720.73909
3.362833614,11725.02804
3.363528128,11745.22864
3.364222641,11762.52322
3.364917154,11736.82952
3.365611668,11737.45389
3.366306181,11722.69299
3.367000695,11729.01976
3.367695208,11703.10364
3.368389721,11683.82647
3.369084235,11675.62096
3.369778748,11656.88255
3.370473261,11646.59462
3.371167775,11670.13044
3.371862288,11689.41634
3.372556801,11703.57787
3.373251315,11716.618
3.373945828,11750.1247
3.374640341,11761.17438
3.375334855,11767.05546
3.376029368,11758.14906
3.376723881,11769.0894
3.377418395,11742.61049
3.378112908,11759.7404
3.378807421,11760.35195
3.379501935,11747.98617
3.380196448,11752.19722
3.380890961,11772.42985
3.381585475,11780.24626
3.382279988,11782.48847
3.382974501,11775.92514
3.383669015,11817.51612
3.384363528,11823.78353
3.385058041,11819.49743
3.385752555,11833.47399
3.386447068,11855.57023
3.387141582,11842.80519
3.387836095,11867.87262
3.388530608,11863.71817
3.389225122,11856.46048
3.389919635,11868.80355
3.390614148,11863.38255
3.391308662,11834.85399
3.392003175,11876.45417
3.392697688,11869.59676
3.393392202,11899.91953
3.394086715,11921.95003
3.394781228,11926.48855
3.395475742,11913.15823
3.396170255,11924.86941
3.396864768,11929.84299
3.397559282,11918.72335
3.398253795,11900.43818
3.398948308,11873.10427
3.399642822,11920.24158
3.400337335,11900.49765
3.401031848,11880.81638
3.401726362,11844.72377
3.402420875,11835.34341
3.403115388,11815.00187
3.403809902,11830.74398
3.404504415,11832.95103
3.405198928,11843.12319
3.405893442,11829.76026
3.406587955,11840.13504
3.407282468,11790.61093
3.407976982,11773.08573
3.408671495,11785.87699
3.409366009,11753.59397
3.410060522,11781.97887
3.410755035,11785.16728
3.411449549,11767.16722
3.412144062,11748.97257
3.412838575,11757.97687
3.413533089,11717.02565
3.414227602,11707.97325
3.414922115,11697.23126
3.415616629,11691.30161
3.416311142,11697.70412
3.417005655,11721.42971
3.417700169,11720.28248
3.418394682,11703.09675
3.419089195,11708.14782
3.419783709,11706.76088
3.420478222,11705.90646
3.421172735,11694.41426
3.421867249,11712.72255
3.422561762,11756.43454
3.423256275,11797.29113
3.423950789,11807.77095
3.424645302,11821.74259
3.425339815,11807.93371
3.426034329,11809.88232
3.426728842,11788.33383
3.427423355,11782.3117
3.428117869,11784.35193
3.428812382,11790.45764
3.429506896,11793.74055
3.430201409,11780.64089
3.430895922,11758.26857
3.431590436,11737.95261
3.432284949,11725.21364
3.432979462,11735.1274
3.433673976,11753.69563
3.434368489,11727.47721
3.435063002,11751.97804
3.435757516,11727.74072
3.436452029,11738.72711
3.437146542,11743.25837
3.437841056,11747.14747
3.438535569,11736.23684
3.439230082,11765.98362
3.439924596,11782.58212
3.440619109,11780.04234
3.441313622,11792.51149
3.442008136,11841.50333
3.442702649,11843.55942
3.443397162,11852.66937
3.444091676,11830.85425
3.444786189,11830.23835
3.445480702,11838.65974
3.446175216,11859.44943
3.446869729,11889.06702
3.447564242,11895.58524
3.448258756,11912.51926
3.448953269,11942.54377
3.449647783,11966.80214
3.450342296,11970.49816
3.451036809,11987.91587
3.451731323,12025.11192
3.452425836,12018.33903
3.453120349,12023.1013
3.453814863,12036.82353
3.454509376,12026.53672
3.455203889,11995.64675
3.455898403,11989.76741
3.456592916,11969.98001
3.457287429,11954.95708
3.457981943,11984.37932
3.458676456,11972.40519
3.459370969,11978.60589
3.460065483,11974.07752
3.460759996,12011.30369
3.461454509,11987.78896
3.462149023,12001.0917
3.462843536,11993.0004
3.463538049,11971.33291
3.464232563,11953.89109
3.464927076,11949.68054
3.465621589,11967.39369
3.466316103,12006.59602
3.467010616,11998.06422
3.467705129,11974.60426
3.468399643,11957.48124
3.469094156,11952.0454
3.46978867,11959.14071
3.470483183,11954.98895
3.471177696,11988.14739
3.47187221,11982.32832
3.472566723,11966.01811
3.473261236,11958.13385
3.47395575,11945.67873
3.474650263,11954.0689
3.475344776,11965.12864
3.47603929,11963.01233
3.476733803,11941.74185
3.477428316,11945.2513
3.47812283,11966.56575
3.478817343,11923.87765
3.479511856,11907.79987
3.48020637,11901.89163
3.480900883,11878.23987
3.481595396,11901.1357
3.48228991,11911.96151
3.482984423,11909.56963
3.483678936,11892.34174
3.48437345,11900.85291
3.485067963,11950.84534
3.485762476,11958.94909
3.48645699,11934.19794
3.487151503,11912.05672
3.487846016,11883.79404
3.48854053,11908.52311
3.489235043,11903.55843
3.489929557,11879.43615
3.49062407,11915.15604
3.491318583,11887.7889
3.492013097,11884.64009
3.49270761,11876.60543
3.493402123,11891.53098
3.494096637,11879.99725
3.49479115,11910.20011
3.495485663,11900.96016
3.496180177,11917.18545
3.49687469,11897.79286
3.497569203,11922.90948
3.498263717,11901.65026
3.49895823,11895.75006
3.499652743,11886.35889
3.500347257,11896.12444
3.50104177,11883.55469
3.501736283,11860.51627
3.502430797,11810.44564
3.50312531,11821.44525
3.503819823,11830.14732
3.504514337,11811.38794
3.50520885,11838.33352
3.505903363,11834.79115
3.506597877,11838.30994
3.50729239,11855.63158
3.507986903,11864.5039
3.508681417,11895.28843
3.50937593,11909.3966
3.510070443,11888.39014
3.510764957,11878.85792
3.51145947,11880.28411
3.512153984,11915.70917
3.512848497,11897.67298
3.51354301,11930.41292
3.514237524,11903.87374
3.514932037,11873.57981
3.51562655,11859.12984
3.516321064,11873.84035
3.517015577,11871.72234
3.51771009,11848.48226
3.518404604,11867.47465
3.519099117,11886.10043
3.51979363,11876.30902
3.520488144,11861.75407
3.521182657,11887.00163
3.52187717,11855.72245
3.522571684,11888.96914
3.523266197,11864.88261
3.52396071,11819.50491
3.524655224,11838.40492
3.525349737,11845.39833
3.52604425,11875.29979
3.526738764,11915.88932
3.527433277,11912.15787
3.52812779,11914.76747
3.528822304,11905.5897
3.529516817,11924.93764
3.53021133,11916.22351
3.530905844,11916.04854
3.531600357,11901.91801
3.532294871,11900.74148
3.532989384,11862.14229
3.533683897,11863.32524
3.534378411,11881.37363
3.535072924,11897.40497
3.535767437,11891.85381
3.536461951,11900.27442
3.537156464,11866.35436
3.537850977,11891.17343
3.538545491,11900.95064
3.539240004,11877.44696
3.539934517,11846.13098
3.540629031,11876.63723
3.541323544,11862.52231
3.542018057,11890.45484
3.542712571,11885.28443
3.543407084,11885.13776
3.544101597,11898.50112
3.544796111,11888.54612
3.545490624,11897.37401
3.546185137,11891.50233
3.546879651,11954.14389
3.547574164,11935.82492
3.548268677,11978.88661
3.548963191,11989.36451
3.549657704,11991.51289
3.550352217,11987.78903
3.551046731,12015.7707
3.551741244,11977.542
3.552435758,11984.978
3.553130271,11983.7681
3.553824784,11994.92473
3.554519298,11972.66829
3.555213811,12005.61162
3.555908324,12017.29941
3.556602838,12004.32732
3.557297351,11992.42424
3.557991864,11986.11021
3.558686378,12004.59217
3.559380891,12043.95843
3.560075404,12049.03585
3.560769918,12067.06408
3.561464431,12061.17455
3.562158944,12080.80359
3.562853458,12065.88023
3.563547971,12089.30402
3.564242484,12072.59359
3.564936998,12090.84827
3.565631511,12083.70133
3.566326024,12084.08429
3.567020538,12082.21104
3.567715051,12081.27937
3.568409564,12087.76839
3.569104078,12080.76965
3.569798591,12089.40933
3.570493104,12076.05834
3.571187618,12047.63581
3.571882131,12045.9724
3.572576645,12045.7649
3.573271158,12074.49426
3.573965671,12051.30465
3.574660185,12058.38018
3.575354698,12055.60004
3.576049211,12030.95374
3.576743725,12026.38541
3.577438238,12027.16583
3.578132751,12028.16142
3.578827265,12007.21445
3.579521778,11978.36852
3.580216291,11983.44212
3.580910805,11975.78084
3.581605318,11972.10455
3.582299831,11921.4169
3.582994345,11922.37668
3.583688858,11910.80924
3.584383371,11912.89165
3.585077885,11921.09123
3.585772398,11948.98966
3.586466911,11952.865
3.587161425,11950.18372
3.587855938,11930.53169
3.588550451,11952.263
3.589244965,11943.48732
3.589939478,11920.21799
3.590633991,11926.27481
3.591328505,11898.8661
3.592023018,11861.35127
3.592717532,11867.1886
3.593412045,11849.76256
3.594106558,11823.82837
3.594801072,11843.98663
3.595495585,11863.79855
3.596190098,11848.93465
3.596884612,11856.54206
3.597579125,11831.92194
3.598273638,11828.53397
3.598968152,11818.41201
3.599662665,11845.31931
3.600357178,11854.82122
3.601051692,11875.09469
3.601746205,11890.52414
3.602440718,11889.77459
3.603135232,11851.47474
3.603829745,11885.62179
3.604524258,11913.1676
3.605218772,11877.45128
3.605913285,11910.94679
3.606607798,11954.97011
3.607302312,11931.98061
3.607996825,11911.07914
3.608691338,11917.65182
3.609385852,11912.40414
3.610080365,11918.55149
3.610774878,11919.53832
3.611469392,11886.30476
3.612163905,11883.58125
3.612858418,11887.20787
3.613552932,11905.00093
3.614247445,11856.07203
3.614941959,11832.68708
3.615636472,11843.2653
3.616330985,11866.52759
3.617025499,11845.66002
3.617720012,11858.0202
3.618414525,11838.53947
3.619109039,11860.53697
3.619803552,11846.73132
3.620498065,11836.29933
3.621192579,11812.85862
3.621887092,11824.66352
3.622581605,11821.18692
3.623276119,11858.29679
3.623970632,11831.98256
3.624665145,11848.762
3.625359659,11836.42594
3.626054172,11823.42735
3.626748685,11846.20261
3.627443199,11882.46104
3.628137712,11894.82556
3.628832225,11916.31914
3.629526739,11946.96481
3.630221252,11945.29007
3.630915765,11903.48905
3.631610279,11868.16121
3.632304792,11898.50413
3.632999305,11891.57211
3.633693819,11861.12447
3.634388332,11899.62016
3.635082846,11913.32916
3.635777359,11901.90769
3.636471872,11921.83485
3.637166386,11909.06462
3.637860899,11947.68999
3.638555412,11923.31222
3.639249926,11883.19626
3.639944439,11925.96933
3.640638952,11933.83248
3.641333466,11956.74442
3.642027979,11936.20454
3.642722492,11910.30941
3.643417006,11899.54795
3.644111519,11882.71076
3.644806032,11853.02463
3.645500546,11879.61549
3.646195059,11848.79846
3.646889572,11847.54847
3.647584086,11873.56393
3.648278599,11888.58933
3.648973112,11881.67109
3.649667626,11886.7914
3.650362139,11857.38391
3.651056652,11887.3189
3.651751166,11899.3053
3.652445679,11936.32652
3.653140192,11968.40406
3.653834706,12003.61147
3.654529219,11964.62942
3.655223733,11942.4954
3.655918246,11920.59186
3.656612759,11920.9093
3.657307273,11911.02865
3.658001786,11905.82278
3.658696299,11934.5296
3.659390813,11935.97278
3.660085326,11935.11643
3.660779839,11956.60534
3.661474353,11918.9723
3.662168866,11902.21841
3.662863379,11915.8515
3.663557893,11922.42734
3.664252406,11944.52333
3.664946919,11974.2252
3.665641433,11970.50393
3.666335946,12013.1271
3.667030459,11993.89068
3.667724973,11990.72456
3.668419486,11996.29923
3.669113999,12040.11532
3.669808513,12050.37925
3.670503026,12072.55326
3.671197539,12080.0167
3.671892053,12063.19264
3.672586566,12084.04668
3.673281079,12084.88482
3.673975593,12103.86644
3.674670106,12086.1744
3.67536462,12076.29114
3.676059133,12052.81015
3.676753646,12017.50281
3.67744816,12004.8056
3.678142673,12022.35139
3.678837186,11990.99222
3.6795317,12002.72604
3.680226213,12012.03559
3.680920726,12035.41926
3.68161524,12036.01068
3.682309753,12015.489
3.683004266,12040.24194
3.68369878,12014.4247
3.684393293,11996.93741
3.685087806,12014.32352
3.68578232,12021.02541
3.686476833,11996.44858
3.687171346,11948.56611
3.68786586,11940.51242
3.688560373,11961.40588
3.689254886,11951.14819
3.6899494,11967.08624
3.690643913,11981.61412
3.691338426,11990.25785
3.69203294,11971.03418
3.692727453,11973.7154
3.693421966,11979.12299
3.69411648,11984.47484
3.694810993,11971.41865
3.695505506,11943.04531
3.69620002,11957.54575
3.696894533,11936.94828
3.697589047,11963.9123
3.69828356,11932.43325
3.698978073,11964.251
3.699672587,11992.72639
3.7003671,12000.66241
3.701061613,12017.73276
3.701756127,12013.67528
3.70245064,12039.81408
3.703145153,12072.33288
3.703839667,12066.6438
3.70453418,12111.98269
3.705228693,12063.54678
3.705923207,12031.39761
3.70661772,12006.9382
3.707312233,12048.45209
3.708006747,12068.18861
3.70870126,12051.86606
3.709395773,12017.28973
3.710090287,11993.67601
3.7107848,11960.72967
3.711479313,11960.81412
3.712173827,11981.49018
3.71286834,11974.20768
3.713562853,11992.6564
3.714257367,11975.92887
3.71495188,11961.84507
3.715646393,11962.37501
3.716340907,11993.19784
3.71703542,12000.32897
3.717729934,11987.22037
3.718424447,11968.24403
3.71911896,11943.21527
3.719813474,11949.02138
3.720507987,11947.62495
3.7212025,11921.58469
3.721897014,11914.45059
3.722591527,11913.0926
3.72328604,11884.35492
3.723980554,11862.214
3.724675067,11863.66359
3.72536958,11898.55972
3.726064094,11865.91577
3.726758607,11843.09381
3.72745312,11863.82557
3.728147634,11843.3413
3.728842147,11873.5052
3.72953666,11882.5566
3.730231174,11915.19431
3.730925687,11904.24266
3.7316202,11891.83203
3.732314714,11870.47841
3.733009227,11896.46976
3.73370374,11909.56728
3.734398254,11916.1574
3.735092767,11913.15833
3.73578728,11917.57666
3.736481794,11901.21514
3.737176307,11929.53263
3.737870821,11957.98323
3.738565334,11948.07781
3.739259847,11896.4532
3.739954361,11896.53235
3.740648874,11911.75192
3.741343387,11900.7432
3.742037901,11914.52241
3.742732414,11926.06328
3.743426927,11936.30101
3.744121441,11936.82356
3.744815954,11941.59802
3.745510467,11967.10761
3.746204981,11945.37629
3.746899494,11951.20767
3.747594007,11970.35133
3.748288521,12022.63051
3.748983034,12024.88965
3.749677547,12045.02368
3.750372061,12025.88822
3.751066574,12035.01662
3.751761087,11987.01365
3.752455601,12000.53631
3.753150114,12009.16281
3.753844627,11978.2842
3.754539141,11948.62128
3.755233654,11957.34486
3.755928167,11984.69771
3.756622681,11965.11086
3.757317194,11993.25306
3.758011708,11991.96545
3.758706221,11975.85396
3.759400734,11970.11225
3.760095248,12000.76496
3.760789761,11963.23283
3.761484274,11949.12206
3.762178788,11939.74429
3.762873301,11945.5915
3.763567814,11980.11708
3.764262328,12044.02035
3.764956841,12050.47839
3.765651354,12006.22782
3.766345868,11995.43639
3.767040381,11962.49562
3.767734894,11969.50354
3.768429408,11989.58304
3.769123921,11974.87281
3.769818434,11998.46925
3.770512948,11988.60986
3.771207461,12005.35161
3.771901974,11998.01041
3.772596488,11968.36062
3.773291001,12016.02668
3.773985514,12033.27891
3.774680028,12044.55111
3.775374541,12043.34659
3.776069054,12036.75406
3.776763568,12027.48361
3.777458081,12038.50948
3.778152595,12038.60106
3.778847108,12031.70703
3.779541621,12015.76897
3.780236135,12048.63056
3.780930648,12059.32466
3.781625161,12059.03152
3.782319675,12065.86203
3.783014188,12029.23764
3.783708701,12029.90055
3.784403215,12030.37583
3.785097728,12069.71048
3.785792241,12045.88724
3.786486755,12076.79341
3.787181268,12056.08987
3.787875781,12036.80538
3.788570295,12015.09527
3.789264808,12022.75477
3.789959321,12001.59634
3.790653835,12006.51539
3.791348348,11977.55048
3.792042861,11985.74562
3.792737375,11974.38126
3.793431888,11941.73163
3.794126401,11927.71243
3.794820915,11944.68253
3.795515428,11971.40423
3.796209941,11975.73655
3.796904455,11981.61479
3.797598968,11969.67085
3.798293481,11989.43029
3.798987995,11969.22729
3.799682508,11981.66924
3.800377022,11988.52646
3.801071535,12003.87578
3.801766048,12007.76188
3.802460562,11989.5136
3.803155075,11942.78938
3.803849588,11928.03982
3.804544102,11932.03775
3.805238615,11935.92843
3.805933128,11922.45665
3.806627642,11974.91752
3.807322155,11997.52553
3.808016668,12036.6124
3.808711182,12023.4116
3.809405695,12030.1038
3.810100208,11988.28657
3.810794722,12007.31241
3.811489235,12027.71671
3.812183748,12041.21695
3.812878262,12029.25475
3.813572775,12053.97253
3.814267288,12036.46692
3.814961802,12002.82628
3.815656315,12002.29537
3.816350828,11976.30033
3.817045342,11948.67291
3.817739855,11950.92881
3.818434368,11982.15099
3.819128882,11976.47984
3.819823395,11963.44735
3.820517909,11976.14144
3.821212422,11972.94395
3.821906935,11977.36571
3.822601449,11976.1743
3.823295962,11956.14818
3.823990475,11960.30702
3.824684989,11937.67317
3.825379502,11936.10936
3.826074015,11940.2583
3.826768529,11935.45355
3.827463042,11908.55597
3.828157555,11895.29212
3.828852069,11908.86394
3.829546582,11919.79342
3.830241095,11934.76724
3.830935609,11948.71122
3.831630122,11937.6498
3.832324635,11921.31678
3.833019149,11912.13503
3.833713662,11936.56357
3.834408175,11904.06997
3.835102689,11911.18302
3.835797202,11881.63477
3.836491715,11886.294
3.837186229,11897.81307
3.837880742,11902.11941
3.838575255,11903.01566
3.839269769,11902.42061
3.839964282,11913.06872
3.840658796,11926.22201
3.841353309,11921.89404
3.842047822,11880.76316
3.842742336,11861.55133
3.843436849,11888.08409
3.844131362,11887.7337
3.844825876,11917.81358
3.845520389,11893.40906
3.846214902,11902.45657
3.846909416,11913.02087
3.847603929,11911.06826
3.848298442,11891.65578
3.848992956,11866.12203
3.849687469,11865.25669
3.850381982,11876.49691
3.851076496,11871.00258
3.851771009,11867.96785
3.852465522,11881.25375
3.853160036,11886.98189
3.853854549,11892.17231
3.854549062,11913.85997
3.855243576,11885.59646
3.855938089,11873.47644
3.856632602,11903.74443
3.857327116,11887.92605
3.858021629,11872.23345
3.858716142,11852.5959
3.859410656,11843.1361
3.860105169,11880.22222
3.860799683,11852.98656
3.861494196,11868.48526
3.862188709,11864.22603
3.862883223,11878.68907
3.863577736,11898.74853
3.864272249,11895.7069
3.864966763,11886.50521
3.865661276,11883.7975
3.866355789,11873.4998
3.867050303,11850.63695
3.867744816,11841.6849
3.868439329,11889.61008
3.869133843,11880.12911
3.869828356,11899.50098
3.870522869,11887.43575
3.871217383,11875.15807
3.871911896,11851.37526
3.872606409,11862.00287
3.873300923,11896.03365
3.873995436,11937.76308
3.874689949,11891.13788
3.875384463,11911.83969
3.876078976,11914.37457
3.876773489,11886.87327
3.877468003,11894.65384
3.878162516,11912.96973
3.878857029,11908.70145
3.879551543,11903.04806
3.880246056,11878.05153
3.88094057,11899.64822
3.881635083,11893.84279
3.882329596,11888.06745
3.88302411,11891.91536
3.883718623,11917.21927
3.884413136,11905.89766
3.88510765,11903.93938
3.885802163,11898.56888
3.886496676,11895.64054
3.88719119,11874.78908
3.887885703,11884.11007
3.888580216,11869.95959
3.88927473,11896.11056
3.889969243,11913.66511
3.890663756,11916.74781
3.89135827,11910.5158
3.892052783,11904.81199
3.892747296,11938.95766
3.89344181,11922.99205
3.894136323,11932.91294
3.894830836,11971.09683
3.89552535,11985.41804
3.896219863,11970.34632
3.896914376,11949.06936
3.89760889,11958.7599
3.898303403,11944.42883
3.898997916,11965.25003
3.89969243,11921.8405
3.900386943,11916.04851
3.901081456,11878.86272
3.90177597,11883.72023
3.902470483,11903.75315
3.903164997,11932.59838
3.90385951,11957.59317
3.904554023,11965.77631
3.905248537,11970.33122
3.90594305,11962.5882
3.906637563,12003.96542
3.907332077,12001.00923
3.90802659,11987.53587
3.908721103,12003.17204
3.909415617,11977.55852
3.91011013,11999.99973
3.910804643,11984.84545
3.911499157,11975.91054
3.91219367,11993.49665
3.912888183,11980.83584
3.913582697,11974.23128
3.91427721,11999.51036
3.914971723,12010.88055
3.915666237,12032.1642
3.91636075,12026.23886
3.917055263,12041.8055
3.917749777,12025.12919
3.91844429,12024.64647
3.919138803,12010.61714
3.919833317,11997.00532
3.92052783,11964.80701
3.921222343,11955.69187
3.921916857,11947.63267
3.92261137,11961.27235
3.923305884,11926.72617
3.924000397,11930.57417
3.92469491,11951.59904
3.925389424,11934.85264
3.926083937,11933.12114
3.92677845,11945.50182
3.927472964,11938.0649
3.928167477,11915.10183
3.92886199,11942.45528
3.929556504,11920.5537
3.930251017,11939.29871
3.93094553,11942.99755
3.931640044,11951.62945
3.932334557,11925.90745
3.93302907,11914.28025
3.933723584,11902.1652
3.934418097,11913.81983
3.93511261,11924.7216
3.935807124,11967.32174
3.936501637,11962.38737
3.93719615,11994.78415
3.937890664,11981.82316
3.938585177,11977.18997
3.93927969,11977.10948
3.939974204,11950.22737
3.940668717,11953.63156
3.94136323,11969.80739
3.942057744,11977.33708
3.942752257,12010.81892
3.943446771,11992.90817
3.944141284,11989.09764
3.944835797,12007.96681
3.945530311,11984.11953
3.946224824,11980.53781
3.946919337,11985.57396
3.947613851,12020.68625
3.948308364,12024.52873
3.949002877,12044.40126
3.949697391,12019.79861
3.950391904,12014.98599
3.951086417,12036.94508
3.951780931,12010.57919
3.952475444,12031.7683
3.953169957,12048.05995
3.953864471,12025.27854
3.954558984,12046.54731
3.955253497,12055.8087
3.955948011,12055.22288
3.956642524,12061.48085
3.957337037,12089.42588
3.958031551,12088.69487
3.958726064,12068.57757
3.959420577,12064.64946
3.960115091,12082.03129
3.960809604,12086.62135
3.961504117,12079.5722
3.962198631,12100.42728
3.962893144,12168.56456
3.963587658,12153.22823
3.964282171,12158.87642
3.964976684,12174.04266
3.965671198,12179.11868
3.966365711,12169.713
3.967060224,12141.02626
3.967754738,12132.86841
3.968449251,12112.14008
3.969143764,12081.76976
3.969838278,12095.33795
3.970532791,12097.35687
3.971227304,12101.94125
3.971921818,12129.48788
3.972616331,12153.14286
3.973310844,12171.77858
3.974005358,12154.86301
3.974699871,12125.96906
3.975394384,12144.46562
3.976088898,12177.33152
3.976783411,12185.5701
3.977477924,12180.23942
3.978172438,12184.40555
3.978866951,12213.13463
3.979561464,12221.34107
3.980255978,12239.19922
3.980950491,12236.31671
3.981645004,12217.77669
3.982339518,12207.78646
3.983034031,12188.58763
3.983728544,12251.03265
3.984423058,12265.93304
3.985117571,12276.88586
3.985812085,12248.51598
3.986506598,12222.92709
3.987201111,12200.99002
3.987895625,12186.16025
3.988590138,12189.77669
3.989284651,12170.2101
3.989979165,12199.89758
3.990673678,12195.50239
3.991368191,12204.53778
3.992062705,12244.18764
3.992757218,12230.12558
3.993451731,12227.42102
3.994146245,12203.49431
3.994840758,12198.06124
3.995535271,12182.9029
3.996229785,12176.3049
3.996924298,12169.85494
3.997618811,12188.09049
3.998313325,12175.49233
3.999007838,12158.51495
3.999702351,12146.81585
4.000396865,0
4.001091378,0
4.001785891,0
4.002480405,0
4.003174918,0
4.003869431,0
4.004563945,0
4.005258458,0
4.005952972,0
4.006647485,0
4.007341998,0
4.008036512,0
4.008731025,0
4.009425538,0
4.010120052,0
4.010814565,0
4.011509078,0
4.012203592,0
4.012898105,0
4.013592618,0
4.014287132,0
4.014981645,0
4.015676158,0
4.016370672,0
4.017065185,0
4.017759698,0
4.018454212,0
4.019148725,0
4.019843238,0
4.020537752,0
4.021232265,0
4.021926778,0
4.022621292,0
4.023315805,0
4.024010318,0
4.024704832,0
4.025399345,0
4.026093859,0
4.026788372,0
4.027482885,0
4.028177399,0
4.028871912,0
4.029566425,0
4.030260939,0
4.030955452,0
4.031649965,0
4.032344479,0
4.033038992,0
4.033733505,0
4.034428019,0
4.035122532,0
4.035817045,0
4.036511559,0
4.037206072,0
4.037900585,0
4.038595099,0
4.039289612,0
4.039984125,0
4.040678639,0
4.041373152,0
4.042067665,0
4.042762179,0
4.043456692,0
4.044151205,0
4.044845719,0
4.045540232,0
4.046234746,0
4.046929259,0
4.047623772,0
4.048318286,0
4.049012799,0
4.049707312,0
4.050401826,0
4.051096339,0
4.051790852,0
4.052485366,0
4.053179879,0
4.053874392,0
4.054568906,0
4.055263419,0
4.055957932,0
4.056652446,0
4.057346959,0
4.058041472,0
4.058735986,0
4.059430499,0
4.060125012,0
4.060819526,0
4.061514039,0
4.062208552,0
4.062903066,0
4.063597579,0
4.064292092,0
4.064986606,0
4.065681119,0
4.066375633,0
4.067070146,0
4.067764659,0
4.068459173,0
4.069153686,0
4.069848199,0
4.070542713,0
4.071237226,0
4.071931739,0
4.072626253,0
4.073320766,0
4.074015279,0
4.074709793,0
4.075404306,0
4.076098819,0
4.076793333,0
4.077487846,0
4.078182359,0
4.078876873,0
4.079571386,0
4.080265899,0
4.080960413,0
4.081654926,0
4.082349439,0
4.083043953,0
4.083738466,0
4.084432979,0
4.085127493,0
4.085822006,0
4.086516519,0
4.087211033,0
4.087905546,0
4.08860006,0
4.089294573,0
4.089989086,0
4.0906836,0
4.091378113,0
4.092072626,0
4.09276714,0
4.093461653,0
4.094156166,0
4.09485068,0
4.095545193,0
4.096239706,0
4.09693422,0
4.097628733,0
4.098323246,0
4.09901776,0
4.099712273,0
4.100406786,0
4.1011013,0
4.101795813,0
4.102490326,0
4.10318484,0
4.103879353,0
4.104573866,0
4.10526838,0
4.105962893,0
4.106657406,0
4.10735192,0
4.108046433,0
4.108740947,0
4.10943546,0
4.110129973,0
4.110824487,0
4.111519,0
4.112213513,0
4.112908027,0
4.11360254,0
4.114297053,0
4.114991567,0
4.11568608,0
4.116380593,0
4.117075107,0
4.11776962,0
4.118464133,0
4.119158647,0
4.11985316,0
4.120547673,0
4.121242187,0
4.1219367,0
4.122631213,0
4.123325727,0
4.12402024,0
4.124714753,0
4.125409267,0
4.12610378,0
4.126798293,0
4.127492807,0
4.12818732,0
4.128881834,0
4.129576347,0
4.13027086,0
4.130965374,0
4.131659887,0
4.1323544,0
4.133048914,0
4.133743427,0
4.13443794,0
4.135132454,0
4.135826967,0
4.13652148,0
4.137215994,0
4.137910507,0
4.13860502,0
4.139299534,0
4.139994047,0
4.14068856,0
4.141383074,0
4.142077587,0
4.1427721,0
4.143466614,0
4.144161127,0
4.14485564,0
4.145550154,0
4.146244667,0
4.14693918,0
4.147633694,0
4.148328207,0
4.149022721,0
4.149717234,0
4.150411747,0
4.151106261,0
4.151800774,0
4.152495287,0
4.153189801,0
4.153884314,0
4.154578827,0
4.155273341,0
4.155967854,0
4.156662367,0
4.157356881,0
4.158051394,0
4.158745907,0
4.159440421,0
4.160134934,0
4.160829447,0
4.161523961,0
4.162218474,0
4.162912987,0
4.163607501,0
4.164302014,0
4.164996527,0
4.165691041,0
4.166385554,0
4.167080067,0
4.167774581,0
4.168469094,0
4.169163608,0
4.169858121,0
4.170552634,0
4.171247148,0
4.171941661,0
4.172636174,0
4.173330688,0
4.174025201,0
4.174719714,0
4.175414228,0
4.176108741,0
4.176803254,0
4.177497768,0
4.178192281,0
4.178886794,0
4.179581308,0
4.180275821,0
4.180970334,0
4.181664848,0
4.182359361,0
4.183053874,0
4.183748388,0
4.184442901,0
4.185137414,0
4.185831928,0
4.186526441,0
4.187220954,0
4.187915468,0
4.188609981,0
4.189304494,0
4.189999008,0
4.190693521,0
4.191388035,0
4.192082548,0
4.192777061,0
4.193471575,0
4.194166088,0
4.194860601,0
4.195555115,0
4.196249628,0
4.196944141,0
4.197638655,0
4.198333168,0
4.199027681,0
4.199722195,0
4.200416708,0
4.201111221,0
4.201805735,0
4.202500248,0
4.203194761,0
4.203889275,0
4.204583788,0
4.205278301,0
4.205972815,0
4.206667328,0
4.207361841,0
4.208056355,0
4.208750868,0
4.209445381,0
4.210139895,0
4.210834408,0
4.211528922,0
4.212223435,0
4.212917948,0
4.213612462,0
4.214306975,0
4.215001488,0
4.215696002,0
4.216390515,0
4.217085028,0
4.217779542,0
4.218474055,0
4.219168568,0
4.219863082,0
4.220557595,0
4.221252108,0
4.221946622,0
4.222641135,0
4.223335648,0
4.224030162,0
4.224724675,0
4.225419188,0
4.226113702,0
4.226808215,0
4.227502728,0
4.228197242,0
4.228891755,0
4.229586268,0
4.230280782,0
4.230975295,0
4.231669809,0
4.232364322,0
4.233058835,0
4.233753349,0
4.234447862,0
4.235142375,0
4.235836889,0
4.236531402,0
4.237225915,0
4.237920429,0
4.238614942,0
4.239309455,0
4.240003969,0
4.240698482,0
4.241392995,0
4.242087509,0
4.242782022,0
4.243476535,0
4.244171049,0
4.244865562,0
4.245560075,0
4.246254589,0
4.246949102,0
4.247643615,0
4.248338129,0
4.249032642,0
4.249727155,0
4.250421669,0
4.251116182,0
4.251810696,0
4.252505209,0
4.253199722,0
4.253894236,0
4.254588749,0
4.255283262,0
4.255977776,0
4.256672289,0
4.257366802,0
4.258061316,0
4.258755829,0
4.259450342,0
4.260144856,0
4.260839369,0
4.261533882,0
4.262228396,0
4.262922909,0
4.263617422,0
4.264311936,0
4.265006449,0
4.265700962,0
4.266395476,0
4.267089989,0
4.267784502,0
4.268479016,0
4.269173529,0
4.269868042,0
4.270562556,0
4.271257069,0
4.271951582,0
4.272646096,0
4.273340609,0
4.274035123,0
4.274729636,0
4.275424149,0
4.276118663,0
4.276813176,0
4.277507689,0
4.278202203,0
4.278896716,0
4.279591229,0
4.280285743,0
4.280980256,0
4.281674769,0
4.282369283,0
4.283063796,0
4.283758309,0
4.284452823,0
4.285147336,0
4.285841849,0
4.286536363,0
4.287230876,0
4.287925389,0
4.288619903,0
4.289314416,0
4.290008929,0
4.290703443,0
4.291397956,0
4.292092469,0
4.292786983,0
4.293481496,0
4.29417601,0
4.294870523,0
4.295565036,0
4.29625955,0
4.296954063,0
4.297648576,0
4.29834309,0
4.299037603,0
4.299732116,0
4.30042663,0
4.301121143,0
4.301815656,0
4.30251017,0
4.303204683,0
4.303899196,0
4.30459371,0
4.305288223,0
4.305982736,0
4.30667725,0
4.307371763,0
4.308066276,0
4.30876079,0
4.309455303,0
4.310149816,0
4.31084433,0
4.311538843,0
4.312233356,0
4.31292787,0
4.313622383,0
4.314316897,0
4.31501141,0
4.315705923,0
4.316400437,0
4.31709495,0
4.317789463,0
4.318483977,0
4.31917849,0
4.319873003,0
4.320567517,0
4.32126203,0
4.321956543,0
4.322651057,0
4.32334557,0
4.324040083,0
4.324734597,0
4.32542911,0
4.326123623,0
4.326818137,0
4.32751265,0
4.328207163,0
4.328901677,0
4.32959619,0
4.330290703,0
4.330985217,0
4.33167973,0
4.332374243,0
4.333068757,0
4.33376327,0
4.334457784,0
4.335152297,0
4.33584681,0
4.336541324,0
4.337235837,0
4.33793035,0
4.338624864,0
4.339319377,0
4.34001389,0
4.340708404,0
4.341402917,0
4.34209743,0
4.342791944,0
4.343486457,0
4.34418097,0
4.344875484,0
4.345569997,0
4.34626451,0
4.346959024,0
4.347653537,0
4.34834805,0
4.349042564,0
4.349737077,0
4.35043159,0
4.351126104,0
4.351820617,0
4.35251513,0
4.353209644,0
4.353904157,0
4.354598671,0
4.355293184,0
4.355987697,0
4.356682211,0
4.357376724,0
4.358071237,0
4.358765751,0
4.359460264,0
4.360154777,0
4.360849291,0
4.361543804,0
4.362238317,0
4.362932831,0
4.363627344,0
4.364321857,0
4.365016371,0
4.365710884,0
4.366405397,0
4.367099911,0
4.367794424,0
4.368488937,0
4.369183451,0
4.369877964,0
4.370572477,0
4.371266991,0
4.371961504,0
4.372656017,0
4.373350531,0
4.374045044,0
4.374739557,0
4.375434071,0
4.376128584,0
4.376823098,0
4.377517611,0
4.378212124,0
4.378906638,0
4.379601151,0
4.380295664,0
4.380990178,0
4.381684691,0
4.382379204,0
4.383073718,0
4.383768231,0
4.384462744,0
4.385157258,0
4.385851771,0
4.386546284,0
4.387240798,0
4.387935311,0
4.388629824,0
4.389324338,0
4.390018851,0
4.390713364,0
4.391407878,0
4.392102391,0
4.392796904,0
4.393491418,0
4.394185931,0
4.394880444,0
4.395574958,0
4.396269471,0
4.396963985,0
4.397658498,0
4.398353011,0
4.399047525,0
4.399742038,0
4.400436551,0
4.401131065,0
4.401825578,0
4.402520091,0
4.403214605,0
4.403909118,0
4.404603631,0
4.405298145,0
4.405992658,0
4.406687171,0
4.407381685,0
4.408076198,0
4.408770711,0
4.409465225,0
4.410159738,0
4.410854251,0
4.411548765,0
4.412243278,0
4.412937791,0
4.413632305,0
4.414326818,0
4.415021331,0
4.415715845,0
4.416410358,0
4.417104872,0
4.417799385,0
4.418493898,0
4.419188412,0
4.419882925,0
4.420577438,0
4.421271952,0
4.421966465,0
4.422660978,0
4.423355492,0
4.424050005,0
4.424744518,0
4.425439032,0
4.426133545,0
4.426828058,0
4.427522572,0
4.428217085,0
4.428911598,0
4.429606112,0
4.430300625,0
4.430995138,0
4.431689652,0
4.432384165,0
4.433078678,0
4.433773192,0
4.434467705,0
4.435162218,0
4.435856732,0
4.436551245,0
4.437245759,0
4.437940272,0
4.438634785,0
4.439329299,0
4.440023812,0
4.440718325,0
4.441412839,0
4.442107352,0
4.442801865,0
4.443496379,0
4.444190892,0
4.444885405,0
4.445579919,0
4.446274432,0
4.446968945,0
4.447663459,0
4.448357972,0
4.449052485,0
4.449746999,0
4.450441512,0
4.451136025,0
4.451830539,0
4.452525052,0
4.453219565,0
4.453914079,0
4.454608592,0
4.455303105,0
4.455997619,0
4.456692132,0
4.457386646,0
4.458081159,0
4.458775672,0
4.459470186,0
4.460164699,0
4.460859212,0
4.461553726,0
4.462248239,0
4.462942752,0
4.463637266,0
4.464331779,0
4.465026292,0
4.465720806,0
4.466415319,0
4.467109832,0
4.467804346,0
4.468498859,0
4.469193372,0
4.469887886,0
4.470582399,0
4.471276912,0
4.471971426,0
4.472665939,0
4.473360452,0
4.474054966,0
4.474749479,0
4.475443992,0
4.476138506,0
4.476833019,0
4.477527532,0
4.478222046,0
4.478916559,0
4.479611073,0
4.480305586,0
4.481000099,0
4.481694613,0
4.482389126,0
4.483083639,0
4.483778153,0
4.484472666,0
4.485167179,0
4.485861693,0
4.486556206,0
4.487250719,0
4.487945233,0
4.488639746,0
4.489334259,0
4.490028773,0
4.490723286,0
4.491417799,0
4.492112313,0
4.492806826,0
4.493501339,0
4.494195853,0
4.494890366,0
4.495584879,0
4.496279393,0
4.496973906,0
4.497668419,0
4.498362933,0
4.499057446,0
4.49975196,0
4.500446473,0
4.501140986,0
4.5018355,0
4.502530013,0
4.503224526,0
4.50391904,0
4.504613553,0
4.505308066,0
4.50600258,0
4.506697093,0
4.507391606,0
4.50808612,0
4.508780633,0
4.509475146,0
4.51016966,0
4.510864173,0
4.511558686,0
4.5122532,0
4.512947713,0
4.513642226,0
4.51433674,0
4.515031253,0
4.515725766,0
4.51642028,0
4.517114793,0
4.517809306,0
4.51850382,0
4.519198333,0
4.519892847,0
4.52058736,0
4.521281873,0
4.521976387,0
4.5226709,0
4.523365413,0
4.524059927,0
4.52475444,0
4.525448953,0
4.526143467,0
4.52683798,0
4.527532493,0
4.528227007,0
4.52892152,0
4.529616033,0
4.530310547,0
4.53100506,0
4.531699573,0
4.532394087,0
4.5330886,0
4.533783113,0
4.534477627,0
4.53517214,0
4.535866653,0
4.536561167,0
4.53725568,0
4.537950193,0
4.538644707,0
4.53933922,0
4.540033734,0
4.540728247,0
4.54142276,0
4.542117274,0
4.542811787,0
4.5435063,0
4.544200814,0
4.544895327,0
4.54558984,0
4.546284354,0
4.546978867,0
4.54767338,0
4.548367894,0
4.549062407,0
4.54975692,0
4.550451434,0
4.551145947,0
4.55184046,0
4.552534974,0
4.553229487,0
4.553924,0
4.554618514,0
4.555313027,0
4.55600754,0
4.556702054,0
4.557396567,0
4.55809108,0
4.558785594,0
4.559480107,0
4.56017462,0
4.560869134,0
4.561563647,0
4.562258161,0
4.562952674,0
4.563647187,0
4.564341701,0
4.565036214,0
4.565730727,0
4.566425241,0
4.567119754,0
4.567814267,0
4.568508781,0
4.569203294,0
4.569897807,0
4.570592321,0
4.571286834,0
4.571981347,0
4.572675861,0
4.573370374,0
4.574064887,0
4.574759401,0
4.575453914,0
4.576148427,0
4.576842941,0
4.577537454,0
4.578231967,0
4.578926481,0
4.579620994,0
4.580315507,0
4.581010021,0
4.581704534,0
4.582399048,0
4.583093561,0
4.583788074,0
4.584482588,0
4.585177101,0
4.585871614,0
4.586566128,0
4.587260641,0
4.587955154,0
4.588649668,0
4.589344181,0
4.590038694,0
4.590733208,0
4.591427721,0
4.592122234,0
4.592816748,0
4.593511261,0
4.594205774,0
4.594900288,0
4.595594801,0
4.596289314,0
4.596983828,0
4.597678341,0
4.598372854,0
4.599067368,0
4.599761881,0
4.600456394,0
4.601150908,0
4.601845421,0
4.602539935,0
4.603234448,0
4.603928961,0
4.604623475,0
4.605317988,0
4.606012501,0
4.606707015,0
4.607401528,0
4.608096041,0
4.608790555,0
4.609485068,0
4.610179581,0
4.610874095,0
4.611568608,0
4.612263121,0
4.612957635,0
4.613652148,0
4.614346661,0
4.615041175,0
4.615735688,0
4.616430201,0
4.617124715,0
4.617819228,0
4.618513741,0
4.619208255,0
4.619902768,0
4.620597281,0
4.621291795,0
4.621986308,0
4.622680822,0
4.623375335,0
4.624069848,0
4.624764362,0
4.625458875,0
4.626153388,0
4.626847902,0
4.627542415,0
4.628236928,0
4.628931442,0
4.629625955,0
4.630320468,0
4.631014982,0
4.631709495,0
4.632404008,0
4.633098522,0
4.633793035,0
4.634487548,0
4.635182062,0
4.635876575,0
4.636571088,0
4.637265602,0
4.637960115,0
4.638654628,0
4.639349142,0
4.640043655,0
4.640738168,0
4.641432682,0
4.642127195,0
4.642821709,0
4.643516222,0
4.644210735,0
4.644905249,0
4.645599762,0
4.646294275,0
4.646988789,0
4.647683302,0
4.648377815,0
4.649072329,0
4.649766842,0
4.650461355,0
4.651155869,0
4.651850382,0
4.652544895,0
4.653239409,0
4.653933922,0
4.654628435,0
4.655322949,0
4.656017462,0
4.656711975,0
4.657406489,0
4.658101002,0
4.658795515,0
4.659490029,0
4.660184542,0
4.660879055,0
4.661573569,0
4.662268082,0
4.662962595,0
4.663657109,0
4.664351622,0
4.665046136,0
4.665740649,0
4.666435162,0
4.667129676,0
4.667824189,0
4.668518702,0
4.669213216,0
4.669907729,0
4.670602242,0
4.671296756,0
4.671991269,0
4.672685782,0
4.673380296,0
4.674074809,0
4.674769322,0
4.675463836,0
4.676158349,0
4.676852862,0
4.677547376,0
4.678241889,0
4.678936402,0
4.679630916,0
4.680325429,0
4.681019942,0
4.681714456,0
4.682408969,0
4.683103482,0
4.683797996,0
4.684492509,0
4.685187023,0
4.685881536,0
4.686576049,0
4.687270563,0
4.687965076,0
4.688659589,0
4.689354103,0
4.690048616,0
4.690743129,0
4.691437643,0
4.692132156,0
4.692826669,0
4.693521183,0
4.694215696,0
4.694910209,0
4.695604723,0
4.696299236,0
4.696993749,0
4.697688263,0
4.698382776,0
4.699077289,0
4.699771803,0
4.700466316,0
4.701160829,0
4.701855343,0
4.702549856,0
4.703244369,0
4.703938883,0
4.704633396,0
4.70532791,0
4.706022423,0
4.706716936,0
4.70741145,0
4.708105963,0
4.708800476,0
4.70949499,0
4.710189503,0
4.710884016,0
4.71157853,0
4.712273043,0
4.712967556,0
4.71366207,0
4.714356583,0
4.715051096,0
4.71574561,0
4.716440123,0
4.717134636,0
4.71782915,0
4.718523663,0
4.719218176,0
4.71991269,0
4.720607203,0
4.721301716,0
4.72199623,0
4.722690743,0
4.723385256,0
4.72407977,0
4.724774283,0
4.725468797,0
4.72616331,0
4.726857823,0
4.727552337,0
4.72824685,0
4.728941363,0
4.729635877,0
4.73033039,0
4.731024903,0
4.731719417,0
4.73241393,0
4.733108443,0
4.733802957,0
4.73449747,0
4.735191983,0
4.735886497,0
4.73658101,0
4.737275523,0
4.737970037,0
4.73866455,0
4.739359063,0
4.740053577,0
4.74074809,0
4.741442603,0
4.742137117,0
4.74283163,0
4.743526143,0
4.744220657,0
4.74491517,0
4.745609684,0
4.746304197,0
4.74699871,0
4.747693224,0
4.748387737,0
4.74908225,0
4.749776764,0
4.750471277,0
4.75116579,0
4.751860304,0
4.752554817,0
4.75324933,0
4.753943844,0
4.754638357,0
4.75533287,0
4.756027384,0
4.756721897,0
4.75741641,0
4.758110924,0
4.758805437,0
4.75949995,0
4.760194464,0
4.760888977,0
4.76158349,0
4.762278004,0
4.762972517,0
4.76366703,0
4.764361544,0
4.765056057,0
4.76575057,0
4.766445084,0
4.767139597,0
4.767834111,0
4.768528624,0
4.769223137,0
4.769917651,0
4.770612164,0
4.771306677,0
4.772001191,0
4.772695704,0
4.773390217,0
4.774084731,0
4.774779244,0
4.775473757,0
4.776168271,0
4.776862784,0
4.777557297,0
4.778251811,0
4.778946324,0
4.779640837,0
4.780335351,0
4.781029864,0
4.781724377,0
4.782418891,0
4.783113404,0
4.783807917,0
4.784502431,0
4.785196944,0
4.785891457,0
4.786585971,0
4.787280484,0
4.787974998,0
4.788669511,0
4.789364024,0
4.790058538,0
4.790753051,0
4.791447564,0
4.792142078,0
4.792836591,0
4.793531104,0
4.794225618,0
4.794920131,0
4.795614644,0
4.796309158,0
4.797003671,0
4.797698184,0
4.798392698,0
4.799087211,0
4.799781724,0
4.800476238,0
4.801170751,0
4.801865264,0
4.802559778,0
4.803254291,0
4.803948804,0
4.804643318,0
4.805337831,0
4.806032344,0
4.806726858,0
4.807421371,0
4.808115885,0
4.808810398,0
4.809504911,0
4.810199425,0
4.810893938,0
4.811588451,0
4.812282965,0
4.812977478,0
4.813671991,0
4.814366505,0
4.815061018,0
4.815755531,0
4.816450045,0
4.817144558,0
4.817839071,0
4.818533585,0
4.819228098,0
4.819922611,0
4.820617125,0
4.821311638,0
4.822006151,0
4.822700665,0
4.823395178,0
4.824089691,0
4.824784205,0
4.825478718,0
4.826173231,0
4.826867745,0
4.827562258,0
4.828256772,0
4.828951285,0
4.829645798,0
4.830340312,0
4.831034825,0
4.831729338,0
4.832423852,0
4.833118365,0
4.833812878,0
4.834507392,0
4.835201905,0
4.835896418,0
4.836590932,0
4.837285445,0
4.837979958,0
4.838674472,0
4.839368985,0
4.840063498,0
4.840758012,0
4.841452525,0
4.842147038,0
4.842841552,0
4.843536065,0
4.844230578,0
4.844925092,0
4.845619605,0
4.846314118,0
4.847008632,0
4.847703145,0
4.848397658,0
4.849092172,0
4.849786685,0
4.850481199,0
4.851175712,0
4.851870225,0
4.852564739,0
4.853259252,0
4.853953765,0
4.854648279,0
4.855342792,0
4.856037305,0
4.856731819,0
4.857426332,0
4.858120845,0
4.858815359,0
4.859509872,0
4.860204385,0
4.860898899,0
4.861593412,0
4.862287925,0
4.862982439,0
4.863676952,0
4.864371465,0
4.865065979,0
4.865760492,0
4.866455005,0
4.867149519,0
4.867844032,0
4.868538545,0
4.869233059,0
4.869927572,0
4.870622086,0
4.871316599,0
4.872011112,0
4.872705626,0
4.873400139,0
4.874094652,0
4.874789166,0
4.875483679,0
4.876178192,0
4.876872706,0
4.877567219,0
4.878261732,0
4.878956246,0
4.879650759,0
4.880345272,0
4.881039786,0
4.881734299,0
4.882428812,0
4.883123326,0
4.883817839,0
4.884512352,0
4.885206866,0
4.885901379,0
4.886595892,0
4.887290406,0
4.887984919,0
4.888679432,0
4.889373946,0
4.890068459,0
4.890762973,0
4.891457486,0
4.892151999,0
4.892846513,0
4.893541026,0
4.894235539,0
4.894930053,0
4.895624566,0
4.896319079,0
4.897013593,0
4.897708106,0
4.898402619,0
4.899097133,0
4.899791646,0
4.900486159,0
4.901180673,0
4.901875186,0
4.902569699,0
4.903264213,0
4.903958726,0
4.904653239,0
4.905347753,0
4.906042266,0
4.906736779,0
4.907431293,0
4.908125806,0
4.908820319,0
4.909514833,0
4.910209346,0
4.91090386,0
4.911598373,0
4.912292886,0
4.9129874,0
4.913681913,0
4.914376426,0
4.91507094,0
4.915765453,0
4.916459966,0
4.91715448,0
4.917848993,0
4.918543506,0
4.91923802,0
4.919932533,0
4.920627046,0
4.92132156,0
4.922016073,0
4.922710586,0
4.9234051,0
4.924099613,0
4.924794126,0
4.92548864,0
4.926183153,0
4.926877666,0
4.92757218,0
4.928266693,0
4.928961206,0
4.92965572,0
4.930350233,0
4.931044747,0
4.93173926,0
4.932433773,0
4.933128287,0
4.9338228,0
4.934517313,0
4.935211827,0
4.93590634,0
4.936600853,0
4.937295367,0
4.93798988,0
4.938684393,0
4.939378907,0
4.94007342,0
4.940767933,0
4.941462447,0
4.94215696,0
4.942851473,0
4.943545987,0
4.9442405,0
4.944935013,0
4.945629527,0
4.94632404,0
4.947018553,0
4.947713067,0
4.94840758,0
4.949102093,0
4.949796607,0
4.95049112,0
4.951185633,0
4.951880147,0
4.95257466,0
4.953269174,0
4.953963687,0
4.9546582,0
4.955352714,0
4.956047227,0
4.95674174,0
4.957436254,0
4.958130767,0
4.95882528,0
4.959519794,0
4.960214307,0
4.96090882,0
4.961603334,0
4.962297847,0
4.96299236,0
4.963686874,0
4.964381387,0
4.9650759,0
4.965770414,0
4.966464927,0
4.96715944,0
4.967853954,0
4.968548467,0
4.96924298,0
4.969937494,0
4.970632007,0
4.97132652,0
4.972021034,0
4.972715547,0
4.973410061,0
4.974104574,0
4.974799087,0
4.975493601,0
4.976188114,0
4.976882627,0
4.977577141,0
4.978271654,0
4.978966167,0
4.979660681,0
4.980355194,0
4.981049707,0
4.981744221,0
4.982438734,0
4.983133247,0
4.983827761,0
4.984522274,0
4.985216787,0
4.985911301,0
4.986605814,0
4.987300327,0
4.987994841,0
4.988689354,0
4.989383867,0
4.990078381,0
4.990772894,0
4.991467407,0
4.992161921,0
4.992856434,0
4.993550948,0
4.994245461,0
4.994939974,0
4.995634488,0
4.996329001,0
4.997023514,0
4.997718028,0
4.998412541,0
4.999107054,0
4.999801568,0
5.000496081,0
5.001190594,0
5.001885108,0
5.002579621,0
5.003274134,0
5.003968648,0
5.004663161,0
5.005357674,0
5.006052188,0
5.006746701,0
5.007441214,0
5.008135728,0
5.008830241,0
5.009524754,0
5.010219268,0
5.010913781,0
5.011608294,0
5.012302808,0
5.012997321,0
5.013691835,0
5.014386348,0
5.015080861,0
5.015775375,0
5.016469888,0
5.017164401,0
5.017858915,0
5.018553428,0
5.019247941,0
5.019942455,0
5.020636968,0
5.021331481,0
5.022025995,0
5.022720508,0
5.023415021,0
5.024109535,0
5.024804048,0
5.025498561,0
5.026193075,0
5.026887588,0
5.027582101,0
5.028276615,0
5.028971128,0
5.029665641,0
5.030360155,0
5.031054668,0
5.031749181,0
5.032443695,0
5.033138208,0
5.033832722,0
5.034527235,0
5.035221748,0
5.035916262,0
5.036610775,0
5.037305288,0
5.037999802,0
5.038694315,0
5.039388828,0
5.040083342,0
5.040777855,0
5.041472368,0
5.042166882,0
5.042861395,0
5.043555908,0
5.044250422,0
5.044944935,0
5.045639448,0
5.046333962,0
5.047028475,0
5.047722988,0
5.048417502,0
5.049112015,0
5.049806528,0
5.050501042,0
5.051195555,0
5.051890068,0
5.052584582,0
5.053279095,0
5.053973608,0
5.054668122,0
5.055362635,0
5.056057149,0
5.056751662,0
5.057446175,0
5.058140689,0
5.058835202,0
5.059529715,0
5.060224229,0
5.060918742,0
5.061613255,0
5.062307769,0
5.063002282,0
5.063696795,0
5.064391309,0
5.065085822,0
5.065780335,0
5.066474849,0
5.067169362,0
5.067863875,0
5.068558389,0
5.069252902,0
5.069947415,0
5.070641929,0
5.071336442,0
5.072030955,0
5.072725469,0
5.073419982,0
5.074114495,0
5.074809009,0
5.075503522,0
5.076198036,0
5.076892549,0
5.077587062,0
5.078281576,0
5.078976089,0
5.079670602,0
5.080365116,0
5.081059629,0
5.081754142,0
5.082448656,0
5.083143169,0
5.083837682,0
5.084532196,0
5.085226709,0
5.085921222,0
5.086615736,0
5.087310249,0
5.088004762,0
5.088699276,0
5.089393789,0
5.090088302,0
5.090782816,0
5.091477329,0
5.092171842,0
5.092866356,0
5.093560869,0
5.094255382,0
5.094949896,0
5.095644409,0
5.096338923,0
5.097033436,0
5.097727949,0
5.098422463,0
5.099116976,0
5.099811489,0
5.100506003,0
5.101200516,0
5.101895029,0
5.102589543,0
5.103284056,0
5.103978569,0
5.104673083,0
5.105367596,0
5.106062109,0
5.106756623,0
5.107451136,0
5.108145649,0
5.108840163,0
5.109534676,0
5.110229189,0
5.110923703,0
5.111618216,0
5.112312729,0
5.113007243,0
5.113701756,0
5.114396269,0
5.115090783,0
5.115785296,0
5.11647981,0
5.117174323,0
5.117868836,0
5.11856335,0
5.119257863,0
5.119952376,0
5.12064689,0
5.121341403,0
5.122035916,0
5.12273043,0
5.123424943,0
5.124119456,0
5.12481397,0
5.125508483,0
5.126202996,0
5.12689751,0
5.127592023,0
5.128286536,0
5.12898105,0
5.129675563,0
5.130370076,0
5.13106459,0
5.131759103,0
5.132453616,0
5.13314813,0
5.133842643,0
5.134537156,0
5.13523167,0
5.135926183,0
5.136620696,0
5.13731521,0
5.138009723,0
5.138704237,0
5.13939875,0
5.140093263,0
5.140787777,0
5.14148229,0
5.142176803,0
5.142871317,0
5.14356583,0
5.144260343,0
5.144954857,0
5.14564937,0
5.146343883,0
5.147038397,0
5.14773291,0
5.148427423,0
5.149121937,0
5.14981645,0
5.150510963,0
5.151205477,0
5.15189999,0
5.152594503,0
5.153289017,0
5.15398353,0
5.154678043,0
5.155372557,0
5.15606707,0
5.156761583,0
5.157456097,0
5.15815061,0
5.158845124,0
5.159539637,0
5.16023415,0
5.160928664,0
5.161623177,0
5.16231769,0
5.163012204,0
5.163706717,0
5.16440123,0
5.165095744,0
5.165790257,0
5.16648477,0
5.167179284,0
5.167873797,0
5.16856831,0
5.169262824,0
5.169957337,0
5.17065185,0
5.171346364,0
5.172040877,0
5.17273539,0
5.173429904,0
5.174124417,0
5.17481893,0
5.175513444,0
5.176207957,0
5.17690247,0
5.177596984,0
5.178291497,0
5.178986011,0
5.179680524,0
5.180375037,0
5.181069551,0
5.181764064,0
5.182458577,0
5.183153091,0
5.183847604,0
5.184542117,0
5.185236631,0
5.185931144,0
5.186625657,0
5.187320171,0
5.188014684,0
5.188709197,0
5.189403711,0
5.190098224,0
5.190792737,0
5.191487251,0
5.192181764,0
5.192876277,0
5.193570791,0
5.194265304,0
5.194959817,0
5.195654331,0
5.196348844,0
5.197043357,0
5.197737871,0
5.198432384,0
5.199126898,0
5.199821411,0
5.200515924,0
5.201210438,0
5.201904951,0
5.202599464,0
5.203293978,0
5.203988491,0
5.204683004,0
5.205377518,0
5.206072031,0
5.206766544,0
5.207461058,0
5.208155571,0
5.208850084,0
5.209544598,0
5.210239111,0
5.210933624,0
5.211628138,0
5.212322651,0
5.213017164,0
5.213711678,0
5.214406191,0
5.215100704,0
5.215795218,0
5.216489731,0
5.217184244,0
5.217878758,0
5.218573271,0
5.219267785,0
5.219962298,0
5.220656811,0
5.221351325,0
5.222045838,0
5.222740351,0
5.223434865,0
5.224129378,0
5.224823891,0
5.225518405,0
5.226212918,0
5.226907431,0
5.227601945,0
5.228296458,0
5.228990971,0
5.229685485,0
5.230379998,0
5.231074511,0
5.231769025,0
5.232463538,0
5.233158051,0
5.233852565,0
5.234547078,0
5.235241591,0
5.235936105,0
5.236630618,0
5.237325131,0
5.238019645,0
5.238714158,0
5.239408671,0
5.240103185,0
5.240797698,0
5.241492212,0
5.242186725,0
5.242881238,0
5.243575752,0
5.244270265,0
5.244964778,0
5.245659292,0
5.246353805,0
5.247048318,0
5.247742832,0
5.248437345,0
5.249131858,0
5.249826372,0
5.250520885,0
5.251215398,0
5.251909912,0
5.252604425,0
5.253298938,0
5.253993452,0
5.254687965,0
5.255382478,0
5.256076992,0
5.256771505,0
5.257466018,0
5.258160532,0
5.258855045,0
5.259549558,0
5.260244072,0
5.260938585,0
5.261633099,0
5.262327612,0
5.263022125,0
5.263716639,0
5.264411152,0
5.265105665,0
5.265800179,0
5.266494692,0
5.267189205,0
5.267883719,0
5.268578232,0
5.269272745,0
5.269967259,0
5.270661772,0
5.271356285,0
5.272050799,0
5.272745312,0
5.273439825,0
5.274134339,0
5.274828852,0
5.275523365,0
5.276217879,0
5.276912392,0
5.277606905,0
5.278301419,0
5.278995932,0
5.279690445,0
5.280384959,0
5.281079472,0
5.281773986,0
5.282468499,0
5.283163012,0
5.283857526,0
5.284552039,0
5.285246552,0
5.285941066,0
5.286635579,0
5.287330092,0
5.288024606,0
5.288719119,0
5.289413632,0
5.290108146,0
5.290802659,0
5.291497172,0
5.292191686,0
5.292886199,0
5.293580712,0
5.294275226,0
5.294969739,0
5.295664252,0
5.296358766,0
5.297053279,0
5.297747792,0
5.298442306,0
5.299136819,0
5.299831332,0
5.300525846,0
5.301220359,0
5.301914873,0
5.302609386,0
5.303303899,0
5.303998413,0
5.304692926,0
5.305387439,0
5.306081953,0
5.306776466,0
5.307470979,0
5.308165493,0
5.308860006,0
5.309554519,0
5.310249033,0
5.310943546,0
5.311638059,0
5.312332573,0
5.313027086,0
5.313721599,0
5.314416113,0
5.315110626,0
5.315805139,0
5.316499653,0
5.317194166,0
5.317888679,0
5.318583193,0
5.319277706,0
5.319972219,0
5.320666733,0
5.321361246,0
5.322055759,0
5.322750273,0
5.323444786,0
5.3241393,0
5.324833813,0
5.325528326,0
5.32622284,0
5.326917353,0
5.327611866,0
5.32830638,0
5.329000893,0
5.329695406,0
5.33038992,0
5.331084433,0
5.331778946,0
5.33247346,0
5.333167973,0
5.333862486,0
5.334557,0
5.335251513,0
5.335946026,0
5.33664054,0
5.337335053,0
5.338029566,0
5.33872408,0
5.339418593,0
5.340113106,0
5.34080762,0
5.341502133,0
5.342196646,0
5.34289116,0
5.343585673,0
5.344280187,0
5.3449747,0
5.345669213,0
5.346363727,0
5.34705824,0
5.347752753,0
5.348447267,0
5.34914178,0
5.349836293,0
5.350530807,0
5.35122532,0
5.351919833,0
5.352614347,0
5.35330886,0
5.354003373,0
5.354697887,0
5.3553924,0
5.356086913,0
5.356781427,0
5.35747594,0
5.358170453,0
5.358864967,0
5.35955948,0
5.360253993,0
5.360948507,0
5.36164302,0
5.362337533,0
5.363032047,0
5.36372656,0
5.364421074,0
5.365115587,0
5.3658101,0
5.366504614,0
5.367199127,0
5.36789364,0
5.368588154,0
5.369282667,0
5.36997718,0
5.370671694,0
5.371366207,0
5.37206072,0
5.372755234,0
5.373449747,0
5.37414426,0
5.374838774,0
5.375533287,0
5.3762278,0
5.376922314,0
5.377616827,0
5.37831134,0
5.379005854,0
5.379700367,0
5.38039488,0
5.381089394,0
5.381783907,0
5.38247842,0
5.383172934,0
5.383867447,0
5.384561961,0
5.385256474,0
5.385950987,0
5.386645501,0
5.387340014,0
5.388034527,0
5.388729041,0
5.389423554,0
5.390118067,0
5.390812581,0
5.391507094,0
5.392201607,0
5.392896121,0
5.393590634,0
5.394285147,0
5.394979661,0
5.395674174,0
5.396368687,0
5.397063201,0
5.397757714,0
5.398452227,0
5.399146741,0
5.399841254,0
5.400535767,0
5.401230281,0
5.401924794,0
5.402619307,0
5.403313821,0
5.404008334,0
5.404702848,0
5.405397361,0
5.406091874,0
5.406786388,0
5.407480901,0
5.408175414,0
5.408869928,0
5.409564441,0
5.410258954,0
5.410953468,0
5.411647981,0
5.412342494,0
5.413037008,0
5.413731521,0
5.414426034,0
5.415120548,0
5.415815061,0
5.416509574,0
5.417204088,0
5.417898601,0
5.418593114,0
5.419287628,0
5.419982141,0
5.420676654,0
5.421371168,0
5.422065681,0
5.422760194,0
5.423454708,0
5.424149221,0
5.424843734,0
5.425538248,0
5.426232761,0
5.426927275,0
5.427621788,0
5.428316301,0
5.429010815,0
5.429705328,0
5.430399841,0
5.431094355,0
5.431788868,0
5.432483381,0
5.433177895,0
5.433872408,0
5.434566921,0
5.435261435,0
5.435955948,0
5.436650461,0
5.437344975,0
5.438039488,0
5.438734001,0
5.439428515,0
5.440123028,0
5.440817541,0
5.441512055,0
5.442206568,0
5.442901081,0
5.443595595,0
5.444290108,0
5.444984621,0
5.445679135,0
5.446373648,0
5.447068162,0
5.447762675,0
5.448457188,0
5.449151702,0
5.449846215,0
5.450540728,0
5.451235242,0
5.451929755,0
5.452624268,0
5.453318782,0
5.454013295,0
5.454707808,0
5.455402322,0
5.456096835,0
5.456791348,0
5.457485862,0
5.458180375,0
5.458874888,0
5.459569402,0
5.460263915,0
5.460958428,0
5.461652942,0
5.462347455,0
5.463041968,0
5.463736482,0
5.464430995,0
5.465125508,0
5.465820022,0
5.466514535,0
5.467209049,0
5.467903562,0
5.468598075,0
5.469292589,0
5.469987102,0
5.470681615,0
5.471376129,0
5.472070642,0
5.472765155,0
5.473459669,0
5.474154182,0
5.474848695,0
5.475543209,0
5.476237722,0
5.476932235,0
5.477626749,0
5.478321262,0
5.479015775,0
5.479710289,0
5.480404802,0
5.481099315,0
5.481793829,0
5.482488342,0
5.483182855,0
5.483877369,0
5.484571882,0
5.485266395,0
5.485960909,0
5.486655422,0
5.487349936,0
5.488044449,0
5.488738962,0
5.489433476,0
5.490127989,0
5.490822502,0
5.491517016,0
5.492211529,0
5.492906042,0
5.493600556,0
5.494295069,0
5.494989582,0
5.495684096,0
5.496378609,0
5.497073122,0
5.497767636,0
5.498462149,0
5.499156662,0
5.499851176,0
5.500545689,0
5.501240202,0
5.501934716,0
5.502629229,0
5.503323742,0
5.504018256,0
5.504712769,0
5.505407282,0
5.506101796,0
5.506796309,0
5.507490823,0
5.508185336,0
5.508879849,0
5.509574363,0
5.510268876,0
5.510963389,0
5.511657903,0
5.512352416,0
5.513046929,0
5.513741443,0
5.514435956,0
5.515130469,0
5.515824983,0
5.516519496,0
5.517214009,0
5.517908523,0
5.518603036,0
5.519297549,0
5.519992063,0
5.520686576,0
5.521381089,0
5.522075603,0
5.522770116,0
5.523464629,0
5.524159143,0
5.524853656,0
5.525548169,0
5.526242683,0
5.526937196,0
5.527631709,0
5.528326223,0
5.529020736,0
5.52971525,0
5.530409763,0
5.531104276,0
5.53179879,0
5.532493303,0
5.533187816,0
5.53388233,0
5.534576843,0
5.535271356,0
5.53596587,0
5.536660383,0
5.537354896,0
5.53804941,0
5.538743923,0
5.539438436,0
5.54013295,0
5.540827463,0
5.541521976,0
5.54221649,0
5.542911003,0
5.543605516,0
5.54430003,0
5.544994543,0
5.545689056,0
5.54638357,0
5.547078083,0
5.547772596,0
5.54846711,0
5.549161623,0
5.549856137,0
5.55055065,0
5.551245163,0
5.551939677,0
5.55263419,0
5.553328703,0
5.554023217,0
5.55471773,0
5.555412243,0
5.556106757,0
5.55680127,0
5.557495783,0
5.558190297,0
5.55888481,0
5.559579323,0
5.560273837,0
5.56096835,0
5.561662863,0
5.562357377,0
5.56305189,0
5.563746403,0
5.564440917,0
5.56513543,0
5.565829943,0
5.566524457,0
5.56721897,0
5.567913483,0
5.568607997,0
5.56930251,0
5.569997024,0
5.570691537,0
5.57138605,0
5.572080564,0
5.572775077,0
5.57346959,0
5.574164104,0
5.574858617,0
5.57555313,0
5.576247644,0
5.576942157,0
5.57763667,0
5.578331184,0
5.579025697,0
5.57972021,0
5.580414724,0
5.581109237,0
5.58180375,0
5.582498264,0
5.583192777,0
5.58388729,0
5.584581804,0
5.585276317,0
5.58597083,0
5.586665344,0
5.587359857,0
5.58805437,0
5.588748884,0
5.589443397,0
5.590137911,0
5.590832424,0
5.591526937,0
5.592221451,0
5.592915964,0
5.593610477,0
5.594304991,0
5.594999504,0
5.595694017,0
5.596388531,0
5.597083044,0
5.597777557,0
5.598472071,0
5.599166584,0
5.599861097,0
5.600555611,0
5.601250124,0
5.601944637,0
5.602639151,0
5.603333664,0
5.604028177,0
5.604722691,0
5.605417204,0
5.606111717,0
5.606806231,0
5.607500744,0
5.608195257,0
5.608889771,0
5.609584284,0
5.610278797,0
5.610973311,0
5.611667824,0
5.612362338,0
5.613056851,0
5.613751364,0
5.614445878,0
5.615140391,0
5.615834904,0
5.616529418,0
5.617223931,0
5.617918444,0
5.618612958,0
5.619307471,0
5.620001984,0
5.620696498,0
5.621391011,0
5.622085524,0
5.622780038,0
5.623474551,0
5.624169064,0
5.624863578,0
5.625558091,0
5.626252604,0
5.626947118,0
5.627641631,0
5.628336144,0
5.629030658,0
5.629725171,0
5.630419684,0
5.631114198,0
5.631808711,0
5.632503225,0
5.633197738,0
5.633892251,0
5.634586765,0
5.635281278,0
5.635975791,0
5.636670305,0
5.637364818,0
5.638059331,0
5.638753845,0
5.639448358,0
5.640142871,0
5.640837385,0
5.641531898,0
5.642226411,0
5.642920925,0
5.643615438,0
5.644309951,0
5.645004465,0
5.645698978,0
5.646393491,0
5.647088005,0
5.647782518,0
5.648477031,0
5.649171545,0
5.649866058,0
5.650560571,0
5.651255085,0
5.651949598,0
5.652644112,0
5.653338625,0
5.654033138,0
5.654727652,0
5.655422165,0
5.656116678,0
5.656811192,0
5.657505705,0
5.658200218,0
5.658894732,0
5.659589245,0
5.660283758,0
5.660978272,0
5.661672785,0
5.662367298,0
5.663061812,0
5.663756325,0
5.664450838,0
5.665145352,0
5.665839865,0
5.666534378,0
5.667228892,0
5.667923405,0
5.668617918,0
5.669312432,0
5.670006945,0
5.670701458,0
5.671395972,0
5.672090485,0
5.672784999,0
5.673479512,0
5.674174025,0
5.674868539,0
5.675563052,0
5.676257565,0
5.676952079,0
5.677646592,0
5.678341105,0
5.679035619,0
5.679730132,0
5.680424645,0
5.681119159,0
5.681813672,0
5.682508185,0
5.683202699,0
5.683897212,0
5.684591725,0
5.685286239,0
5.685980752,0
5.686675265,0
5.687369779,0
5.688064292,0
5.688758805,0
5.689453319,0
5.690147832,0
5.690842345,0
5.691536859,0
5.692231372,0
5.692925886,0
5.693620399,0
5.694314912,0
5.695009426,0
5.695703939,0
5.696398452,0
5.697092966,0
5.697787479,0
5.698481992,0
5.699176506,0
5.699871019,0
5.700565532,0
5.701260046,0
5.701954559,0
5.702649072,0
5.703343586,0
5.704038099,0
5.704732612,0
5.705427126,0
5.706121639,0
5.706816152,0
5.707510666,0
5.708205179,0
5.708899692,0
5.709594206,0
5.710288719,0
5.710983232,0
5.711677746,0
5.712372259,0
5.713066772,0
5.713761286,0
5.714455799,0
5.715150313,0
5.715844826,0
5.716539339,0
5.717233853,0
5.717928366,0
5.718622879,0
5.719317393,0
5.720011906,0
5.720706419,0
5.721400933,0
5.722095446,0
5.722789959,0
5.723484473,0
5.724178986,0
5.724873499,0
5.725568013,0
5.726262526,0
5.726957039,0
5.727651553,0
5.728346066,0
5.729040579,0
5.729735093,0
5.730429606,0
5.731124119,0
5.731818633,0
5.732513146,0
5.733207659,0
5.733902173,0
5.734596686,0
5.7352912,0
5.735985713,0
5.736680226,0
5.73737474,0
5.738069253,0
5.738763766,0
5.73945828,0
5.740152793,0
5.740847306,0
5.74154182,0
5.742236333,0
5.742930846,0
5.74362536,0
5.744319873,0
5.745014386,0
5.7457089,0
5.746403413,0
5.747097926,0
5.74779244,0
5.748486953,0
5.749181466,0
5.74987598,0
5.750570493,0
5.751265006,0
5.75195952,0
5.752654033,0
5.753348546,0
5.75404306,0
5.754737573,0
5.755432087,0
5.7561266,0
5.756821113,0
5.757515627,0
5.75821014,0
5.758904653,0
5.759599167,0
5.76029368,0
5.760988193,0
5.761682707,0
5.76237722,0
5.763071733,0
5.763766247,0
5.76446076,0
5.765155273,0
5.765849787,0
5.7665443,0
5.767238813,0
5.767933327,0
5.76862784,0
5.769322353,0
5.770016867,0
5.77071138,0
5.771405893,0
5.772100407,0
5.77279492,0
5.773489433,0
5.774183947,0
5.77487846,0
5.775572974,0
5.776267487,0
5.776962,0
5.777656514,0
5.778351027,0
5.77904554,0
5.779740054,0
5.780434567,0
5.78112908,0
5.781823594,0
5.782518107,0
5.78321262,0
5.783907134,0
5.784601647,0
5.78529616,0
5.785990674,0
5.786685187,0
5.7873797,0
5.788074214,0
5.788768727,0
5.78946324,0
5.790157754,0
5.790852267,0
5.79154678,0
5.792241294,0
5.792935807,0
5.79363032,0
5.794324834,0
5.795019347,0
5.795713861,0
5.796408374,0
5.797102887,0
5.797797401,0
5.798491914,0
5.799186427,0
5.799880941,0
5.800575454,0
5.801269967,0
5.801964481,0
5.802658994,0
5.803353507,0
5.804048021,0
5.804742534,0
5.805437047,0
5.806131561,0
5.806826074,0
5.807520587,0
5.808215101,0
5.808909614,0
5.809604127,0
5.810298641,0
5.810993154,0
5.811687667,0
5.812382181,0
5.813076694,0
5.813771207,0
5.814465721,0
5.815160234,0
5.815854747,0
5.816549261,0
5.817243774,0
5.817938288,0
5.818632801,0
5.819327314,0
5.820021828,0
5.820716341,0
5.821410854,0
5.822105368,0
5.822799881,0
5.823494394,0
5.824188908,0
5.824883421,0
5.825577934,0
5.826272448,0
5.826966961,0
5.827661474,0
5.828355988,0
5.829050501,0
5.829745014,0
5.830439528,0
5.831134041,0
5.831828554,0
5.832523068,0
5.833217581,0
5.833912094,0
5.834606608,0
5.835301121,0
5.835995634,0
5.836690148,0
5.837384661,0
5.838079175,0
5.838773688,0
5.839468201,0
5.840162715,0
5.840857228,0
5.841551741,0
5.842246255,0
5.842940768,0
5.843635281,0
5.844329795,0
5.845024308,0
5.845718821,0
5.846413335,0
5.847107848,0
5.847802361,0
5.848496875,0
5.849191388,0
5.849885901,0
5.850580415,0
5.851274928,0
5.851969441,0
5.852663955,0
5.853358468,0
5.854052981,0
5.854747495,0
5.855442008,0
5.856136521,0
5.856831035,0
5.857525548,0
5.858220062,0
5.858914575,0
5.859609088,0
5.860303602,0
5.860998115,0
5.861692628,0
5.862387142,0
5.863081655,0
5.863776168,0
5.864470682,0
5.865165195,0
5.865859708,0
5.866554222,0
5.867248735,0
5.867943248,0
5.868637762,0
5.869332275,0
5.870026788,0
5.870721302,0
5.871415815,0
5.872110328,0
5.872804842,0
5.873499355,0
5.874193868,0
5.874888382,0
5.875582895,0
5.876277408,0
5.876971922,0
5.877666435,0
5.878360949,0
5.879055462,0
5.879749975,0
5.880444489,0
5.881139002,0
5.881833515,0
5.882528029,0
5.883222542,0
5.883917055,0
5.884611569,0
5.885306082,0
5.886000595,0
5.886695109,0
5.887389622,0
5.888084135,0
5.888778649,0
5.889473162,0
5.890167675,0
5.890862189,0
5.891556702,0
5.892251215,0
5.892945729,0
5.893640242,0
5.894334755,0
5.895029269,0
5.895723782,0
5.896418295,0
5.897112809,0
5.897807322,0
5.898501835,0
5.899196349,0
5.899890862,0
5.900585376,0
5.901279889,0
5.901974402,0
5.902668916,0
5.903363429,0
5.904057942,0
5.904752456,0
5.905446969,0
5.906141482,0
5.906835996,0
5.907530509,0
5.908225022,0
5.908919536,0
5.909614049,0
5.910308562,0
5.911003076,0
5.911697589,0
5.912392102,0
5.913086616,0
5.913781129,0
5.914475642,0
5.915170156,0
5.915864669,0
5.916559182,0
5.917253696,0
5.917948209,0
5.918642722,0
5.919337236,0
5.920031749,0
5.920726263,0
5.921420776,0
5.922115289,0
5.922809803,0
5.923504316,0
5.924198829,0
5.924893343,0
5.925587856,0
5.926282369,0
5.926976883,0
5.927671396,0
5.928365909,0
5.929060423,0
5.929754936,0
5.930449449,0
5.931143963,0
5.931838476,0
5.932532989,0
5.933227503,0
5.933922016,0
5.934616529,0
5.935311043,0
5.936005556,0
5.936700069,0
5.937394583,0
5.938089096,0
5.938783609,0
5.939478123,0
5.940172636,0
5.94086715,0
5.941561663,0
5.942256176,0
5.94295069,0
5.943645203,0
5.944339716,0
5.94503423,0
5.945728743,0
5.946423256,0
5.94711777,0
5.947812283,0
5.948506796,0
5.94920131,0
5.949895823,0
5.950590336,0
5.95128485,0
5.951979363,0
5.952673876,0
5.95336839,0
5.954062903,0
5.954757416,0
5.95545193,0
5.956146443,0
5.956840956,0
5.95753547,0
5.958229983,0
5.958924496,0
5.95961901,0
5.960313523,0
5.961008037,0
5.96170255,0
5.962397063,0
5.963091577,0
5.96378609,0
5.964480603,0
5.965175117,0
5.96586963,0
5.966564143,0
5.967258657,0
5.96795317,0
5.968647683,0
5.969342197,0
5.97003671,0
5.970731223,0
5.971425737,0
5.97212025,0
5.972814763,0
5.973509277,0
5.97420379,0
5.974898303,0
5.975592817,0
5.97628733,0
5.976981843,0
5.977676357,0
5.97837087,0
5.979065383,0
5.979759897,0
5.98045441,0
5.981148924,0
5.981843437,0
5.98253795,0
5.983232464,0
5.983926977,0
5.98462149,0
5.985316004,0
5.986010517,0
5.98670503,0
5.987399544,0
5.988094057,0
5.98878857,0
5.989483084,0
5.990177597,0
5.99087211,0
5.991566624,0
5.992261137,0
5.99295565,0
5.993650164,0
5.994344677,0
5.99503919,0
5.995733704,0
5.996428217,0
5.99712273,0
5.997817244,0
5.998511757,0
5.99920627,0
5.999900784,0
6.000595297,0
6.00128981,0
6.001984324,0
6.002678837,0
6.003373351,0
6.004067864,0
6.004762377,0
6.005456891,0
6.006151404,0
6.006845917,0
6.007540431,0
6.008234944,0
6.008929457,0
6.009623971,0
6.010318484,0
6.011012997,0
6.011707511,0
6.012402024,0
6.013096537,0
6.013791051,0
6.014485564,0
6.015180077,0
6.015874591,0
6.016569104,0
6.017263617,0
6.017958131,0
6.018652644,0
6.019347157,0
6.020041671,0
6.020736184,0
6.021430697,0
6.022125211,0
6.022819724,0
6.023514238,0
6.024208751,0
6.024903264,0
6.025597778,0
6.026292291,0
6.026986804,0
6.027681318,0
6.028375831,0
6.029070344,0
6.029764858,0
6.030459371,0
6.031153884,0
6.031848398,0
6.032542911,0
6.033237424,0
6.033931938,0
6.034626451,0
6.035320964,0
6.036015478,0
6.036709991,0
6.037404504,0
6.038099018,0
6.038793531,0
6.039488044,0
6.040182558,0
6.040877071,0
6.041571584,0
6.042266098,0
6.042960611,0
6.043655125,0
6.044349638,0
6.045044151,0
6.045738665,0
6.046433178,0
6.047127691,0
6.047822205,0
6.048516718,0
6.049211231,0
6.049905745,0
6.050600258,0
6.051294771,0
6.051989285,0
6.052683798,0
6.053378311,0
6.054072825,0
6.054767338,0
6.055461851,0
6.056156365,0
6.056850878,0
6.057545391,0
6.058239905,0
6.058934418,0
6.059628931,0
6.060323445,0
6.061017958,0
6.061712471,0
6.062406985,0
6.063101498,0
6.063796012,0
6.064490525,0
6.065185038,0
6.065879552,0
6.066574065,0
6.067268578,0
6.067963092,0
6.068657605,0
6.069352118,0
6.070046632,0
6.070741145,0
6.071435658,0
6.072130172,0
6.072824685,0
6.073519198,0
6.074213712,0
6.074908225,0
6.075602738,0
6.076297252,0
6.076991765,0
6.077686278,0
6.078380792,0
6.079075305,0
6.079769818,0
6.080464332,0
6.081158845,0
6.081853358,0
6.082547872,0
6.083242385,0
6.083936899,0
6.084631412,0
6.085325925,0
6.086020439,0
6.086714952,0
6.087409465,0
6.088103979,0
6.088798492,0
6.089493005,0
6.090187519,0
6.090882032,0
6.091576545,0
6.092271059,0
6.092965572,0
6.093660085,0
6.094354599,0
6.095049112,0
6.095743625,0
6.096438139,0
6.097132652,0
6.097827165,0
6.098521679,0
6.099216192,0
6.099910705,0
6.100605219,0
6.101299732,0
6.101994245,0
6.102688759,0
6.103383272,0
6.104077785,0
6.104772299,0
6.105466812,0
6.106161326,0
6.106855839,0
6.107550352,0
6.108244866,0
6.108939379,0
6.109633892,0
6.110328406,0
6.111022919,0
6.111717432,0
6.112411946,0
6.113106459,0
6.113800972,0
6.114495486,0
6.115189999,0
6.115884512,0
6.116579026,0
6.117273539,0
6.117968052,0
6.118662566,0
6.119357079,0
6.120051592,0
6.120746106,0
6.121440619,0
6.122135132,0
6.122829646,0
6.123524159,0
6.124218672,0
6.124913186,0
6.125607699,0
6.126302213,0
6.126996726,0
6.127691239,0
6.128385753,0
6.129080266,0
6.129774779,0
6.130469293,0
6.131163806,0
6.131858319,0
6.132552833,0
6.133247346,0
6.133941859,0
6.134636373,0
6.135330886,0
6.136025399,0
6.136719913,0
6.137414426,0
6.138108939,0
6.138803453,0
6.139497966,0
6.140192479,0
6.140886993,0
6.141581506,0
6.142276019,0
6.142970533,0
6.143665046,0
6.144359559,0
6.145054073,0
6.145748586,0
6.1464431,0
6.147137613,0
6.147832126,0
6.14852664,0
6.149221153,0
6.149915666,0
6.15061018,0
6.151304693,0
6.151999206,0
6.15269372,0
6.153388233,0
6.154082746,0
6.15477726,0
6.155471773,0
6.156166286,0
6.1568608,0
6.157555313,0
6.158249826,0
6.15894434,0
6.159638853,0
6.160333366,0
6.16102788,0
6.161722393,0
6.162416906,0
6.16311142,0
6.163805933,0
6.164500446,0
6.16519496,0
6.165889473,0
6.166583987,0
6.1672785,0
6.167973013,0
6.168667527,0
6.16936204,0
6.170056553,0
6.170751067,0
6.17144558,0
6.172140093,0
6.172834607,0
6.17352912,0
6.174223633,0
6.174918147,0
6.17561266,0
6.176307173,0
6.177001687,0
6.1776962,0
6.178390713,0
6.179085227,0
6.17977974,0
6.180474253,0
6.181168767,0
6.18186328,0
6.182557793,0
6.183252307,0
6.18394682,0
6.184641333,0
6.185335847,0
6.18603036,0
6.186724873,0
6.187419387,0
6.1881139,0
6.188808414,0
6.189502927,0
6.19019744,0
6.190891954,0
6.191586467,0
6.19228098,0
6.192975494,0
6.193670007,0
6.19436452,0
6.195059034,0
6.195753547,0
6.19644806,0
6.197142574,0
6.197837087,0
6.1985316,0
6.199226114,0
6.199920627,0
6.20061514,0
6.201309654,0
6.202004167,0
6.20269868,0
6.203393194,0
6.204087707,0
6.20478222,0
6.205476734,0
6.206171247,0
6.20686576,0
6.207560274,0
6.208254787,0
6.208949301,0
6.209643814,0
6.210338327,0
6.211032841,0
6.211727354,0
6.212421867,0
6.213116381,0
6.213810894,0
6.214505407,0
6.215199921,0
6.215894434,0
6.216588947,0
6.217283461,0
6.217977974,0
6.218672487,0
6.219367001,0
6.220061514,0
6.220756027,0
6.221450541,0
6.222145054,0
6.222839567,0
6.223534081,0
6.224228594,0
6.224923107,0
6.225617621,0
6.226312134,0
6.227006647,0
6.227701161,0
6.228395674,0
6.229090188,0
6.229784701,0
6.230479214,0
6.231173728,0
6.231868241,0
6.232562754,0
6.233257268,0
6.233951781,0
6.234646294,0
6.235340808,0
6.236035321,0
6.236729834,0
6.237424348,0
6.238118861,0
6.238813374,0
6.239507888,0
6.240202401,0
6.240896914,0
6.241591428,0
6.242285941,0
6.242980454,0
6.243674968,0
6.244369481,0
6.245063994,0
6.245758508,0
6.246453021,0
6.247147534,0
6.247842048,0
6.248536561,0
6.249231075,0
6.249925588,0
6.250620101,0
6.251314615,0
6.252009128,0
6.252703641,0
6.253398155,0
6.254092668,0
6.254787181,0
6.255481695,0
6.256176208,0
6.256870721,0
6.257565235,0
6.258259748,0
6.258954261,0
6.259648775,0
6.260343288,0
6.261037801,0
6.261732315,0
6.262426828,0
6.263121341,0
6.263815855,0
6.264510368,0
6.265204881,0
6.265899395,0
6.266593908,0
6.267288421,0
6.267982935,0
6.268677448,0
6.269371962,0
6.270066475,0
6.270760988,0
6.271455502,0
6.272150015,0
6.272844528,0
6.273539042,0
6.274233555,0
6.274928068,0
6.275622582,0
6.276317095,0
6.277011608,0
6.277706122,0
6.278400635,0
6.279095148,0
6.279789662,0
6.280484175,0
6.281178688,0
6.281873202,0
6.282567715,0
6.283262228,0
6.283956742,0
6.284651255,0
6.285345768,0
6.286040282,0
6.286734795,0
6.287429308,0
6.288123822,0
6.288818335,0
6.289512848,0
6.290207362,0
6.290901875,0
6.291596389,0
6.292290902,0
6.292985415,0
6.293679929,0
6.294374442,0
6.295068955,0
6.295763469,0
6.296457982,0
6.297152495,0
6.297847009,0
6.298541522,0
6.299236035,0
6.299930549,0
6.300625062,0
6.301319575,0
6.302014089,0
6.302708602,0
6.303403115,0
6.304097629,0
6.304792142,0
6.305486655,0
6.306181169,0
6.306875682,0
6.307570195,0
6.308264709,0
6.308959222,0
6.309653735,0
6.310348249,0
6.311042762,0
6.311737276,0
6.312431789,0
6.313126302,0
6.313820816,0
6.314515329,0
6.315209842,0
6.315904356,0
6.316598869,0
6.317293382,0
6.317987896,0
6.318682409,0
6.319376922,0
6.320071436,0
6.320765949,0
6.321460462,0
6.322154976,0
6.322849489,0
6.323544002,0
6.324238516,0
6.324933029,0
6.325627542,0
6.326322056,0
6.327016569,0
6.327711082,0
6.328405596,0
6.329100109,0
6.329794622,0
6.330489136,0
6.331183649,0
6.331878163,0
6.332572676,0
6.333267189,0
6.333961703,0
6.334656216,0
6.335350729,0
6.336045243,0
6.336739756,0
6.337434269,0
6.338128783,0
6.338823296,0
6.339517809,0
6.340212323,0
6.340906836,0
6.341601349,0
6.342295863,0
6.342990376,0
6.343684889,0
6.344379403,0
6.345073916,0
6.345768429,0
6.346462943,0
6.347157456,0
6.347851969,0
6.348546483,0
6.349240996,0
6.349935509,0
6.350630023,0
6.351324536,0
6.35201905,0
6.352713563,0
6.353408076,0
6.35410259,0
6.354797103,0
6.355491616,0
6.35618613,0
6.356880643,0
6.357575156,0
6.35826967,0
6.358964183,0
6.359658696,0
6.36035321,0
6.361047723,0
6.361742236,0
6.36243675,0
6.363131263,0
6.363825776,0
6.36452029,0
6.365214803,0
6.365909316,0
6.36660383,0
6.367298343,0
6.367992856,0
6.36868737,0
6.369381883,0
6.370076396,0
6.37077091,0
6.371465423,0
6.372159937,0
6.37285445,0
6.373548963,0
6.374243477,0
6.37493799,0
6.375632503,0
6.376327017,0
6.37702153,0
6.377716043,0
6.378410557,0
6.37910507,0
6.379799583,0
6.380494097,0
6.38118861,0
6.381883123,0
6.382577637,0
6.38327215,0
6.383966663,0
6.384661177,0
6.38535569,0
6.386050203,0
6.386744717,0
6.38743923,0
6.388133743,0
6.388828257,0
6.38952277,0
6.390217283,0
6.390911797,0
6.39160631,0
6.392300823,0
6.392995337,0
6.39368985,0
6.394384364,0
6.395078877,0
6.39577339,0
6.396467904,0
6.397162417,0
6.39785693,0
6.398551444,0
6.399245957,0
6.39994047,0
6.400634984,0
6.401329497,0
6.40202401,0
6.402718524,0
6.403413037,0
6.40410755,0
6.404802064,0
6.405496577,0
6.40619109,0
6.406885604,0
6.407580117,0
6.40827463,0
6.408969144,0
6.409663657,0
6.41035817,0
6.411052684,0
6.411747197,0
6.41244171,0
6.413136224,0
6.413830737,0
6.414525251,0
6.415219764,0
6.415914277,0
6.416608791,0
6.417303304,0
6.417997817,0
6.418692331,0
6.419386844,0
6.420081357,0
6.420775871,0
6.421470384,0
6.422164897,0
6.422859411,0
6.423553924,0
6.424248437,0
6.424942951,0
6.425637464,0
6.426331977,0
6.427026491,0
6.427721004,0
6.428415517,0
6.429110031,0
6.429804544,0
6.430499057,0
6.431193571,0
6.431888084,0
6.432582597,0
6.433277111,0
6.433971624,0
6.434666138,0
6.435360651,0
6.436055164,0
6.436749678,0
6.437444191,0
6.438138704,0
6.438833218,0
6.439527731,0
6.440222244,0
6.440916758,0
6.441611271,0
6.442305784,0
6.443000298,0
6.443694811,0
6.444389324,0
6.445083838,0
6.445778351,0
6.446472864,0
6.447167378,0
6.447861891,0
6.448556404,0
6.449250918,0
6.449945431,0
6.450639944,0
6.451334458,0
6.452028971,0
6.452723484,0
6.453417998,0
6.454112511,0
6.454807025,0
6.455501538,0
6.456196051,0
6.456890565,0
6.457585078,0
6.458279591,0
6.458974105,0
6.459668618,0
6.460363131,0
6.461057645,0
6.461752158,0
6.462446671,0
6.463141185,0
6.463835698,0
6.464530211,0
6.465224725,0
6.465919238,0
6.466613751,0
6.467308265,0
6.468002778,0
6.468697291,0
6.469391805,0
6.470086318,0
6.470780831,0
6.471475345,0
6.472169858,0
6.472864371,0
6.473558885,0
6.474253398,0
6.474947911,0
6.475642425,0
6.476336938,0
6.477031452,0
6.477725965,0
6.478420478,0
6.479114992,0
6.479809505,0
6.480504018,0
6.481198532,0
6.481893045,0
6.482587558,0
6.483282072,0
6.483976585,0
6.484671098,0
6.485365612,0
6.486060125,0
6.486754638,0
6.487449152,0
6.488143665,0
6.488838178,0
6.489532692,0
6.490227205,0
6.490921718,0
6.491616232,0
6.492310745,0
6.493005258,0
6.493699772,0
6.494394285,0
6.495088798,0
6.495783312,0
6.496477825,0
6.497172339,0
6.497866852,0
6.498561365,0
6.499255879,0
6.499950392,0
6.500644905,0
6.501339419,0
6.502033932,0
6.502728445,0
6.503422959,0
6.504117472,0
6.504811985,0
6.505506499,0
6.506201012,0
6.506895525,0
6.507590039,0
6.508284552,0
6.508979065,0
6.509673579,0
6.510368092,0
6.511062605,0
6.511757119,0
6.512451632,0
6.513146145,0
6.513840659,0
6.514535172,0
6.515229685,0
6.515924199,0
6.516618712,0
6.517313226,0
6.518007739,0
6.518702252,0
6.519396766,0
6.520091279,0
6.520785792,0
6.521480306,0
6.522174819,0
6.522869332,0
6.523563846,0
6.524258359,0
6.524952872,0
6.525647386,0
6.526341899,0
6.527036412,0
6.527730926,0
6.528425439,0
6.529119952,0
6.529814466,0
6.530508979,0
6.531203492,0
6.531898006,0
6.532592519,0
6.533287032,0
6.533981546,0
6.534676059,0
6.535370572,0
6.536065086,0
6.536759599,0
6.537454113,0
6.538148626,0
6.538843139,0
6.539537653,0
6.540232166,0
6.540926679,0
6.541621193,0
6.542315706,0
6.543010219,0
6.543704733,0
6.544399246,0
6.545093759,0
6.545788273,0
6.546482786,0
6.547177299,0
6.547871813,0
6.548566326,0
6.549260839,0
6.549955353,0
6.550649866,0
6.551344379,0
6.552038893,0
6.552733406,0
6.553427919,0
6.554122433,0
6.554816946,0
6.555511459,0
6.556205973,0
6.556900486,0
6.557595,0
6.558289513,0
6.558984026,0
6.55967854,0
6.560373053,0
6.561067566,0
6.56176208,0
6.562456593,0
6.563151106,0
6.56384562,0
6.564540133,0
6.565234646,0
6.56592916,0
6.566623673,0
6.567318186,0
6.5680127,0
6.568707213,0
6.569401726,0
6.57009624,0
6.570790753,0
6.571485266,0
6.57217978,0
6.572874293,0
6.573568806,0
6.57426332,0
6.574957833,0
6.575652346,0
6.57634686,0
6.577041373,0
6.577735886,0
6.5784304,0
6.579124913,0
6.579819427,0
6.58051394,0
6.581208453,0
6.581902967,0
6.58259748,0
6.583291993,0
6.583986507,0
6.58468102,0
6.585375533,0
6.586070047,0
6.58676456,0
6.587459073,0
6.588153587,0
6.5888481,0
6.589542613,0
6.590237127,0
6.59093164,0
6.591626153,0
6.592320667,0
6.59301518,0
6.593709693,0
6.594404207,0
6.59509872,0
6.595793233,0
6.596487747,0
6.59718226,0
6.597876773,0
6.598571287,0
6.5992658,0
6.599960314,0
6.600654827,0
6.60134934,0
6.602043854,0
6.602738367,0
6.60343288,0
6.604127394,0
6.604821907,0
6.60551642,0
6.606210934,0
6.606905447,0
6.60759996,0
6.608294474,0
6.608988987,0
6.6096835,0
6.610378014,0
6.611072527,0
6.61176704,0
6.612461554,0
6.613156067,0
6.61385058,0
6.614545094,0
6.615239607,0
6.61593412,0
6.616628634,0
6.617323147,0
6.61801766,0
6.618712174,0
6.619406687,0
6.620101201,0
6.620795714,0
6.621490227,0
6.622184741,0
6.622879254,0
6.623573767,0
6.624268281,0
6.624962794,0
6.625657307,0
6.626351821,0
6.627046334,0
6.627740847,0
6.628435361,0
6.629129874,0
6.629824387,0
6.630518901,0
6.631213414,0
6.631907927,0
6.632602441,0
6.633296954,0
6.633991467,0
6.634685981,0
6.635380494,0
6.636075007,0
6.636769521,0
6.637464034,0
6.638158547,0
6.638853061,0
6.639547574,0
6.640242088,0
6.640936601,0
6.641631114,0
6.642325628,0
6.643020141,0
6.643714654,0
6.644409168,0
6.645103681,0
6.645798194,0
6.646492708,0
6.647187221,0
6.647881734,0
6.648576248,0
6.649270761,0
6.649965274,0
6.650659788,0
6.651354301,0
6.652048814,0
6.652743328,0
6.653437841,0
6.654132354,0
6.654826868,0
6.655521381,0
6.656215894,0
6.656910408,0
6.657604921,0
6.658299434,0
6.658993948,0
6.659688461,0
6.660382975,0
6.661077488,0
6.661772001,0
6.662466515,0
6.663161028,0
6.663855541,0
6.664550055,0
6.665244568,0
6.665939081,0
6.666633595,0
6.667328108,0
6.668022621,0
6.668717135,0
6.669411648,0
6.670106161,0
6.670800675,0
6.671495188,0
6.672189701,0
6.672884215,0
6.673578728,0
6.674273241,0
6.674967755,0
6.675662268,0
6.676356781,0
6.677051295,0
6.677745808,0
6.678440321,0
6.679134835,0
6.679829348,0
6.680523861,0
6.681218375,0
6.681912888,0
6.682607402,0
6.683301915,0
6.683996428,0
6.684690942,0
6.685385455,0
6.686079968,0
6.686774482,0
6.687468995,0
6.688163508,0
6.688858022,0
6.689552535,0
6.690247048,0
6.690941562,0
6.691636075,0
6.692330588,0
6.693025102,0
6.693719615,0
6.694414128,0
6.695108642,0
6.695803155,0
6.696497668,0
6.697192182,0
6.697886695,0
6.698581208,0
6.699275722,0
6.699970235,0
6.700664748,0
6.701359262,0
6.702053775,0
6.702748289,0
6.703442802,0
6.704137315,0
6.704831829,0
6.705526342,0
6.706220855,0
6.706915369,0
6.707609882,0
6.708304395,0
6.708998909,0
6.709693422,0
6.710387935,0
6.711082449,0
6.711776962,0
6.712471475,0
6.713165989,0
6.713860502,0
6.714555015,0
6.715249529,0
6.715944042,0
6.716638555,0
6.717333069,0
6.718027582,0
6.718722095,0
6.719416609,0
6.720111122,0
6.720805635,0
6.721500149,0
6.722194662,0
6.722889176,0
6.723583689,0
6.724278202,0
6.724972716,0
6.725667229,0
6.726361742,0
6.727056256,0
6.727750769,0
6.728445282,0
6.729139796,0
6.729834309,0
6.730528822,0
6.731223336,0
6.731917849,0
6.732612362,0
6.733306876,0
6.734001389,0
6.734695902,0
6.735390416,0
6.736084929,0
6.736779442,0
6.737473956,0
6.738168469,0
6.738862982,0
6.739557496,0
6.740252009,0
6.740946522,0
6.741641036,0
6.742335549,0
6.743030063,0
6.743724576,0
6.744419089,0
6.745113603,0
6.745808116,0
6.746502629,0
6.747197143,0
6.747891656,0
6.748586169,0
6.749280683,0
6.749975196,0
6.750669709,0
6.751364223,0
6.752058736,0
6.752753249,0
6.753447763,0
6.754142276,0
6.754836789,0
6.755531303,0
6.756225816,0
6.756920329,0
6.757614843,0
6.758309356,0
6.759003869,0
6.759698383,0
6.760392896,0
6.761087409,0
6.761781923,0
6.762476436,0
6.763170949,0
6.763865463,0
6.764559976,0
6.76525449,0
6.765949003,0
6.766643516,0
6.76733803,0
6.768032543,0
6.768727056,0
6.76942157,0
6.770116083,0
6.770810596,0
6.77150511,0
6.772199623,0
6.772894136,0
6.77358865,0
6.774283163,0
6.774977676,0
6.77567219,0
6.776366703,0
6.777061216,0
6.77775573,0
6.778450243,0
6.779144756,0
6.77983927,0
6.780533783,0
6.781228296,0
6.78192281,0
6.782617323,0
6.783311836,0
6.78400635,0
6.784700863,0
6.785395377,0
6.78608989,0
6.786784403,0
6.787478917,0
6.78817343,0
6.788867943,0
6.789562457,0
6.79025697,0
6.790951483,0
6.791645997,0
6.79234051,0
6.793035023,0
6.793729537,0
6.79442405,0
6.795118563,0
6.795813077,0
6.79650759,0
6.797202103,0
6.797896617,0
6.79859113,0
6.799285643,0
6.799980157,0
6.80067467,0
6.801369183,0
6.802063697,0
6.80275821,0
6.803452723,0
6.804147237,0
6.80484175,0
6.805536264,0
6.806230777,0
6.80692529,0
6.807619804,0
6.808314317,0
6.80900883,0
6.809703344,0
6.810397857,0
6.81109237,0
6.811786884,0
6.812481397,0
6.81317591,0
6.813870424,0
6.814564937,0
6.81525945,0
6.815953964,0
6.816648477,0
6.81734299,0
6.818037504,0
6.818732017,0
6.81942653,0
6.820121044,0
6.820815557,0
6.82151007,0
6.822204584,0
6.822899097,0
6.82359361,0
6.824288124,0
6.824982637,0
6.825677151,0
6.826371664,0
6.827066177,0
6.827760691,0
6.828455204,0
6.829149717,0
6.829844231,0
6.830538744,0
6.831233257,0
6.831927771,0
6.832622284,0
6.833316797,0
6.834011311,0
6.834705824,0
6.835400337,0
6.836094851,0
6.836789364,0
6.837483877,0
6.838178391,0
6.838872904,0
6.839567417,0
6.840261931,0
6.840956444,0
6.841650957,0
6.842345471,0
6.843039984,0
6.843734497,0
6.844429011,0
6.845123524,0
6.845818038,0
6.846512551,0
6.847207064,0
6.847901578,0
6.848596091,0
6.849290604,0
6.849985118,0
6.850679631,0
6.851374144,0
6.852068658,0
6.852763171,0
6.853457684,0
6.854152198,0
6.854846711,0
6.855541224,0
6.856235738,0
6.856930251,0
6.857624764,0
6.858319278,0
6.859013791,0
6.859708304,0
6.860402818,0
6.861097331,0
6.861791844,0
6.862486358,0
6.863180871,0
6.863875384,0
6.864569898,0
6.865264411,0
6.865958924,0
6.866653438,0
6.867347951,0
6.868042465,0
6.868736978,0
6.869431491,0
6.870126005,0
6.870820518,0
6.871515031,0
6.872209545,0
6.872904058,0
6.873598571,0
6.874293085,0
6.874987598,0
6.875682111,0
6.876376625,0
6.877071138,0
6.877765651,0
6.878460165,0
6.879154678,0
6.879849191,0
6.880543705,0
6.881238218,0
6.881932731,0
6.882627245,0
6.883321758,0
6.884016271,0
6.884710785,0
6.885405298,0
6.886099811,0
6.886794325,0
6.887488838,0
6.888183352,0
6.888877865,0
6.889572378,0
6.890266892,0
6.890961405,0
6.891655918,0
6.892350432,0
6.893044945,0
6.893739458,0
6.894433972,0
6.895128485,0
6.895822998,0
6.896517512,0
6.897212025,0
6.897906538,0
6.898601052,0
6.899295565,0
6.899990078,0
6.900684592,0
6.901379105,0
6.902073618,0
6.902768132,0
6.903462645,0
6.904157158,0
6.904851672,0
6.905546185,0
6.906240698,0
6.906935212,0
6.907629725,0
6.908324239,0
6.909018752,0
6.909713265,0
6.910407779,0
6.911102292,0
6.911796805,0
6.912491319,0
6.913185832,0
6.913880345,0
6.914574859,0
6.915269372,0
6.915963885,0
6.916658399,0
6.917352912,0
6.918047425,0
6.918741939,0
6.919436452,0
6.920130965,0
6.920825479,0
6.921519992,0
6.922214505,0
6.922909019,0
6.923603532,0
6.924298045,0
6.924992559,0
6.925687072,0
6.926381585,0
6.927076099,0
6.927770612,0
6.928465126,0
6.929159639,0
6.929854152,0
6.930548666,0
6.931243179,0
6.931937692,0
6.932632206,0
6.933326719,0
6.934021232,0
6.934715746,0
6.935410259,0
6.936104772,0
6.936799286,0
6.937493799,0
6.938188312,0
6.938882826,0
6.939577339,0
6.940271852,0
6.940966366,0
6.941660879,0
6.942355392,0
6.943049906,0
6.943744419,0
6.944438932,0
6.945133446,0
6.945827959,0
6.946522472,0
6.947216986,0
6.947911499,0
6.948606013,0
6.949300526,0
6.949995039,0
6.950689553,0
6.951384066,0
6.952078579,0
6.952773093,0
6.953467606,0
6.954162119,0
6.954856633,0
6.955551146,0
6.956245659,0
6.956940173,0
6.957634686,0
6.958329199,0
6.959023713,0
6.959718226,0
6.960412739,0
6.961107253,0
6.961801766,0
6.962496279,0
6.963190793,0
6.963885306,0
6.964579819,0
6.965274333,0
6.965968846,0
6.966663359,0
6.967357873,0
6.968052386,0
6.968746899,0
6.969441413,0
6.970135926,0
6.97083044,0
6.971524953,0
6.972219466,0
6.97291398,0
6.973608493,0
6.974303006,0
6.97499752,0
6.975692033,0
6.976386546,0
6.97708106,0
6.977775573,0
6.978470086,0
6.9791646,0
6.979859113,0
6.980553626,0
6.98124814,0
6.981942653,0
6.982637166,0
6.98333168,0
6.984026193,0
6.984720706,0
6.98541522,0
6.986109733,0
6.986804246,0
6.98749876,0
6.988193273,0
6.988887786,0
6.9895823,0
6.990276813,0
6.990971327,0
6.99166584,0
6.992360353,0
6.993054867,0
6.99374938,0
6.994443893,0
6.995138407,0
6.99583292,0
6.996527433,0
6.997221947,0
6.99791646,0
6.998610973,0
6.999305487,0
7,0
