t[s],Q[W],Tin[degC],Tout[degC]
60,0,8.556540639712791,8.556540639713191
120,0,8.858396987054105,8.858396987
180,0,9.066926167311523,9.066926167
240,0,9.204706088416193,9.204706088416387
300,0,9.226908573697008,9.226908574
360,0,9.238031769996228,9.23803177
420,0,9.245189569406902,9.245189569
480,0,9.248679509,9.248679509
540,0,9.247535542925178,9.247535542924801
600,0,9.235221270692783,9.235221270692554
660,0,9.215316394430292,9.215316394430303
720,0,9.193296488102215,9.193296488102474
780,0,9.174637125673062,9.174637125673517
840,0,9.163431697,9.163431696782967
900,0,9.153971202036633,9.153971202037276
960,0,9.145466017216068,9.145466017216803
1020,0,9.138709865677303,9.138709865678088
1080,0,9.134496470776932,9.134496470777679
1140,0,9.133210897222716,9.133210897223327
1200,0,9.132555822384194,9.132555822384665
1260,0,9.132045981610226,9.132045981610585
1320,0,9.131692780844542,9.131692781
1380,0,9.131507626030881,9.131507626031116
1440,0,9.131603029863022,9.131603029863262
1500,0,9.132538831371722,9.132538831372036
1560,0,9.134068087693503,9.134068087693933
1620,0,9.135792368913393,9.135792368913926
1680,0,9.137313245116419,9.137313245117001
1740,0,9.138335368459526,9.138335368460055
1800,0,9.139275894926422,9.139275894926824
1860,0,9.140154360767955,9.140154361
1920,0,9.140869764749361,9.140869764749482
1980,0,9.141321105635887,9.141321105635969
2040,0,9.141453312533745,9.141453312533903
2100,0,9.141517103787477,9.141517103787724
2160,0,9.141566673506647,9.141566673506963
2220,0,9.141600963176636,9.141600963177002
2280,0,9.141618914,9.141618914283235
2340,0,9.141608283,9.141608282587608
2400,0,9.141507212421319,9.141507212421635
2460,0,9.141342901737577,9.141342901737785
2520,0,9.141159291732547,9.141159292
2580,0,9.141000323602793,9.141000323602807
2640,0,9.140898455489669,9.140898455489669
2700,0,9.140806636615567,9.140806636615576
2760,0,9.140721881294438,9.140721881
2820,0,9.140654613134432,9.140654613
2880,0,9.140615255743711,9.140615255743766
2940,0,9.140609665420678,9.140609665420733
3000,0,9.140612919516926,9.14061292
3060,0,9.140619022507593,9.140619022507618
3120,0,9.140627424,9.140627424088903
3180,0,9.140637573957111,9.140637573957072
3240,0,9.140651085049125,9.140651085049047
3300,0,9.140679723479924,9.140679723479778
3360,0,9.140718959,9.140718958753816
3420,0,9.140761096223944,9.140761096
3480,0,9.140798441242119,9.140798441241817
3540,0,9.140825554831032,9.140825554830778
3600,0,9.140851813534624,9.140851814
3660,0,9.140876607750075,9.140876608
3720,0,9.140896587671003,9.140896587671046
3780,0,9.140908403491032,9.140908403491137
3840,0,9.140910125644307,9.140910125644417
3900,0,9.140909447132648,9.140909447
3960,0,9.140908260948143,9.140908260948155
4020,0,9.140906773674054,9.140906774
4080,0,9.140905191893653,9.140905191893552
4140,0,9.140903572502156,9.140903572502042
4200,0,9.140901235,9.140901235
4260,0,9.140898568,9.140898567930229
4320,0,9.140896175111743,9.140896175111934
4380,0,9.140894659726564,9.140894659726836
4440,0,9.140895266767117,9.140895266767403
4500,0,9.140902032370686,9.140902032370995
4560,0,9.140913793554404,9.140913793554752
4620,0,9.140928419647743,9.140928419648136
4680,0,9.140943779980185,9.14094378
4740,0,9.140958756934083,9.140958756934555
4800,0,9.140977803455508,9.140977803456025
4860,0,9.140999092528064,9.140999092528626
4920,0,9.141019423226242,9.141019423226831
4980,0,9.141035594624539,9.141035594625125
5040,0,9.141045426754504,9.141045426755046
5100,0,9.141053652519606,9.141053652520089
5160,0,9.141060828080311,9.141060828080734
5220,0,9.141066296716309,9.141066296716685
5280,0,9.141069401707302,9.141069401707647
5340,0,9.141069138,9.141069138005466
5400,0,9.141063708947252,9.141063708947557
5460,0,9.141055339,9.141055339
5520,0,9.141046874757304,9.141046874757514
5580,0,9.141041161124466,9.141041161124642
5640,0,9.141040431757698,9.141040431757865
5700,0,9.141042195768883,9.141042195769003
5760,0,9.141045509922083,9.141045509922124
5820,0,9.141050082057744,9.141050082057685
5880,0,9.141055620016317,9.141055620016148
5940,0,9.141063003,9.141063003
6000,0,9.141078657665561,9.141078657665336
6060,0,9.141100268281589,9.141100268281482
6120,0,9.141123812359622,9.141123812
6180,0,9.141145267399859,9.141145267400008
6240,0,9.141161864764081,9.141161864764252
6300,0,9.141178778976961,9.141178778977112
6360,0,9.141195149111898,9.141195149112018
6420,0,9.141208552383839,9.141208552383922
6480,0,9.141216566007735,9.141216566007797
6540,0,9.141217207115092,9.141217207115153
6600,0,9.141212576982003,9.141212576982081
6660,0,9.141204808993368,9.141204809
6720,0,9.141195660099628,9.141195660099768
6780,0,9.141186887251218,9.141186887251383
6840,0,9.141179661475979,9.141179661
6900,0,9.141171593920589,9.141171594
6960,0,9.141163368,9.141163367791735
7020,0,9.141156416231269,9.141156416231398
7080,0,9.141152172381926,9.141152172382041
7140,0,9.141152684090054,9.141152684090162
7200,0,9.141161987158641,9.141161987158704
7260,0,9.141177999946748,9.141177999946736
7320,0,9.141197623,9.141197623058504
7380,0,9.141217757,9.141217757098245
7440,0,9.141236893901677,9.141236893901588
7500,0,9.141261940372358,9.14126194
7560,0,9.141289385,9.141289384562613
7620,0,9.141313512217021,9.141313512217444
7680,0,9.141328609,9.141328609082107
7740,0,9.141330885209097,9.141330885209658
7800,0,9.141329952061458,9.141329952061955
7860,0,9.141328165112649,9.141328165113029
7920,0,9.141325642976188,9.141325642976414
7980,0,9.141322504265597,9.141322504265641
8040,0,9.141317335382679,9.141317335382547
8100,0,9.141302001852175,9.141302001851988
8160,0,9.141280691736592,9.141280691736439
8220,0,9.141259896473615,9.141259896
8280,0,9.141246107500942,9.141246108
8340,0,9.141244185075527,9.141244185075529
8400,0,9.141246901468394,9.141246901468401
8460,0,9.141251973338443,9.141251973
8520,0,9.141258917203475,9.141258917203507
8580,0,9.141267249581306,9.141267249581354
8640,0,9.141278413868468,9.141278414
8700,0,9.141302605908516,9.141302606
8760,0,9.141335022750203,9.141335022750436
8820,0,9.141368004487044,9.141368004487344
8880,0,9.141393891212552,9.141393891212866
8940,0,9.141407142809657,9.141407143
9000,0,9.141417179697186,9.141417179697338
9060,0,9.141425756863352,9.141425757
9120,0,9.141432191350907,9.141432191
9180,0,9.141435800202606,9.141435800202554
9240,0,9.141435411156154,9.141435411156124
9300,0,9.141428339158908,9.141428339159072
9360,0,9.141416884018264,9.141416884
9420,0,9.141404164881841,9.141404164882548
9480,0,9.141393300897274,9.141393300898102
9540,0,9.141386603312357,9.141386603313077
9600,0,9.141380739,9.141380739357395
9660,0,9.141375393475782,9.141375393476043
9720,0,9.141371186910796,9.141371187
9780,0,9.141368740903712,9.141368741
9840,0,9.141368985492594,9.141368985492482
9900,0,9.141373844298837,9.141373844298728
9960,0,9.141382159455894,9.141382159
10020,0,9.141392261158865,9.141392261158785
10080,0,9.14140248,9.141402479602785
10140,0,9.141411717579912,9.141411717579865
10200,0,9.141422335937849,9.141422335937843
10260,0,9.141433658761848,9.141433658761889
10320,0,9.141444274498363,9.141444274498435
10380,0,9.141452771593856,9.141452771593931
10440,0,9.141458222951039,9.141458222951073
10500,0,9.141462914,9.141462913773335
10560,0,9.141467034773306,9.141467034773223
10620,0,9.141470192153351,9.141470192153216
10680,0,9.141471992115973,9.141471992115807
10740,0,9.141472165612532,9.141472165612363
10800,0,9.141471452,9.141471452085273
10860,0,9.141470352081777,9.141470352081663
10920,0,9.141469239611146,9.141469239611064
10980,0,9.141468488683081,9.141468489
11040,0,9.141468449072708,9.141468449072654
11100,0,9.141469140555547,9.141469140555515
11160,0,9.141470407135023,9.141470407135031
11220,0,9.1414721,9.141472099666341
11280,0,9.141474069004502,9.141474069004598
11340,0,9.141476373611326,9.141476373611438
11400,0,9.141480125805577,9.141480125805613
11460,0,9.141485006,9.141485005577437
11520,0,9.141490399759878,9.141490399759633
11580,0,9.141495695185256,9.141495695
11640,0,9.141500462,9.141500462261634
11700,0,9.141505435382347,9.141505435382154
11760,0,9.141510467022623,9.141510467022602
11820,0,9.141515181127577,9.141515181127735
11880,0,9.141519201642025,9.141519201642323
11940,0,9.141522248803241,9.141522248803607
12000,0,9.141524776376977,9.141524776377391
12060,0,9.141526979301034,9.141526979301492
12120,0,9.141528949,9.141528948901227
12180,0,9.141530776501464,9.141530776501938
12240,0,9.141532515063677,9.141532515064105
12300,0,9.141534014508567,9.141534014508922
12360,0,9.141535375707962,9.141535376
12420,0,9.141536753,9.141536752611914
12480,0,9.141538299,9.141538299169882
12540,0,9.141540159608567,9.14154016
12600,0,9.141542344,9.141542343754121
12660,0,9.141544788,9.141544787599871
12720,0,9.141547429624271,9.141547429624287
12780,0,9.141550208305791,9.141550208305834
12840,0,9.141553110672332,9.141553110672405
12900,0,9.141556363642573,9.141556363642719
12960,0,9.141559848315405,9.141559848315644
13020,0,9.141563376366815,9.141563376367143
13080,0,9.141566759472804,9.141566759473193
13140,0,9.141569853955666,9.141569853956062
13200,0,9.141572834882906,9.141572834883272
13260,0,9.141575721925692,9.141575721926007
13320,0,9.141578483890813,9.141578483891069
13380,0,9.141581089585074,9.141581089585271
13440,0,9.141583508304508,9.141583508304658
13500,0,9.141585744473478,9.141585744473577
13560,0,9.141587853234316,9.141587853
13620,0,9.141589893355185,9.141589893355189
13680,0,9.141591923604249,9.141591924
13740,0,9.141593978868435,9.141593978868363
13800,0,9.141595959400439,9.141595959400327
13860,0,9.141597907998545,9.141597908
13920,0,9.141599899410396,9.141599899410226
13980,0,9.141602008383646,9.141602008
14040,0,9.141604320451659,9.141604320451506
14100,0,9.14160691,9.141606909694584
14160,0,9.141609666078084,9.141609666078118
14220,0,9.141612455582798,9.141612455582948
14280,0,9.141615144,9.141615144
14340,0,9.141617627,9.141617627020498
14400,0,9.141620015821614,9.141620015821966
14460,0,9.141622335133423,9.141622335133805
14520,0,9.141624577430663,9.141624577431067
14580,0,9.141626735,9.141626735188796
14640,0,9.141628795782548,9.141628795782939
14700,0,9.141630737017538,9.141630737017895
14760,0,9.141632598908252,9.141632598908563
14820,0,9.141634430826977,9.141634430827237
14880,0,9.141636282146019,9.141636282
14940,0,9.141638190594021,9.141638190594161
15000,0,9.141640111892402,9.141640111892464
15060,0,9.141642044146645,9.141642044146618
15120,0,9.141643998875725,9.141643998875619
15180,0,9.141645987598627,9.141645987598471
15240,0,9.141648023161823,9.141648023161654
15300,0,9.141650114879127,9.141650114878999
15360,0,9.141652245885963,9.141652245885906
15420,0,9.141654396085032,9.141654396085055
15480,0,9.141656545379057,9.141656545379147
15540,0,9.141658679675718,9.141658679675844
15600,0,9.141660822988834,9.141660822988971
15660,0,9.141662970534952,9.141662971
15720,0,9.14166511,9.14166511
15780,0,9.141667229,9.141667229306751
15840,0,9.141669318737392,9.141669319
15900,0,9.141671388734348,9.141671388734425
15960,0,9.141673441124842,9.141673441
16020,0,9.141675474714491,9.141675474714507
16080,0,9.141677488308902,9.141677488308904
16140,0,9.141679480513078,9.141679480513082
16200,0,9.141681450357813,9.141681450357844
16260,0,9.141683400651033,9.141683401
16320,0,9.141685334674898,9.141685334675008
16380,0,9.141687255711586,9.141687255711735
16440,0,9.141689164901196,9.141689164901386
16500,0,9.141691052973428,9.141691052973664
16560,0,9.141692926204062,9.141692926204348
16620,0,9.141694793954885,9.141694793955212
16680,0,9.141696665587697,9.141696665588041
16740,0,9.141698549649915,9.141698549650242
16800,0,9.141700444277472,9.141700444277737
16860,0,9.141702342822843,9.141702342823018
16920,0,9.141704238958358,9.141704238958443
16980,0,9.141706126356368,9.141706126356388
17040,0,9.141708001154367,9.141708001154361
17100,0,9.141709874,9.141709873650532
17160,0,9.141711739864576,9.141711739864608
17220,0,9.141713592553007,9.141713592553076
17280,0,9.141715424472336,9.141715424472437
17340,0,9.14171723,9.141717229790371
17400,0,9.141719013866982,9.141719014
17460,0,9.141720779,9.141720779003265
17520,0,9.141722526039375,9.141722526039517
17580,0,9.141724255816406,9.141724255816563
17640,0,9.141725966410426,9.141725966
17700,0,9.141727645206759,9.141727645206995
17760,0,9.141729304,9.141729304202073
17820,0,9.141730959737483,9.141730959737833
17880,0,9.141732628155875,9.141732628156262
17940,0,9.141734324376088,9.141734324376491
18000,0,9.141736045213136,9.141736045
18060,0,9.141737779267979,9.141737779268347
18120,0,9.141739515711912,9.141739515712246
18180,0,9.141741243716233,9.141741243716533
18240,0,9.141742957086961,9.141742957
18300,0,9.141744675369667,9.141744675
18360,0,9.141746389800197,9.141746389800385
18420,0,9.141748085362348,9.141748085362499
18480,0,9.141749747039931,9.141749747040054
18540,0,9.141751360850602,9.141751360850712
18600,0,9.141752929,9.141752929192462
18660,0,9.141754466,9.141754466
18720,0,9.141755984327954,9.141755984328091
18780,0,9.141757498569476,9.141757498569635
18840,0,9.141759017400627,9.141759017400808
18900,0,9.141760521,9.141760521051339
18960,0,9.141762016,9.141762016113253
19020,0,9.141763515438482,9.141763515438813
19080,0,9.141765031879936,9.141765031880283
19140,0,9.141766577142134,9.141766577142455
19200,0,9.141768149,9.141768148713167
19260,0,9.141769738091027,9.141769738091142
19320,0,9.141771337285753,9.141771337285748
19380,0,9.141772938,9.141772938306358
19440,0,9.141774535973436,9.141774535973322
19500,0,9.141776142,9.141776141829574
19560,0,9.141777752,9.141777752089759
19620,0,9.141779359323504,9.141779359323577
19680,0,9.141780956,9.141780956100746
19740,0,9.141782536768094,9.141782536768186
19800,0,9.141784108187757,9.141784108
19860,0,9.141785670748769,9.141785670748629
19920,0,9.141787222792642,9.141787223
19980,0,9.141788762660916,9.141788763
20040,0,9.141790287883332,9.141790287883014
20100,0,9.141791794405682,9.141791794405483
20160,0,9.141793287977924,9.141793288
20220,0,9.141794775831759,9.141794775831903
20280,0,9.141796265198884,9.141796265199147
20340,0,9.141797763067252,9.141797763067528
20400,0,9.141799269804338,9.14179927
20460,0,9.141800778539208,9.141800778539247
20520,0,9.141802282033302,9.141802282033181
20580,0,9.141803773048052,9.141803773047805
20640,0,9.141805245828534,9.141805245828232
20700,0,9.141806705934817,9.141806705934508
20760,0,9.141808154960781,9.141808154960492
20820,0,9.141809592905613,9.141809592905359
20880,0,9.14181102,9.14181102
20940,0,9.141812434463148,9.141812434462917
21000,0,9.141813831987909,9.141813831987657
21060,0,9.141815217,9.141815217473159
21120,0,9.141816597794138,9.141816598
21180,0,9.141817979824417,9.141817979824117
21240,0,9.14181937,9.141819369907338
21300,0,9.141820766986655,9.141820766986463
21360,0,9.141822165873094,9.141822165872995
21420,0,9.141823561506275,9.141823562
21480,0,9.141824949,9.141824948825665
21540,0,9.141826323025587,9.141826323
21600,0,9.141827684296603,9.141827684296969
21660,0,9.141829037197608,9.141829037198123
21720,0,9.141830386416272,9.141830386416917
21780,0,9.141831736640274,9.141831737
21840,0,9.141833093406468,9.141833093407197
21900,0,9.141834461685399,9.141834461686054
21960,0,9.141835832507827,9.141835832508352
22020,0,9.141837195060523,9.141837195060898
22080,0,9.141838538530262,9.141838538530497
22140,0,9.141839853250486,9.141839853250604
22200,0,9.141841142610916,9.141841143
22260,0,9.141842414079656,9.141842414079505
22320,0,9.141843674462391,9.141843674462129
22380,0,9.141844930564819,9.141844930564487
22440,0,9.141846187545138,9.141846187544804
22500,0,9.141847439110618,9.141847439110355
22560,0,9.141848685,9.141848685217989
22620,0,9.141849927742626,9.141849927742609
22680,0,9.141851168559016,9.141851168559128
22740,0,9.141852409227516,9.141852409227734
22800,0,9.141853648665087,9.141853648665412
22860,0,9.141854886227515,9.141854886227947
22920,0,9.141856121576724,9.141856121577264
22980,0,9.141857354374665,9.141857354
23040,0,9.141858584334331,9.141858584
23100,0,9.141859811630958,9.141859812
23160,0,9.141861036,9.141861036424794
23220,0,9.141862258827075,9.141862258828086
23280,0,9.141863478954656,9.141863478955695
23340,0,9.141864697009414,9.141864697
23400,0,9.141865913,9.141865913438183
23460,0,9.141867128,9.141867127728993
23520,0,9.141868339219611,9.141868339219995
23580,0,9.141869547248158,9.141869547248373
23640,0,9.141870750723593,9.141870751
23700,0,9.141871947509463,9.141871947509665
23760,0,9.141873140281964,9.14187314
23820,0,9.141874332469662,9.141874332470072
23880,0,9.141875527501144,9.141875528
23940,0,9.141876728624869,9.141876729
24000,0,9.141877935717272,9.141877936
24060,0,9.141879146,9.141879145825463
24120,0,9.141880355924247,9.141880355924595
24180,0,9.141881562990926,9.141881562991221
24240,0,9.141882764722336,9.141882764722618
24300,0,9.141883963881469,9.141883963881773
24360,0,9.141885160583286,9.141885160583627
24420,0,9.141886354110094,9.141886354
24480,0,9.141887544,9.141887543744609
24540,0,9.141888730945196,9.141888730945585
24600,0,9.141889925807334,9.141889925807686
24660,0,9.141891119397753,9.141891119398052
24720,0,9.141892299389449,9.141892299
24780,0,9.141893453455436,9.141893453455626
24840,0,9.141894570202325,9.141894570202478
24900,0,9.141895652,9.141895652004521
24960,0,9.14189671,9.141896709755354
25020,0,9.141897754224038,9.141897754224088
25080,0,9.141898796179799,9.141898796179845
25140,0,9.141899843249067,9.141899843249146
25200,0,9.141900882935388,9.141900882935554
25260,0,9.141901918,9.141901917513794
25320,0,9.141902953144376,9.141902953144752
25380,0,9.141903995988878,9.141903995989324
25440,0,9.141905051,9.141905051498917
25500,0,9.141906118,9.141906117675774
25560,0,9.141907191041046,9.141907191041305
25620,0,9.141908268609821,9.141908268609958
25680,0,9.141909347396165,9.141909347396199
25740,0,9.141910425598024,9.141910425598006
25800,0,9.141911508154873,9.141911508
25860,0,9.141912593056466,9.141912593056437
25920,0,9.141913676718332,9.141913676718318
25980,0,9.141914755556009,9.141914755556007
26040,0,9.141915826762766,9.141915826762766
26100,0,9.141916893263799,9.141916893263799
26160,0,9.141917955574465,9.141917955574465
26220,0,9.141919013347769,9.141919013347769
26280,0,9.141920066236723,9.141920066236723
26340,0,9.141921113880642,9.141921113880642
26400,0,9.141922156168489,9.141922156
26460,0,9.141923193612676,9.141923194
26520,0,9.141924226787143,9.141924226787149
26580,0,9.141925256265845,9.141925256265846
26640,0,9.141926282182332,9.141926282182329
26700,0,9.141927303,9.141927302603511
26760,0,9.141928318914657,9.141928318914596
26820,0,9.141929333145077,9.141929333144997
26880,0,9.141930347324202,9.141930347324127
26940,0,9.141931363336832,9.141931363336804
27000,0,9.141932380928104,9.141932380928182
27060,0,9.141933398511622,9.141933398511835
27120,0,9.141934414519298,9.141934414519643
27180,0,9.141935427383062,9.141935427383496
27240,0,9.141936435840327,9.141936435840778
27300,0,9.141937441008574,9.141937441008963
27360,0,9.141938443271671,9.141938443271952
27420,0,9.141939442691735,9.141939442691909
27480,0,9.141940439330895,9.141940439331007
27540,0,9.141941432925565,9.141941433
27600,0,9.141942421967507,9.141942422
27660,0,9.141943407872839,9.141943407873315
27720,0,9.141944392571656,9.141944392572306
27780,0,9.141945377994052,9.141945377994796
27840,0,9.141946365704094,9.141946365704788
27900,0,9.141947354385902,9.141947354386385
27960,0,9.141948343555496,9.141948343555686
28020,0,9.141949333110622,9.141949333110501
28080,0,9.141950322949032,9.141950322948661
28140,0,9.141951315259389,9.141951315
28200,0,9.141952320784707,9.141952320784162
28260,0,9.141953329367247,9.141953329
28320,0,9.141954327207708,9.141954327207214
28380,0,9.141955300506794,9.141955300506359
28440,0,9.141956236571403,9.141956236571037
28500,0,9.141957138,9.141957138
28560,0,9.141958017471445,9.141958017471271
28620,0,9.141958886,9.141958885640719
28680,0,9.141959754350045,9.141959754
28740,0,9.141960632608924,9.141960632609093
28800,0,9.141961510919442,9.141961510919753
28860,0,9.141962387937868,9.141962387938332
28920,0,9.141963265155653,9.141963265156246
28980,0,9.141964144064255,9.141964144
29040,0,9.141965026,9.141965026073748
29100,0,9.141965911,9.141965911112097
29160,0,9.141966797912966,9.141966797913355
29220,0,9.141967685185932,9.141967685186149
29280,0,9.141968572,9.141968572
29340,0,9.141969456309171,9.141969456309225
29400,0,9.141970340469706,9.14197034
29460,0,9.141971224072261,9.141971224072442
29520,0,9.141972106680107,9.141972106680392
29580,0,9.141972988,9.141972987856887
29640,0,9.141973867231147,9.141973867231565
29700,0,9.141974745027078,9.141974745027534
29760,0,9.141975621434392,9.141975621434883
29820,0,9.141976496583348,9.141976496583847
29880,0,9.141977370604213,9.141977370604694
29940,0,9.141978243652815,9.141978243653227
30000,0,9.141979115878291,9.141979116
30060,0,9.141979987027277,9.141979987027387
30120,0,9.141980856792257,9.141980856792193
30180,0,9.141981725,9.141981724865529
30240,0,9.141982591096427,9.141982591096186
30300,0,9.141983456158023,9.141983456157808
30360,0,9.141984319698405,9.141984319698256
30420,0,9.141985181148975,9.141985181148902
30480,0,9.141986039941145,9.14198604
30540,0,9.141986895564166,9.141986895564166
30600,0,9.141987748,9.141987748180009
30660,0,9.141988598,9.141988598
30720,0,9.141989446,9.141989446
30780,0,9.141990292,9.141990291769023
30840,0,9.141991136106968,9.141991136
30900,0,9.141991979154387,9.141991979154351
30960,0,9.141992820398285,9.141992820398338
31020,0,9.141993659,9.141993659242141
31080,0,9.141994495088916,9.141994495089088
31140,0,9.141995327437723,9.141995327
31200,0,9.141996156623653,9.141996157
31260,0,9.141996982907942,9.141996982907846
31320,0,9.141997806,9.141997806463513
31380,0,9.141998627464242,9.141998627463915
31440,0,9.141999445983137,9.141999445982806
31500,0,9.142000261598877,9.142000261598609
31560,0,9.142001074591787,9.142001074591633
31620,0,9.142001885383888,9.142001885383864
31680,0,9.142002694397204,9.142002694397313
31740,0,9.142003501961659,9.142003501961883
31800,0,9.142004308,9.142004307738032
31860,0,9.142005111686354,9.142005111686862
31920,0,9.142005914,9.142005913872785
31980,0,9.142006714359512,9.142006714
32040,0,9.142007513246723,9.142007513247458
32100,0,9.142008310710548,9.142008310711228
32160,0,9.142009106539682,9.142009106540256
32220,0,9.142009900462682,9.142009900463142
32280,0,9.142010692208121,9.142010692208489
32340,0,9.142011481586003,9.142011481586335
32400,0,9.142012268929024,9.142012268929356
32460,0,9.142013054189071,9.142013054189427
32520,0,9.142013837217478,9.142013837
32580,0,9.142014618,9.142014618
32640,0,9.142015395994395,9.142015396
32700,0,9.142016172,9.142016171627013
32760,0,9.142016945,9.142016944905262
32820,0,9.142017715973092,9.142017716
32880,0,9.142018485,9.142018484975091
32940,0,9.142019252001111,9.142019252001344
33000,0,9.142020016839707,9.142020016839972
33060,0,9.142020779587348,9.142020779587664
33120,0,9.142021540411001,9.142021540411372
33180,0,9.142022299477635,9.142022299478064
33240,0,9.142023056925835,9.142023056926314
33300,0,9.142023812662025,9.142023812662567
33360,0,9.142024566642627,9.142024566643231
33420,0,9.142025318852486,9.142025318853145
33480,0,9.142026069,9.142026069277156
33540,0,9.142026817920783,9.142026817921446
33600,0,9.142027564887528,9.142027564888107
33660,0,9.142028310110936,9.142028310111392
33720,0,9.142029053493438,9.142029053493784
33780,0,9.142029794937478,9.142029794937761
33840,0,9.142030534369933,9.142030534370248
33900,0,9.142031271891122,9.142031271891584
33960,0,9.142032007514514,9.142032008
34020,0,9.142032741225576,9.142032741226434
34080,0,9.142033473,9.142033473010756
34140,0,9.142034203,9.142034202848176
34200,0,9.142034930715603,9.142034931
34260,0,9.142035657,9.142035657
34320,0,9.142036381,9.142036380779595
34380,0,9.142037103108487,9.142037103108393
34440,0,9.142037823705921,9.142037823705714
34500,0,9.142038542503032,9.142038542502794
34560,0,9.142039259523965,9.142039259523758
34620,0,9.142039975,9.142039974816237
34680,0,9.142040688,9.142040688427892
34740,0,9.142041400400256,9.1420414
34800,0,9.142042110719004,9.142042111
34860,0,9.142042819371728,9.142042819371863
34920,0,9.142043526,9.142043526351598
34980,0,9.142044232,9.142044231651187
35040,0,9.142044935269311,9.142044935
35100,0,9.142045637238615,9.142045637239047
35160,0,9.142046337551637,9.142046337552125
35220,0,9.142047036192828,9.142047036193354
35280,0,9.142047733,9.142047733
35340,0,9.142048428399455,9.142048428399933
35400,0,9.142049122,9.142049121962053
35460,0,9.142049813854722,9.142049813854905
35520,0,9.142050504099073,9.142050504
35580,0,9.142051192715318,9.142051192715229
35640,0,9.142051879715423,9.142051879715318
35700,0,9.142052565067823,9.142052565
35760,0,9.142053249,9.142053248800597
35820,0,9.142053930953528,9.142053930953784
35880,0,9.142054611567074,9.142054611567442
35940,0,9.142055290666839,9.142055290667244
36000,0,9.142055968197642,9.142055968198031
36060,0,9.142056644190847,9.142056644191184
36120,0,9.142057318697105,9.142057318697388
36180,0,9.142057992,9.142057991767338
36240,0,9.142058663433597,9.142058663433826
36300,0,9.142059333626717,9.142059334
36360,0,9.142060002380587,9.142060002380877
36420,0,9.142060669753038,9.142060669753365
36480,0,9.142061336,9.142061335802255
36540,0,9.142062000553667,9.142062000553995
36600,0,9.142062663876102,9.142062663876372
36660,0,9.142063325854508,9.142063326
36720,0,9.142063987,9.142063986618687
36780,0,9.142064646297973,9.142064646298037
36840,0,9.142065304929089,9.142065305
36900,0,9.142065962,9.142065962102917
36960,0,9.142066618100399,9.142066618100555
37020,0,9.142067273338528,9.142067273
37080,0,9.142067928233915,9.142067928234221
37140,0,9.142068584136938,9.142068584137315
37200,0,9.142069245522078,9.142069245522546
37260,0,9.142069907745329,9.142069907745897
37320,0,9.142070564630652,9.142070565
37380,0,9.142071210002012,9.14207121
37440,0,9.142071838,9.142071837836976
37500,0,9.142072447759706,9.142072447760263
37560,0,9.142073046417375,9.142073046417794
37620,0,9.142073640882879,9.142073640883149
37680,0,9.142074238229771,9.142074238229924
37740,0,9.142074844152043,9.142074844152141
37800,0,9.142075453654462,9.142075453654556
37860,0,9.142076065,9.142076065151649
37920,0,9.142076678518366,9.142076678518517
37980,0,9.142077293630097,9.142077294
38040,0,9.142077910619795,9.142077910619955
38100,0,9.142078530679425,9.142078530679548
38160,0,9.142079152806165,9.142079152806238
38220,0,9.142079775599798,9.142079775599816
38280,0,9.142080397660127,9.142080397660093
38340,0,9.142081017928529,9.142081017928453
38400,0,9.142081637717729,9.142081637717594
38460,0,9.142082257039897,9.142082257039702
38520,0,9.142082876,9.142082875508892
38580,0,9.142083493,9.142083492739296
38640,0,9.142084108561878,9.142084109
38700,0,9.142084723916106,9.142084724
38760,0,9.142085338263072,9.142085338263113
38820,0,9.142085950758936,9.142085951
38880,0,9.142086560559866,9.142086561
38940,0,9.142087166932052,9.142087166932507
39000,0,9.142087770228793,9.142087770229391
39060,0,9.142088370920073,9.142088370920813
39120,0,9.142088969390388,9.142088969391233
39180,0,9.142089566024243,9.142089566025124
39240,0,9.142090161025124,9.142090161025916
39300,0,9.142090753629889,9.142090753630436
39360,0,9.142091344245205,9.142091344245424
39420,0,9.142091934,9.142091933526931
39480,0,9.142092522131367,9.142092522131026
39540,0,9.142093110579133,9.142093110578731
39600,0,9.142093698374286,9.142093698373987
39660,0,9.142094285402843,9.142094285
39720,0,9.142094871697624,9.142094871697742
39780,0,9.142095457,9.142095457
39840,0,9.142096042279864,9.142096042280226
39900,0,9.142096626965124,9.142096627
39960,0,9.142097211032823,9.142097211033173
40020,0,9.142097794065316,9.142097794065613
40080,0,9.142098375644977,9.142098375645196
40140,0,9.142098955469313,9.142098955469429
40200,0,9.142099533995953,9.142099533995896
40260,0,9.142100111179117,9.142100111
40320,0,9.142100687,9.142100687
40380,0,9.142101260774341,9.142101261
40440,0,9.142101832821213,9.142101832820675
40500,0,9.142102402965449,9.142102402965069
40560,0,9.142102971403473,9.142102971403327
40620,0,9.142103538343655,9.142103538343767
40680,0,9.142104103994381,9.142104103994704
40740,0,9.142104668490772,9.142104668491216
40800,0,9.142105232,9.142105231536343
40860,0,9.142105793238043,9.142105793238597
40920,0,9.142106354,9.142106354
40980,0,9.142106913429773,9.142106913430307
41040,0,9.142107472295343,9.142107472295823
41100,0,9.142108030293006,9.142108030293375
41160,0,9.142108587346144,9.142108587346362
41220,0,9.142109143407843,9.142109143407906
41280,0,9.142109698431208,9.142109698431144
41340,0,9.142110252,9.142110252402162
41400,0,9.142110805468544,9.142110805
41460,0,9.142111357539735,9.142111357539497
41520,0,9.142111908478329,9.142111908478071
41580,0,9.142112458,9.142112458146526
41640,0,9.142113006,9.142113006
41700,0,9.142113553480458,9.142113553480348
41760,0,9.142114099287548,9.142114099287562
41820,0,9.142114644,9.142114644
41880,0,9.142115187,9.142115187126256
41940,0,9.142115729112396,9.142115729112703
42000,0,9.14211627,9.142116269763171
42060,0,9.142116809,9.142116809143634
42120,0,9.142117347,9.142117347335384
42180,0,9.142117884419378,9.142117884419726
42240,0,9.142118420454976,9.142118420455308
42300,0,9.142118955355148,9.142118955355446
42360,0,9.142119489139178,9.142119489139432
42420,0,9.142120021854302,9.142120021854511
42480,0,9.142120553547763,9.142120553547942
42540,0,9.142121084,9.142121084262852
42600,0,9.142121614,9.142121613992098
42660,0,9.142122142708097,9.142122142708335
42720,0,9.142122670385884,9.142122670386158
42780,0,9.142123196999876,9.142123197000164
42840,0,9.142123722536331,9.142123722536597
42900,0,9.142124247047175,9.142124247
42960,0,9.142124770514831,9.142124771
43020,0,9.142125292906147,9.142125292906154
43080,0,9.142125814187972,9.142125814187922
43140,0,9.142126334333886,9.142126334
43200,0,9.142126853371336,9.142126853371357
43260,0,9.142127371,9.142127371314107
43320,0,9.142127888168572,9.142127888168808
43380,0,9.142128403941875,9.142128403942193
43440,0,9.142128918636075,9.142128918636423
43500,0,9.142129432233807,9.142129432
43560,0,9.142129944755192,9.142129945
43620,0,9.142130456227283,9.142130456
43680,0,9.142130966677128,9.142130966677357
43740,0,9.142131476125677,9.142131476125908
43800,0,9.142131984552371,9.142131985
43860,0,9.142132491961203,9.142132491961478
43920,0,9.142132998363364,9.142132998363678
43980,0,9.142133503770062,9.142133503770427
44040,0,9.142134008192453,9.142134008192885
44100,0,9.142134511634971,9.142134511635525
44160,0,9.142135014091647,9.142135014092341
44220,0,9.142135515555703,9.142135515556514
44280,0,9.142136016020375,9.142136016
44340,0,9.142136515,9.142136515482964
44400,0,9.142137013957257,9.142137013957894
44460,0,9.142137511444782,9.142137511445172
44520,0,9.142138007939637,9.142138007939776
44580,0,9.142138503436735,9.142138503436678
44640,0,9.142138997931921,9.142138997931786
44700,0,9.142139491430893,9.142139491430761
44760,0,9.142139984,9.142139983941261
44820,0,9.142140475,9.142140475470285
44880,0,9.142140966,9.142140966024849
44940,0,9.142141455609794,9.142141455609925
45000,0,9.142141944219526,9.142141944219691
45060,0,9.142142432,9.142142431861627
45120,0,9.142142918545797,9.142142919
45180,0,9.142143404,9.142143404283159
45240,0,9.142143889081185,9.142143889
45300,0,9.142144372935821,9.142144372935975
45360,0,9.142144855849953,9.142144856
45420,0,9.142145337828994,9.142145337829005
45480,0,9.142145818878369,9.142145818878351
45540,0,9.142146299003208,9.142146299003246
45600,0,9.142146778,9.142146778
45660,0,9.142147256486057,9.142147256
45720,0,9.142147733846022,9.142147733846608
45780,0,9.142148210286422,9.14214821
45840,0,9.142148685808513,9.142148686
45900,0,9.142149160415505,9.142149160416112
45960,0,9.142149634110925,9.142149634111352
46020,0,9.142150106898157,9.142150106898388
46080,0,9.142150578780583,9.142150578780674
46140,0,9.142151049760711,9.142151049760766
46200,0,9.142151519837162,9.142151519837274
46260,0,9.142151989015586,9.142151989015806
46320,0,9.142152457302936,9.142152457303272
46380,0,9.142152924706174,9.142152924706602
46440,0,9.142153391230353,9.142153391230819
46500,0,9.142153856869964,9.142153856870436
46560,0,9.142154321631118,9.142154321631573
46620,0,9.142154785522488,9.142154785522909
46680,0,9.142155248552756,9.142155248553129
46740,0,9.142155711,9.142155710728726
46800,0,9.142156172042943,9.142156172043151
46860,0,9.142156632501568,9.142156633
46920,0,9.142157092112345,9.142157092
46980,0,9.142157550883345,9.142157550883216
47040,0,9.142158008820266,9.142158009
47100,0,9.142158465915566,9.142158466
47160,0,9.142158922175739,9.142158922
47220,0,9.142159378,9.142159377610026
47280,0,9.142159832,9.142159832228822
47340,0,9.142160286038383,9.142160286038088
47400,0,9.142160739025995,9.142160739
47460,0,9.142161191201026,9.142161191
47520,0,9.142161642577035,9.142161642577326
47580,0,9.142162093167597,9.142162093168055
47640,0,9.142162542980945,9.142162542981483
47700,0,9.142162991996502,9.142162991997047
47760,0,9.142163440227527,9.142163440228034
47820,0,9.142163887694545,9.142163888
47880,0,9.142164334,9.142164334
47940,0,9.142164780410415,9.14216478
48000,0,9.142165225638207,9.142165225638605
48060,0,9.142165670120018,9.142165670120425
48120,0,9.142166114,9.142166113886105
48180,0,9.142166556965067,9.142166556965478
48240,0,9.142166999374599,9.142166999
48300,0,9.142167441058872,9.142167441059195
48360,0,9.142167882048428,9.142167882
48420,0,9.142168322392198,9.142168322
48480,0,9.142168762139129,9.142168762139255
48540,0,9.142169202,9.142169202
48600,0,9.142169642480804,9.142169642480914
48660,0,9.142170083104896,9.142170083105027
48720,0,9.142170522,9.142170521518452
48780,0,9.142170955706693,9.142170955706897
48840,0,9.142171383650714,9.142171383650968
48900,0,9.142171804946642,9.142171804946981
48960,0,9.142172222,9.142172221946328
49020,0,9.142172637224107,9.142172637
49080,0,9.142173053356949,9.142173053357519
49140,0,9.142173472437287,9.142173472437834
49200,0,9.142173892736128,9.142173893
49260,0,9.142174313583265,9.142174313583562
49320,0,9.142174734808904,9.142174735
49380,0,9.142175156243265,9.142175156
49440,0,9.142175577828068,9.142175578
49500,0,9.142176,9.142176000051927
49560,0,9.142176422602299,9.142176423
49620,0,9.142176845006613,9.142176845006718
49680,0,9.142177266792324,9.142177266792508
49740,0,9.142177687584354,9.142177687584626
49800,0,9.142178107742753,9.142178107743156
49860,0,9.142178527,9.142178527353794
49920,0,9.142178946395626,9.142178946396326
49980,0,9.142179364849778,9.142179365
50040,0,9.142179782742076,9.142179782742856
50100,0,9.1421802,9.142180200288724
50160,0,9.142180617303735,9.142180617304243
50220,0,9.142181034,9.142181033533502
50280,0,9.142181448720397,9.142181449
50340,0,9.142181862645007,9.142181862645177
50400,0,9.142182275423401,9.142182275423629
50460,0,9.142182687185723,9.142182687186054
50520,0,9.142183098032584,9.142183098033016
50580,0,9.142183508064598,9.142183508065072
50640,0,9.142183917337718,9.142183917338123
50700,0,9.142184325665063,9.142184325665282
50760,0,9.142184733141324,9.142184733141292
50820,0,9.142185139922125,9.142185139921839
50880,0,9.142185546163098,9.142185546162633
50940,0,9.142185952,9.142185951990522
51000,0,9.142186357303917,9.142186357303467
51060,0,9.142186762062035,9.142186762061723
51120,0,9.142187166255523,9.142187166255363
51180,0,9.142187569874507,9.142187569874471
51240,0,9.142187972928621,9.142187972928633
51300,0,9.142188375508418,9.142188376
51360,0,9.142188778,9.142188777539833
51420,0,9.142189179,9.142189178918924
51480,0,9.142189579541872,9.142189579541759
51540,0,9.142189979330933,9.142189979330828
51600,0,9.142190378390293,9.142190378390222
51660,0,9.142190777,9.142190777
51720,0,9.142191174,9.142191174289984
51780,0,9.142191571,9.142191571068757
51840,0,9.142191967022255,9.142191967
51900,0,9.142192362,9.142192362
51960,0,9.142192756446814,9.142192756447042
52020,0,9.142193150034178,9.142193150034451
52080,0,9.142193543,9.142193542955377
52140,0,9.142193935,9.142193935252658
52200,0,9.142194327,9.142194326847921
52260,0,9.142194717763969,9.142194717764427
52320,0,9.142195108050078,9.142195108050574
52380,0,9.142195497754246,9.142195498
52440,0,9.142195887,9.142195886918577
52500,0,9.142196276,9.142196275521265
52560,0,9.142196663542418,9.142196663542778
52620,0,9.142197050968704,9.142197050968987
52680,0,9.142197437785535,9.142197437785766
52740,0,9.142197824,9.142197823986558
52800,0,9.142198209604802,9.142198209605109
52860,0,9.142198594625617,9.142198594626025
52920,0,9.142198979022956,9.142198979023465
52980,0,9.142199362771022,9.142199362771589
53040,0,9.142199745848185,9.142199745848735
53100,0,9.142200128,9.142200128
53160,0,9.142200510049442,9.142200510049767
53220,0,9.142200891195921,9.142200891196113
53280,0,9.142201271718712,9.142201271718799
53340,0,9.142201651620399,9.142201651620447
53400,0,9.142202031,9.142202030872681
53460,0,9.142202409498406,9.142202409498527
53520,0,9.142202787530705,9.142202787530888
53580,0,9.142203165,9.142203165002673
53640,0,9.142203542,9.142203541936462
53700,0,9.142203918291443,9.142203918291646
53760,0,9.142204294080738,9.142204294
53820,0,9.142204669329944,9.142204669330052
53880,0,9.142205044064893,9.142205044064934
53940,0,9.142205418303826,9.142205418303783
54000,0,9.142205792017382,9.142205792017204
54060,0,9.142206165213334,9.142206165213008
54120,0,9.142206537908962,9.142206537908493
54180,0,9.142206910121537,9.142206910120981
54240,0,9.142207281858967,9.142207281858408
54300,0,9.142207653,9.142207653081117
54360,0,9.142208023814392,9.142208023814037
54420,0,9.142208394095519,9.142208394095313
54480,0,9.142208763963167,9.142208763963103
54540,0,9.142209133778952,9.142209133779003
54600,0,9.142209505071163,9.142209505071346
54660,0,9.142209876349199,9.142209876349508
54720,0,9.142210245602875,9.142210245603298
54780,0,9.142210610822033,9.142210610822529
54840,0,9.142210970017281,9.142210970017791
54900,0,9.142211323,9.142211323
54960,0,9.142211671740336,9.142211672
55020,0,9.142212019,9.142212018929314
55080,0,9.142212367,9.142212366898695
55140,0,9.142212717598438,9.142212717598609
55200,0,9.142213069317423,9.142213069317629
55260,0,9.142213421506991,9.142213421507252
55320,0,9.142213774118257,9.142213774118595
55380,0,9.142214127,9.142214127102775
55440,0,9.142214480484569,9.14221448
55500,0,9.142214834603543,9.142214835
55560,0,9.142215189181979,9.142215189182698
55620,0,9.142215543829545,9.142215544
55680,0,9.142215898155914,9.142215898156776
55740,0,9.142216251858242,9.142216251859061
55800,0,9.142216605266212,9.142216605266889
55860,0,9.142216958418114,9.142216958
55920,0,9.142217311,9.142217311253884
55980,0,9.142217663712376,9.142217663712486
56040,0,9.142218015786506,9.142218015786542
56100,0,9.142218367710196,9.142218367710221
56160,0,9.142218719316041,9.142218719316102
56220,0,9.142219070359419,9.14221907
56280,0,9.142219421,9.142219420595866
56340,0,9.142219769819604,9.14221977
56400,0,9.142220118,9.142220118166865
56460,0,9.142220465735429,9.142220465735637
56520,0,9.142220812587555,9.142220812587773
56580,0,9.142221158784743,9.142221159
56640,0,9.142221504355993,9.142221504356222
56700,0,9.142221849162128,9.142221849162372
56760,0,9.142222193,9.142222193285976
56820,0,9.142222536855186,9.142222536855439
56880,0,9.142222879998945,9.142222879999155
56940,0,9.142223222819823,9.142223222819936
57000,0,9.142223565225077,9.142223565225008
57060,0,9.142223907189832,9.142223907189537
57120,0,9.142224248716664,9.142224248716156
57180,0,9.142224589808164,9.142224589807514
57240,0,9.142224930480014,9.14222493
57300,0,9.142225271,9.142225270794347
57360,0,9.142225610693089,9.142225610692693
57420,0,9.142225950093666,9.142225950093458
57480,0,9.142226289,9.142226288915749
57540,0,9.142226627100147,9.142226627100174
57600,0,9.142226964731995,9.142226964732044
57660,0,9.142227301806926,9.142227302
57720,0,9.142227638,9.142227638294854
57780,0,9.142227974165609,9.142227974165612
57840,0,9.142228309388514,9.142228309388512
57900,0,9.142228643955598,9.142228644
57960,0,9.142228977906358,9.142228977906344
58020,0,9.142229311284622,9.142229311284604
58080,0,9.142229644134225,9.142229644134217
58140,0,9.142229976484886,9.142229976
58200,0,9.142230308,9.142230308280498
58260,0,9.142230639538608,9.142230639538719
58320,0,9.14223097,9.142230970295309
58380,0,9.142231300585811,9.142231300586024
58440,0,9.142231630441628,9.142231630441865
58500,0,9.142231959848507,9.142231959848756
58560,0,9.142232288790494,9.142232288790742
58620,0,9.142232617255567,9.142232617
58680,0,9.142232945231727,9.142232945231964
58740,0,9.142233272713586,9.142233272713808
58800,0,9.1422336,9.142233599730824
58860,0,9.142233926,9.142233926268801
58920,0,9.142234252304156,9.142234252304332
58980,0,9.142234577813882,9.142234577814024
59040,0,9.142234902779322,9.142234902779402
59100,0,9.142235227219778,9.142235227219748
59160,0,9.142235551141505,9.142235551141345
59220,0,9.142235874545456,9.142235874545182
59280,0,9.142236197432593,9.142236197432252
59340,0,9.142236519801488,9.142236519801171
59400,0,9.142236841642113,9.142236842
59460,0,9.142237163,9.142237162966683
59520,0,9.142237483791295,9.142237483791458
59580,0,9.142237804131954,9.142237804
59640,0,9.142238124000741,9.142238124001093
59700,0,9.142238443383121,9.142238443383446
59760,0,9.142238762281623,9.142238762281883
59820,0,9.142239080703586,9.142239080703757
59880,0,9.142239398656338,9.142239398656429
59940,0,9.142239716146918,9.142239716146952
60000,0,9.142240033176293,9.142240033176266
60060,0,9.142240349739888,9.14224035
60120,0,9.142240665832947,9.142240665832817
60180,0,9.142240981450714,9.142240981450554
60240,0,9.142241296590417,9.142241296590246
60300,0,9.142241611261204,9.142241611261053
60360,0,9.142241925461674,9.142241925461557
60420,0,9.142242239187873,9.142242239
60480,0,9.142242552435851,9.142242552
60540,0,9.142242865202373,9.142242865202308
60600,0,9.142243177490858,9.142243177490748
60660,0,9.142243489304715,9.142243489304542
60720,0,9.142243800646721,9.142243800646495
60780,0,9.142244111519679,9.142244111519437
60840,0,9.142244421925295,9.142244421925097
60900,0,9.142244732,9.142244731859858
60960,0,9.142245041327588,9.142245041327655
61020,0,9.142245350333726,9.142245350333953
61080,0,9.142245658883859,9.142245658884214
61140,0,9.142245966982474,9.142245966982895
61200,0,9.142246274626764,9.142246274627206
61260,0,9.142246581817329,9.142246581817767
61320,0,9.142246888555906,9.142246888556324
61380,0,9.142247194844238,9.142247195
61440,0,9.142247500684155,9.142247500684551
61500,0,9.142247806077224,9.142247806077622
61560,0,9.142248111023205,9.142248111023603
61620,0,9.142248415521625,9.142248415522022
61680,0,9.142248719572022,9.14224872
61740,0,9.142249023174442,9.142249023174838
61800,0,9.142249326331966,9.142249326332362
61860,0,9.142249629044892,9.142249629045287
61920,0,9.142249931,9.142249931313223
61980,0,9.142250233135412,9.142250233135806
62040,0,9.142250534512439,9.142250534512838
62100,0,9.142250835,9.142250835445845
62160,0,9.142251135936093,9.142251135936506
62220,0,9.142251435985932,9.142251435986354
62280,0,9.142251735596494,9.142251735596934
62340,0,9.142252034907543,9.142252034908015
62400,0,9.142252334569626,9.142252334570165
62460,0,9.142252633963395,9.142252633964004
62520,0,9.142252932249058,9.142252932249729
62580,0,9.142253228586844,9.142253228587537
62640,0,9.142253522115704,9.142253522116354
62700,0,9.142253813,9.142253812573788
62760,0,9.142254101014837,9.142254101015196
62820,0,9.142254388619218,9.142254388619415
62880,0,9.142254676565209,9.142254677
62940,0,9.142254966,9.142254965811242
63000,0,9.142255255568141,9.142255256
63060,0,9.142255545526432,9.142255545526698
63120,0,9.142255835604523,9.142255835604926
63180,0,9.142256125720907,9.142256125721401
63240,0,9.142256415846402,9.142256415846905
63300,0,9.142256706209917,9.142256706210338
63360,0,9.142256996666587,9.142256996666891
63420,0,9.142257286996628,9.142257286996804
63480,0,9.142257576980262,9.142257576980343
63540,0,9.142257866444332,9.142257866444384
63600,0,9.142258155562365,9.142258155562438
63660,0,9.142258444368462,9.142258444368586
63720,0,9.142258732845423,9.142258733
63780,0,9.142259020976054,9.142259020976308
63840,0,9.142259309,9.142259308762592
63900,0,9.142259596290817,9.142259596291192
63960,0,9.142259883496184,9.142259883496626
64020,0,9.142260170284278,9.142260170284782
64080,0,9.142260456561008,9.142260456561559
64140,0,9.142260742245673,9.142260742
64200,0,9.142261027382602,9.142261027383192
64260,0,9.142261312018054,9.142261312018645
64320,0,9.142261596186897,9.142261596
64380,0,9.142261879924009,9.142261879924547
64440,0,9.142262163249411,9.142262163249889
64500,0,9.142262446101421,9.142262446101807
64560,0,9.142262729,9.142262728510577
64620,0,9.142263011,9.142263010526603
64680,0,9.142263292200267,9.142263292
64740,0,9.142263573574132,9.142263573574098
64800,0,9.142263855,9.142263854621458
64860,0,9.142264135324242,9.142264135324076
64920,0,9.142264416,9.142264416
64980,0,9.142264695652202,9.142264695652006
65040,0,9.142264975264446,9.142264975
65100,0,9.142265254546517,9.142265255
65160,0,9.142265533,9.142265533473772
65220,0,9.142265812008196,9.142265812
65280,0,9.142266090113234,9.142266090113823
65340,0,9.142266367760199,9.142266367760827
65400,0,9.142266644983627,9.142266644984185
65460,0,9.142266921786952,9.142266921787378
65520,0,9.142267198163507,9.142267198163795
65580,0,9.142267474106637,9.142267474106827
65640,0,9.142267749607747,9.142267749607923
65700,0,9.142268024657206,9.142268024657461
65760,0,9.142268299273107,9.142268299273479
65820,0,9.142268573477391,9.142268573477883
65880,0,9.142268847292026,9.142268847292591
65940,0,9.142269120732825,9.142269120733376
66000,0,9.142269393776212,9.142269393776674
66060,0,9.142269666427286,9.142269666427614
66120,0,9.142269938698703,9.142269938698886
66180,0,9.142270210603142,9.142270210603195
66240,0,9.142270482152348,9.142270482152306
66300,0,9.142270753345265,9.142270753345132
66360,0,9.142271024173612,9.142271024173395
66420,0,9.142271294629314,9.142271294629033
66480,0,9.142271564704302,9.142271564704004
66540,0,9.142271834394036,9.142271834
66600,0,9.142272104,9.142272103713916
66660,0,9.142272373,9.142272372659113
66720,0,9.142272641219142,9.142272641219348
66780,0,9.142272909384268,9.142272909384618
66840,0,9.142273177146532,9.142273177
66900,0,9.142273444514156,9.142273444514622
66960,0,9.142273711490754,9.142273711491232
67020,0,9.142273978077789,9.142273978078263
67080,0,9.142274244276743,9.142274244277205
67140,0,9.142274510088024,9.142274510088473
67200,0,9.142274775507621,9.142274775508039
67260,0,9.142275040540442,9.142275040540822
67320,0,9.142275305193035,9.142275305193369
67380,0,9.142275569471943,9.142275569472242
67440,0,9.142275833382431,9.142275833382707
67500,0,9.142276096920508,9.142276096920767
67560,0,9.142276360086345,9.142276360086594
67620,0,9.142276622881546,9.142276623
67680,0,9.142276885307721,9.142276885
67740,0,9.142277147367002,9.142277147367222
67800,0,9.142277409,9.142277409063066
67860,0,9.142277670392756,9.142277670392948
67920,0,9.142277931353206,9.142277931353386
67980,0,9.142278192,9.142278191940902
68040,0,9.142278452153283,9.142278452153455
68100,0,9.142278711997507,9.142278711997694
68160,0,9.142278971472473,9.142278971
68220,0,9.142279230575404,9.142279230575628
68280,0,9.142279489303538,9.142279489
68340,0,9.142279748,9.142279747655158
68400,0,9.142280005633603,9.142280005633792
68460,0,9.142280263240528,9.142280263
68520,0,9.142280520475737,9.142280520475836
68580,0,9.142280777339266,9.142280777339334
68640,0,9.142281033831392,9.142281033831445
68700,0,9.14228129,9.142281289953939
68760,0,9.142281545707284,9.142281546
68820,0,9.142281801,9.142281801092029
68880,0,9.142282056108032,9.142282056108154
68940,0,9.142282310756475,9.142282310756569
69000,0,9.142282565040519,9.142282565
69060,0,9.142282818959053,9.142282819
69120,0,9.142283072510146,9.142283072509956
69180,0,9.142283325691862,9.142283325691626
69240,0,9.142283578492616,9.142283578492423
69300,0,9.142283830867271,9.142283830867216
69360,0,9.142284082862927,9.142284082863071
69420,0,9.142284334542367,9.142284334542705
69480,0,9.142284585968374,9.142284585968852
69540,0,9.142284837188154,9.142284837188665
69600,0,9.142285088,9.142285088142412
69660,0,9.142285338831353,9.142285338831684
69720,0,9.142285589276186,9.142285589276383
69780,0,9.142285839,9.142285839496417
69840,0,9.142286089519565,9.142286089519608
69900,0,9.142286339387523,9.142286339387553
69960,0,9.142286589043454,9.142286589043497
70020,0,9.142286838415936,9.142286838
70080,0,9.142287087433544,9.142287087433642
70140,0,9.142287336046795,9.142287336046927
70200,0,9.142287584344388,9.142287584
70260,0,9.142287832308137,9.142287832
70320,0,9.142288079892426,9.14228808
70380,0,9.142288327051654,9.142288327052004
70440,0,9.142288573741359,9.142288573741675
70500,0,9.14228882,9.142288819958468
70560,0,9.142289066,9.142289066
70620,0,9.142289311165825,9.142289311165747
70680,0,9.142289556257143,9.142289556256951
70740,0,9.142289801065315,9.142289801065072
70800,0,9.142290045560976,9.142290045560726
70860,0,9.142290289728674,9.14229029
70920,0,9.142290533561482,9.142290534
70980,0,9.142290777,9.142290777052343
71040,0,9.14229102,9.142291020193793
71100,0,9.142291263,9.142291262980793
71160,0,9.142291505426282,9.142291505426273
71220,0,9.142291748,9.142291747545299
71280,0,9.142291989352827,9.142291989352948
71340,0,9.142292230859317,9.142292230859542
71400,0,9.142292472045977,9.142292472046359
71460,0,9.142292712918836,9.142292712919398
71520,0,9.142292953,9.142292953490728
71580,0,9.142293193771577,9.142293193772412
71640,0,9.142293433774999,9.142293434
71700,0,9.142293673499982,9.142293674
71760,0,9.142293912937381,9.142293913
71820,0,9.142294152077922,9.142294152078334
71880,0,9.142294390912333,9.142294390912609
71940,0,9.142294629435913,9.142294629
72000,0,9.142294867668612,9.142294868
72060,0,9.142295105601411,9.142295105601614
72120,0,9.142295343219047,9.142295343219269
72180,0,9.142295580506262,9.142295580506495
72240,0,9.142295817,9.142295817451537
72300,0,9.142296054068094,9.142296054068273
72360,0,9.142296290359042,9.142296290359177
72420,0,9.142296526322678,9.142296526322758
72480,0,9.142296762,9.142296761957537
72540,0,9.142296997260896,9.142296997
72600,0,9.142297232227579,9.142297232
72660,0,9.142297466865864,9.142297466865708
72720,0,9.142297701186134,9.142297701185917
72780,0,9.142297935198783,9.142297935198515
72840,0,9.142298168911218,9.142298169
72900,0,9.142298402312095,9.142298402
72960,0,9.142298635,9.142298635
73020,0,9.142298868195681,9.142298868195342
73080,0,9.142299100692231,9.142299100691918
73140,0,9.142299333,9.142299332900215
73200,0,9.142299564818888,9.142299565
73260,0,9.142299796444286,9.142299796
73320,0,9.142300027773912,9.142300027774086
73380,0,9.142300258805031,9.142300258805326
73440,0,9.142300489536467,9.142300489536831
73500,0,9.142300719975468,9.142300719975864
73560,0,9.142300950119235,9.142300950119633
73620,0,9.142301179962805,9.142301179963187
73680,0,9.142301409501224,9.14230141
73740,0,9.142301638730657,9.142301639
73800,0,9.142301867655839,9.142301867656101
73860,0,9.142302096278447,9.142302096278634
73920,0,9.142302324598939,9.142302324599056
73980,0,9.142302552617787,9.142302552617853
74040,0,9.142302780334871,9.14230278
74100,0,9.142303007748058,9.142303007748142
74160,0,9.142303234860677,9.142303234860801
74220,0,9.142303461676965,9.142303462
74280,0,9.142303688201185,9.142303688201434
74340,0,9.142303914436546,9.142303914436864
74400,0,9.142304140379501,9.142304140379913
74460,0,9.142304366031214,9.142304366031732
74520,0,9.142304591394112,9.142304591394726
74580,0,9.142304816470634,9.142304816471308
74640,0,9.142305041263045,9.142305041263718
74700,0,9.142305265771464,9.142305265772082
74760,0,9.142305489995138,9.14230549
74820,0,9.142305713933375,9.142305713933805
74880,0,9.142305937585506,9.142305937585833
74940,0,9.142306160951293,9.142306161
75000,0,9.142306384033132,9.142306384033288
75060,0,9.142306606830912,9.142306606830974
75120,0,9.142306829343928,9.142306829343914
75180,0,9.142307051571482,9.142307051571427
75240,0,9.142307273512984,9.142307273512941
75300,0,9.142307495169238,9.142307495169266
75360,0,9.142307716541673,9.142307717
75420,0,9.142307937631662,9.142307937631914
75480,0,9.142308158440581,9.142308158
75540,0,9.142308378969355,9.142308378969787
75600,0,9.142308599216566,9.142308599
75660,0,9.142308819183855,9.142308819184446
75720,0,9.142309038873488,9.142309038874123
75780,0,9.142309258,9.142309258288364
75840,0,9.142309477,9.142309477428896
75900,0,9.142309696293966,9.142309696294184
75960,0,9.142309914885283,9.142309914885153
76020,0,9.142310133,9.142310133203344
76080,0,9.142310351251018,9.142310351250323
76140,0,9.142310569028112,9.142310569027385
76200,0,9.142310786534626,9.142310786534056
76260,0,9.142311004,9.142311003770827
76320,0,9.142311220738494,9.142311220738488
76380,0,9.142311437,9.142311437
76440,0,9.142311653869108,9.142311653869506
76500,0,9.142311870032767,9.142311870033273
76560,0,9.142312085929476,9.142312085930053
76620,0,9.142312301560363,9.142312301560972
76680,0,9.142312517,9.142312516927179
76740,0,9.142312732,9.142312732029449
76800,0,9.142312947,9.142312947
76860,0,9.142313161440354,9.142313161440436
76920,0,9.142313375752506,9.142313376
76980,0,9.14231359,9.142313589804347
77040,0,9.142313803598059,9.142313803597736
77100,0,9.142314017130948,9.142314017130763
77160,0,9.14231423,9.14231423
77220,0,9.142314443421595,9.142314443
77280,0,9.142314656183624,9.142314656184082
77340,0,9.142314869,9.142314868692939
77400,0,9.142315080946114,9.142315080946624
77460,0,9.142315293,9.142315292946309
77520,0,9.142315505,9.142315504693874
77580,0,9.142315716190947,9.142315716191208
77640,0,9.142315927439478,9.142315927439682
77700,0,9.142316138437511,9.142316138437671
77760,0,9.142316349186181,9.142316349186295
77820,0,9.14231656,9.142316559687332
77880,0,9.142316769942534,9.14231677
77940,0,9.142316979953263,9.142316979953234
78000,0,9.142317189717724,9.142317189717621
78060,0,9.142317399237184,9.142317399237003
78120,0,9.142317608513592,9.142317608513343
78180,0,9.142317818,9.142317817548625
78240,0,9.142318026394907,9.142318026394637
78300,0,9.142318235,9.142318235286218
78360,0,9.142318444,9.142318443998715
78420,0,9.142318652,9.142318652227866
78480,0,9.14231886,9.142318859669443
78540,0,9.142319066016789,9.142319066016956
78600,0,9.142319271199328,9.142319271199437
78660,0,9.142319475570325,9.142319476
78720,0,9.142319679518986,9.14231968
78780,0,9.142319883434523,9.142319883434368
78840,0,9.142320087632253,9.142320087632084
78900,0,9.142320291846419,9.142320291846278
78960,0,9.142320496,9.142320496
79020,0,9.142320700012165,9.142320700012158
79080,0,9.142320903923457,9.142320904
79140,0,9.142321107707957,9.142321107708112
79200,0,9.142321311429434,9.142321311
79260,0,9.142321515,9.142321515045895
79320,0,9.142321718492846,9.142321718493353
79380,0,9.142321921708172,9.142321921708739
79440,0,9.142322124637907,9.142322124638454
79500,0,9.142322327314888,9.142322327315332
79560,0,9.142322529765927,9.14232253
79620,0,9.142322732008948,9.142322732009067
79680,0,9.142322934061886,9.142322934061871
79740,0,9.142323136,9.142323135946024
79800,0,9.142323337681646,9.142323337681576
79860,0,9.142323539233999,9.142323539
79920,0,9.142323740561322,9.142323740561332
79980,0,9.142323941621786,9.142323941621807
80040,0,9.142324142381213,9.142324142381177
80100,0,9.142324343,9.142324343
80160,0,9.142324543092629,9.142324543
80220,0,9.142324743062474,9.142324743061973
80280,0,9.142324942781793,9.142324942781187
80340,0,9.142325142252147,9.142325142251531
80400,0,9.142325341458625,9.142325341458095
80460,0,9.142325540412259,9.142325540411875
80520,0,9.142325739129143,9.142325739128916
80580,0,9.142325937625381,9.142325938
80640,0,9.142326135914388,9.142326135914354
80700,0,9.142326333987254,9.142326333987242
80760,0,9.142326531839036,9.142326531839023
80820,0,9.142326729467404,9.142326729467374
80880,0,9.142326926870041,9.142326926869993
80940,0,9.142327124047362,9.142327124
81000,0,9.142327321,9.142327321011956
81060,0,9.142327517755199,9.142327517755065
81120,0,9.142327714263807,9.142327714263642
81180,0,9.142327910524894,9.142327910524719
81240,0,9.142328106528804,9.142328106528653
81300,0,9.142328302,9.142328302288798
81360,0,9.142328498,9.142328497805432
81420,0,9.142328693074798,9.142328693
81480,0,9.142328888093404,9.142328888093562
81540,0,9.142329082857268,9.142329083
81600,0,9.142329277364395,9.142329277
81660,0,9.142329471621329,9.142329471621364
81720,0,9.142329665635575,9.142329665635518
81780,0,9.142329859414648,9.142329859
81840,0,9.142330052963858,9.142330052963665
81900,0,9.142330246274796,9.142330246274533
81960,0,9.142330439,9.142330439349617
82020,0,9.142330632,9.142330632194174
82080,0,9.142330824813842,9.142330824813477
82140,0,9.142331017212603,9.142331017212307
82200,0,9.142331209389921,9.142331209
82260,0,9.142331401343062,9.142331401343165
82320,0,9.142331593069548,9.142331593069864
82380,0,9.142331784566922,9.142331784567366
82440,0,9.142331975834008,9.142331975834427
82500,0,9.142332166876631,9.142332167
82560,0,9.142332357692618,9.142332357692567
82620,0,9.142332548278041,9.142332548277706
82680,0,9.142332738628971,9.142332738628443
82740,0,9.142332928742363,9.142332928741805
82800,0,9.142333118621828,9.142333118621398
82860,0,9.142333308268686,9.142333308
82920,0,9.142333497683303,9.142333497683326
82980,0,9.142333686866065,9.142333686866282
83040,0,9.142333875816975,9.142333875817293
83100,0,9.142334064534726,9.142334064535094
83160,0,9.142334253021444,9.142334253021826
83220,0,9.142334441279829,9.142334441280203
83280,0,9.142334629312597,9.142334629
83340,0,9.142334817121876,9.142334817122206
83400,0,9.142335004705851,9.142335004706139
83460,0,9.142335192064971,9.142335192065202
83520,0,9.142335379200365,9.142335379200526
83580,0,9.142335566113166,9.142335566113259
83640,0,9.142335752804549,9.142335752804568
83700,0,9.142335939275268,9.142335939275181
83760,0,9.142336125524718,9.142336125524515
83820,0,9.142336311552139,9.142336312
83880,0,9.142336497356787,9.142336497
83940,0,9.142336682938245,9.142336682937934
84000,0,9.142336868298282,9.142336868
84060,0,9.142337053,9.142337053437036
84120,0,9.142337238354195,9.142337238354393
84180,0,9.142337423049488,9.142337423
84240,0,9.142337607522649,9.142337607523066
84300,0,9.142337791774088,9.142337791774505
84360,0,9.142337975804812,9.142337975805193
84420,0,9.142338159615852,9.142338159616179
84480,0,9.142338343208237,9.142338343208523
84540,0,9.142338527,9.142338527
84600,0,9.142338709738166,9.142338709738485
84660,0,9.142338892675854,9.142338892676216
84720,0,9.142339075397304,9.142339075
84780,0,9.142339257904087,9.142339258
84840,0,9.142339440197416,9.14233944
84900,0,9.142339622,9.142339622276685
84960,0,9.142339804,9.142339804141638
85020,0,9.142339985793408,9.142339985793884
85080,0,9.142340167234101,9.142340167234568
85140,0,9.142340348470796,9.142340348
85200,0,9.142340529534115,9.142340529534525
85260,0,9.14234071,9.142340710395226
85320,0,9.142340891013527,9.142340891013841
85380,0,9.142341071350625,9.142341071350883
85440,0,9.142341251362474,9.142341251
85500,0,9.142341431021693,9.142341431
85560,0,9.142341610391828,9.14234161
85620,0,9.142341789547284,9.142341789547213
85680,0,9.142341968562466,9.142341968562349
85740,0,9.142342147501537,9.142342147501443
85800,0,9.142342326332104,9.142342326332118
85860,0,9.142342505018528,9.142342505018684
85920,0,9.142342683533702,9.142342683534011
85980,0,9.142342861850551,9.142342861850976
86040,0,9.142343032914848,9.142343032915354
86100,0,9.142343164,9.142343163703725
86160,0,9.142343286,9.142343286
86220,0,9.142343441794234,9.142343441795402
86280,0,9.142343674578019,9.142343674578765
86340,0,9.255553184,9.146004805
86400,9573.627907771923,10.109352148689783,9.175667542522472
86460,10118.02334636148,11.449806040965687,9.228576638771585
86520,10097.393158599903,12.855119064607013,9.296820343906463
86580,10099.467205358867,13.90349542330358,9.372486907843355
86640,10079.726845405194,14.280568814653826,9.451776664169383
86700,10084.817158105081,14.463928613556904,9.554942545
86760,10096.24766029969,14.598636177218758,9.679134453985887
86820,10107.034142593431,14.710664339020768,9.816116018848032
86880,10120.618869670068,14.825985932344334,9.957650868426231
86940,10114.503681856373,14.965304461505774,10.098129928307737
87000,10104.044653414045,15.109293498894008,10.248520853460144
87060,10105.926253385875,15.252973019043305,10.407033656004518
87120,10101.71323731773,15.397047477172812,10.56859681373146
87180,10098.549894464555,15.542221328501691,10.728138804431572
87240,10095.081537944805,15.689674423024544,10.881890049759477
87300,10083.949776620884,15.84179627147191,11.034920746998118
87360,10081.705483299038,15.99570220686652,11.187015179704227
87420,10063.26297,16.14767711826934,11.336414162634458
87480,10104.449035009988,16.29400589474134,11.481358510545476
87540,10106.769910428535,16.431843548329677,11.620586068306263
87600,10114.224803303267,16.564695168514152,11.756196602627863
87660,10118.321749450368,16.69326590910578,11.888250800887612
87720,10069.665794005994,16.817287859584628,12.016218429696547
87780,10063.171063212556,16.936493109430778,12.139569255665727
87840,10066.306182446042,17.050643354486485,12.257892124519438
87900,10065.817518474882,17.160018357536785,12.37180980754225
87960,10063.16863698961,17.265303037706666,12.48183513454543
88020,10026.608188649567,17.367189139335682,12.588369572957445
88080,10014.345364530118,17.466368406763433,12.691814590206787
88140,10034.204758876143,17.563324478575545,12.792549012050692
88200,10023.937818579026,17.657307885704352,12.890651115105683
88260,10030.888956427154,17.748712108970206,12.986047817910611
88320,9997.511679702266,17.83820112436506,13.078673466799389
88380,9987.422890225089,17.92643891,13.168462408105935
88440,10010.629485638972,18.014065498917677,13.255377955215009
88500,10020.988022306843,18.101129874911845,13.339636478437495
88560,10040.826834907572,18.18706809438494,13.421430164545212
88620,10048.003198978491,18.271287926468215,13.500924314767401
88680,10041.06452748947,18.353197140292966,13.578284230333313
88740,10035.800680236307,18.43235704413511,13.653637607659315
88800,10066.493688040398,18.50943078814839,13.72690638508404
88860,10062.708453283994,18.58455651364769,13.798247309828504
88920,10080.94957452773,18.657698188987425,13.867868264265633
88980,10049.009111148496,18.728819782522024,13.93597713076836
89040,10082.532910455939,18.798050967273635,14.00274256491948
89100,10074.411377654546,18.866223728774976,14.068061507824995
89160,10069.320320404506,18.932796751266505,14.131981251653581
89220,10083.614128698577,18.996976371029916,14.194594881314995
89280,10077.049562752347,19.057968924346913,14.255995481719005
89340,10084.244345013618,19.115033546350684,14.316278426491323
89400,10068.744538947967,19.168408092185587,14.375500779971553
89460,10066.38998277852,19.219143794194153,14.433621085273336
89520,10061.63348,19.26831130537586,14.490588051693518
89580,10024.625758084045,19.31698127873021,14.546350388528953
89640,9995.486969,19.365880116250036,14.600893314428918
89700,9982.857099127777,19.413623494902346,14.654405800150755
89760,9947.327404719903,19.46060028369579,14.706855455868496
89820,9948.306929363194,19.50763743226201,14.75816077354595
89880,9990.362015943296,19.555561890232692,14.808240245146932
89940,9980.333664413616,19.60530238746506,14.857039463365833
90000,9991.354028086744,19.657525755971243,14.904700670467092
90060,10028.557452916972,19.710906532449584,14.951277031414183
90120,10022.375273481339,19.763872581772343,14.996791254945059
90180,10023.436037755662,19.81485176881178,15.041266049797692
90240,10028.765748925513,19.86261907059331,15.084697643638966
90300,10028.86872551127,19.908543284158213,15.126992865933788
90360,10020.88459666887,19.952976708794615,15.168315854218006
90420,10000.258641721068,19.995891482815214,15.208874093303477
90480,10044.738872228649,20.037259744532747,15.248875068002052
90540,10004.344695374393,20.07691286562442,15.288467373125512
90600,10012.042637928083,20.114243100714578,15.327427235675312
90660,10012.92827850745,20.150070308979295,15.365815505689707
90720,10028.103348073071,20.18544954637528,15.403766481160678
90780,10036.441762795248,20.221435868859263,15.44141446008023
90840,10036.072673642535,20.258861967153145,15.47886606621997
90900,10037.824348754653,20.29691098,15.51602248208797
90960,10028.606367562374,20.335437285705908,15.552868179956095
91020,10053.09509044426,20.374540370863883,15.589418120546107
91080,10067.549376402298,20.41431974041657,15.625687264579783
91140,10072.320762209614,20.45499044549422,15.661696805538885
91200,10078.290041827233,20.497130227004853,15.697481694223232
91260,10072.441008776113,20.540148651293983,15.733004249878674
91320,10081.123191215644,20.583262514528833,15.768215626071472
91380,10121.624430972815,20.62568861287662,15.803066976367905
91440,10143.959390599444,20.66701644,15.837524276481558
91500,10095.027881940337,20.7088426,15.871651050271545
91560,10106.450989423229,20.75038321280995,15.905445524192585
91620,10167.179621265519,20.79034335645957,15.938887944362483
91680,10195.818716635533,20.827428106847606,15.971958556899063
91740,10176.512404089397,20.860464060109358,16.004640946025123
91800,10146.645792958618,20.889938442865848,16.036951349493467
91860,10131.859891024114,20.91722962979763,16.068909004120638
91920,10132.628038975517,20.943682417524727,16.100530510206827
91980,10147.335227660555,20.970641602667175,16.13183246805226
92040,10148.19689279381,20.999157776925273,16.16282859190614
92100,10156.222366728565,21.028134495790077,16.193512560759377
92160,10154.111835019048,21.057422098824134,16.223889042075747
92220,10179.30558909206,21.08719994275652,16.253966066594312
92280,10176.777295457081,21.117647384316324,16.283751665054158
92340,10183.04514722808,21.14901506690525,16.313259964188923
92400,10203.648923353183,21.181693061567014,16.342524565412514
92460,10225.446076885552,21.215211027233433,16.371518006367175
92520,10215.43296373745,21.248968546649948,16.40020269995647
92580,10207.834383327685,21.282365202562023,16.428541059083987
92640,10191.113516816067,21.31509645821631,16.45650559002672
92700,10184.856562792207,21.34842974947709,16.484140518217778
92760,10193.953723312208,21.381707179222317,16.511454373136377
92820,10233.333176809781,21.41386230092551,16.538444140067046
92880,10240.93557489222,21.443828668060213,16.565106804294324
92940,10241.470558269557,21.470685231842317,16.59143547
93000,10257.529143568712,21.495026913191086,16.617415766940184
93060,10268.570428076491,21.517734494637367,16.64308048120824
93120,10254.683,21.539586307596096,16.668469490192248
93180,10213.575981749647,21.561360683482253,16.693622675551712
93240,10209.844995011927,21.58368268001545,16.718572430528248
93300,10215.226154102555,21.605996567294483,16.74329454804719
93360,10205.708015020953,21.628136744995174,16.767785685648704
93420,10206.20844665501,21.65010079363161,16.79205062
93480,10203.541132793802,21.67188629371791,16.81609411696393
93540,10203.725840208155,21.693511778138355,16.83993143929118
93600,10207.543666991345,21.715076864825253,16.86361517472208
93660,10193.266633368592,21.736494736687646,16.887099313715296
93720,10163.877814757601,21.757645648147655,16.910320949088597
93780,10170.311657789052,21.77840985362742,16.933217173659767
93840,10173.141505509775,21.798716538827875,16.955750911196358
93900,10166.434121810253,21.818777950032544,16.978035326864923
93960,10161.251196744148,21.838526200956174,17.00003705024373
94020,10122.340157335986,21.857828895335608,17.021688763426685
94080,10137.817876951694,21.876553636907715,17.04292314850771
94140,10152.69295446133,21.894500267428775,17.06368865450622
94200,10151.032214428942,21.91134061,17.084053970373294
94260,10137.162795148077,21.927571855245706,17.104045623314864
94320,10133.368854809978,21.943815419097266,17.123673192492078
94380,10120.714986605844,21.96069272869767,17.142946257066118
94440,10112.346730200761,21.97885211228403,17.16186540314745
94500,10126.143078611047,21.99857332386755,17.180397634480247
94560,10110.28054,22.019113463969063,17.198591997683312
94620,10125.749918391617,22.039624846614284,17.216511834127825
94680,10140.189235501184,22.059259785828942,17.23422048518498
94740,10138.026898950191,22.077304227914443,17.251760388440783
94800,10140.610415059982,22.094240647678934,17.269049639436453
94860,10127.23535729171,22.11048819681134,17.286120346951044
94920,10133.109637658074,22.126345846950002,17.303031727098958
94980,10127.451690701419,22.14211256973329,17.319843
95040,10119.660179912626,22.15808843,17.336606582760613
95100,10128.293092272894,22.174342311420215,17.353303782126087
95160,10153.574403635872,22.190543299077483,17.36990193080036
95220,10119.713595619607,22.20632763056397,17.386373098762682
95280,10120.521411318745,22.221331543900654,17.40268935599235
95340,10107.59492400448,22.23519940098651,17.418832105343153
95400,10099.736448531186,22.247929626685682,17.43484096340307
95460,10081.787399463155,22.25998295490754,17.45070911573996
95520,10068.691875775432,22.271850013173125,17.46641800224813
95580,10080.375212266468,22.284021429003516,17.481949062821908
95640,10070.086948336564,22.297056827142168,17.49729421252757
95700,10039.513818398003,22.311388764663565,17.512501039829637
95760,10049.763111869544,22.326182850224004,17.527549003426106
95820,10076.183262633182,22.340444146899817,17.542403100658937
95880,10077.680223438061,22.353177717767338,17.55702832887009
95940,10053.67720858312,22.363515310312323,17.57139835986661
96000,10037.006573764247,22.371978888087654,17.58555048
96060,10041.896418480348,22.37945441314827,17.59949460178822
96120,10035.61999,22.386747753700494,17.613230949679025
96180,10000.879724781826,22.394664777950663,17.626759767364597
96240,10009.355929210558,22.403901154052363,17.640077063614733
96300,9997.207231878212,22.414154171522377,17.65316657
96360,9999.687278,22.425154019062973,17.666056459131354
96420,9989.845160367859,22.436728450260894,17.678782073361006
96480,9996.235068079228,22.448705218702923,17.691378768333983
96540,9989.638544490554,22.461031428867354,17.703869528019172
96600,9981.780523708332,22.474253108555587,17.716205240287895
96660,9976.003659479073,22.488081373493745,17.72840669583899
96720,9964.741965,22.50205788986718,17.740510919231152
96780,9991.203937486009,22.51572432386128,17.752554935023078
96840,10018.01995557166,22.528669946755222,17.76456351924182
96900,10017.104157218902,22.541027783572673,17.776487271464394
96960,10006.499822459873,22.553103006589893,17.788341412354733
97020,9991.067339,22.565173512795024,17.800156871722642
97080,9999.253269,22.57751719917624,17.81196457937796
97140,10016.096767085208,22.590653758170514,17.82379709797433
97200,10027.121994461988,22.605783072106806,17.835668582771806
97260,10050.345128298863,22.621530062972425,17.847537687579823
97320,10071.64653911162,22.63610585809978,17.85935723043731
97380,10043.992857100753,22.647721584821316,17.87108003
97440,10018.525891590078,22.655105903382523,17.882680957925825
97500,10011.022882574323,22.660747951799383,17.894254586491016
97560,9998.913079394792,22.66544429,17.90575614211131
97620,9977.998356,22.66941056112934,17.917110730926197
97680,9957.912635,22.672862383953188,17.928243459075208
97740,9931.109615123634,22.675911912354675,17.939096506744267
97800,9875.479160922057,22.67817781558734,17.949738915155375
97860,9892.158988610376,22.680045419542882,17.960188522214263
97920,9887.678013910534,22.682050380728757,17.970444370149607
97980,9877.675590837518,22.684728355652464,17.98050550119014
98040,9864.384993635755,22.689062404899865,17.99036922550438
98100,9885.720554720012,22.697740707862398,18.000031351224056
98160,9910.387327367494,22.709426809031854,18.009511716581446
98220,9931.316435,22.722077637613623,18.018833569626715
98280,9891.230693419295,22.733650122813124,18.02802015841004
98340,9901.548554115008,22.742345881456103,18.037071451535937
98400,9842.370144225648,22.748949318863353,18.045885255110854
98460,9872.399605138771,22.754778251969217,18.05454651
98520,9858.968225133405,22.760982261022864,18.063175160522633
98580,9854.155914327235,22.768710926273464,18.071891129957827
98640,9877.020016321254,22.780076809945157,18.080791788946357
98700,9888.449388448473,22.800463602817366,18.089796892420935
98760,9899.980841014085,22.825931431451043,18.098877398397903
98820,9961.084321194434,22.850966769418818,18.10802779255105
98880,10004.086427020193,22.870056090293346,18.117242560554182
98940,9979.054621,22.87905116353913,18.12652234261259
99000,9955.529033,22.884177263051757,18.13589546544509
99060,9919.664422573027,22.887945213259414,18.145341902970344
99120,9913.306857,22.891393194403726,18.154832468279533
99180,9905.092027346811,22.895559386726305,18.164337974463816
99240,9926.827388,22.901362246701982,18.17383548895336
99300,9927.393455009578,22.908586819132605,18.18334833920167
99360,9938.296274290815,22.91697310941981,18.19288074850783
99420,9907.194364824556,22.92636067317869,18.202430027413776
99480,9911.163227047606,22.936589066024364,18.211993486461477
99540,9953.756118167103,22.947649557846784,18.22156054406615
99600,9972.505912333025,22.96035458117873,18.231093581540016
99660,9974.774311047058,22.974554407253315,18.24063101284315
99720,10005.525200200747,22.989891821520004,18.250224118601267
99780,9981.397299,23.006009609428286,18.259924179440095
99840,9984.234598,23.02282383937532,18.269772457672108
99900,9986.221115992867,23.041609331619448,18.279733875951074
99960,9991.846236236272,23.061708245181055,18.28980024737506
100020,10015.449581276878,23.082073073114813,18.299974161886905
100080,10061.16488739277,23.101656308475444,18.31025820942946
100140,10084.150029174214,23.11977370412307,18.320654337692815
100200,10092.723739370716,23.137936372068125,18.331161522031145
100260,10079.450025447737,23.15573143555624,18.341783645888377
100320,10102.825002496269,23.17227952710224,18.352525537689836
100380,10107.78643025306,23.18670127922097,18.363392025860858
100440,10144.496595433027,23.198498228205207,18.374414165744938
100500,10136.29074419365,23.20950013256259,18.385717954929014
100560,10116.37836820738,23.219562778275588,18.39718516079606
100620,10120.237276043335,23.228056271237474,18.40865546603104
100680,10102.815426563911,23.234350717341524,18.41996855331894
100740,10085.507519941084,23.238026741942218,18.43101109473839
100800,10070.692437474578,23.240321855710842,18.44197222406656
100860,10048.27463248959,23.241995874035354,18.452822822216834
100920,10041.04968692923,23.24358912532501,18.463475871128306
100980,10006.39957430643,23.245641937989117,18.473844352740052
101040,10011.260954010264,23.24868499246085,18.48385836225984
101100,10049.850933801043,23.252942887128686,18.4935879
101160,10038.002774705348,23.25828075188383,18.50307275517468
101220,10014.42183432875,23.264543342773273,18.512335586856594
101280,9979.962727493305,23.27157541584405,18.521399038840052
101340,9983.341616390908,23.279509200737255,18.530271120631145
101400,9996.5311,23.289862103128613,18.53889270176495
101460,10022.64649,23.302045384572203,18.54731751851063
101520,10039.667209492398,23.315054571114803,18.555620924976814
101580,10019.379074559145,23.32788518880318,18.563878275272167
101640,10016.414235523132,23.339758695730445,18.572141252299126
101700,10042.37301384297,23.35152679,18.580314828866616
101760,10034.75335552059,23.36328333118766,18.588423297697844
101820,10011.80453603145,23.374867073946007,18.59652086651442
101880,10031.919648920582,23.38611676288126,18.60466174303798
101940,10051.890219685323,23.39686542159458,18.612886931770753
102000,10033.123581149883,23.40706184920174,18.621145924176215
102060,10034.45462510767,23.416934318627273,18.62943872256226
102120,10056.55111345073,23.426738335867192,18.63778073486057
102180,10052.835787667442,23.436729406917536,18.64618736900282
102240,10076.517338677386,23.447158370599436,18.65467446889425
102300,10070.042737849446,23.458059605582935,18.663247873591338
102360,10067.638992106875,23.46918026830473,18.67189016881828
102420,10107.36970380402,23.48024861558698,18.68058170907195
102480,10086.354969217668,23.49099290425189,18.68930284884925
102540,10089.07170103785,23.501247907972342,18.698045104329804
102600,10079.926587697642,23.511465770888663,18.706856955496214
102660,10062.191378543896,23.52149079028655,18.715710379852897
102720,10052.643735354859,23.53102699,18.72456163395907
102780,10081.206256261235,23.539778396292665,18.733366974373975
102840,10095.609090378077,23.547345020515632,18.74208001520751
102900,10113.839339157854,23.55323421125559,18.75067940527177
102960,10097.549187718383,23.558392250829215,18.759225734187773
103020,10071.808780227671,23.563969856984386,18.767788407015995
103080,10062.62796314191,23.57111775,18.77643682881695
103140,10076.489258070618,23.581851245943916,18.78522302269816
103200,10112.91419476738,23.601309943210527,18.794080656478762
103260,10137.36872027753,23.626572716890784,18.803013409786946
103320,10166.992287077052,23.653330320673575,18.81204552412255
103380,10204.739619836837,23.677273508247822,18.82120124098545
103440,10243.702128928238,23.695149055008084,18.83051061332016
103500,10220.676613665939,23.711231004019453,18.840007991614783
103560,10244.36334373463,23.72609786096335,18.849645870345288
103620,10245.770990483845,23.739123442323184,18.859365205163144
103680,10242.614256048568,23.749681564582396,18.86910695171985
103740,10226.306637880365,23.75731435809514,18.87883635594886
103800,10212.470709543992,23.763031096815524,18.88865531483264
103860,10210.71669796602,23.76769514882054,18.898520258884208
103920,10186.56755833123,23.772013233114997,18.908355083764047
103980,10195.705129410133,23.776692068703728,18.918083685132654
104040,10168.988631443473,23.782268716379747,18.927648043291885
104100,10150.978691051687,23.788112830140367,18.937118307484347
104160,10166.07949991555,23.794257223947334,18.946500117974495
104220,10169.876913906039,23.800933796144985,18.955778386903848
104280,10176.627223503854,23.808374445077682,18.96493802641398
104340,10162.154450195067,23.816892673481814,18.97395868895275
104400,10156.060702287878,23.827053303743096,18.982814184930895
104460,10171.628057808497,23.838588182703102,18.991549173826066
104520,10182.176745225266,23.85109238155059,19.000218500236326
104580,10202.583462199416,23.86416097147434,19.008877008759775
104640,10210.40930677192,23.877683469898805,19.01756342112859
104700,10248.22371251737,23.893003380588826,19.02621349627515
104760,10285.832292350775,23.909365327711416,19.034839233201065
104820,10289.03567752758,23.925592772570987,19.04347260506959
104880,10274.542605678103,23.940509176471966,19.052145585043984
104940,10279.46803844701,23.953217280890716,19.060887540666204
105000,10293.788960811236,23.96487034770418,19.069693089091935
105060,10339.521339269777,23.975743433612397,19.078539159049704
105120,10314.196969667424,23.98580090874261,19.087403512516715
105180,10278.505053314431,23.995007143222114,19.096263911470203
105240,10290.216013385647,24.003304490181947,19.10510922688503
105300,10273.861994719968,24.010649922813162,19.113987005422043
105360,10262.461260043026,24.01736173521148,19.122871934541166
105420,10246.066188449971,24.023806023136327,19.131723316881764
105480,10267.449908187526,24.030348882347145,19.140500455083206
105540,10246.569672693666,24.037288987220855,19.14917545915614
105600,10237.824489479897,24.044386549484067,19.157800618957616
105660,10256.482368905345,24.051541801867526,19.166364994821535
105720,10248.42831720647,24.058724235695106,19.174841567532017
105780,10261.875154081998,24.065903342290753,19.18320331787322
105840,10231.775874732273,24.072984097236887,19.191425988493954
105900,10233.88884921629,24.079656980934995,19.199518578271046
105960,10253.083937086496,24.086244829589937,19.207502906459258
106020,10244.527596378652,24.09317652329535,19.215399435985105
106080,10242.54306920259,24.10088094214492,19.223228629775164
106140,10251.247620218355,24.10998956496752,19.231004282967913
106200,10276.89167358802,24.121657398933507,19.238700061826655
106260,10291.819662489259,24.134805026993856,19.246325226418232
106320,10291.761278172562,24.148000181136837,19.25389762164333
106380,10294.516540388924,24.159810593350734,19.26143509240265
106440,10293.513499697432,24.16924535732335,19.268953730192678
106500,10285.22212677287,24.178192165061535,19.27644924281953
106560,10277.81812662706,24.18655107122823,19.283910407613238
106620,10276.407304058801,24.193683274249164,19.29132695944056
106680,10274.237209723009,24.198949972550086,19.298688633168307
106740,10276.524844182533,24.201931735299944,19.305995477857437
106800,10270.276245222743,24.203849953498892,19.313294258803275
106860,10239.176113951407,24.205286186156105,19.32055123397089
106920,10246.084089338365,24.20658194115839,19.327717350919006
106980,10235.13186050176,24.208078726392596,19.33474355720639
107040,10210.126010294716,24.21001542917078,19.341585056716344
107100,10250.702125030593,24.212003851661354,19.348254403067386
107160,10232.613097893813,24.214187890807764,19.354794012603644
107220,10216.882113781334,24.21684231,19.361245017822306
107280,10200.192608696332,24.22024189113048,19.367648551220583
107340,10181.560300971378,24.225493543465095,19.37403452431618
107400,10186.661995466024,24.23722337375747,19.380359315651084
107460,10198.57646214519,24.253147993154023,19.386629258588542
107520,10216.620885402352,24.269715713964015,19.392864340005993
107580,10261.151457439983,24.283374848496745,19.39908455
107640,10278.035942472847,24.291459132094282,19.405308773049832
107700,10254.15742072662,24.297751527815716,19.41153612244612
107760,10230.728910224358,24.303165103469325,19.417749635850768
107820,10252.719457007835,24.307621098431774,19.423932013746914
107880,10243.678331271969,24.311040752079776,19.430065956617714
107940,10231.592483012158,24.313379544023093,19.43614106
108000,10236.712049863772,24.314950618444286,19.442186494854838
108060,10202.121630682605,24.316135537464053,19.448191475553713
108120,10216.313011666058,24.317291824354324,19.454136083300515
108180,10211.79999590809,24.318777002387076,19.460000400512055
108240,10171.540846843833,24.321160905747085,19.46577490489741
108300,10187.952135189465,24.325636227367088,19.471505437523774
108360,10219.647984397085,24.33117712889881,19.477170418959847
108420,10168.819445165671,24.33639782206363,19.482733933836144
108480,10172.502499931328,24.33991251858295,19.488160066783188
108540,10206.760816645987,24.340755413109562,19.493421115433797
108600,10202.658641456608,24.34095491201265,19.49855168671068
108660,10180.730023131693,24.341070681982398,19.503563888954663
108720,10152.321692567464,24.34118335999349,19.50846095944548
108780,10139.320560804108,24.34137358302061,19.51324613546287
108840,10121.319424835094,24.34193614204947,19.51791683044294
108900,10130.02977263339,24.344192482706752,19.522449216494632
108960,10118.409249200233,24.347886400064727,19.52687344
109020,10125.270564020255,24.35245129400158,19.53122895272027
109080,10131.486597279005,24.357320564395536,19.535555234580677
109140,10127.982102202643,24.362288334596897,19.539882287245923
109200,10117.731213195399,24.368994148843715,19.544174231068546
109260,10119.683241668306,24.376612539210978,19.548430842761064
109320,10131.321355461954,24.383810558206886,19.552662893963287
109380,10149.362263808085,24.38925525833965,19.55688115631504
109440,10149.134180199364,24.391939022945643,19.561089702372577
109500,10146.263082964038,24.393401370880596,19.565259372264872
109560,10095.400909919153,24.394421452695692,19.56940850666462
109620,10084.993312294426,24.39543746226435,19.573565008203836
109680,10103.279396056152,24.39688759346005,19.577756779514555
109740,10117.256013897459,24.39961923514134,19.582008378285792
109800,10110.119531528915,24.406008873360438,19.58631021163842
109860,10129.398616149025,24.414701694155116,19.590647311695246
109920,10115.796735184309,24.42369259443234,19.595007163385727
109980,10135.040465249534,24.430976471099093,19.599377251639343
110040,10168.256400489203,24.43500229145636,19.603750621282618
110100,10169.566686475056,24.437714107497214,19.60815081798286
110160,10145.537690901841,24.439895288367644,19.61256680227236
110220,10152.10791140707,24.44184538956743,19.61697998481166
110280,10126.60755048568,24.44386396659637,19.62137177626134
110340,10116.316418744096,24.44619440407122,19.625730168146262
110400,10106.147486303322,24.448635854662204,19.630082289319287
110460,10064.349678616512,24.451111381899963,19.634419362672684
110520,10089.11078731313,24.453602329784236,19.63872407624111
110580,10108.227742491363,24.456090042314766,19.642979118059227
110640,10099.015927130975,24.45850126251513,19.647167851624904
110700,10101.137730724718,24.460575536259615,19.65129043157726
110760,10083.742522945578,24.462578196978715,19.65536449409429
110820,10068.89127890928,24.464863576027096,19.659408488464663
110880,10088.615249145383,24.467786004759425,19.663440863977065
110940,10085.27112781484,24.472440157206204,19.66747412573795
111000,10103.589635208165,24.482795964236598,19.671484259833864
111060,10152.724986428191,24.496252581501423,19.67547775
111120,10150.194473857302,24.50904699373397,19.679468630159228
111180,10158.705666626423,24.517416185667543,19.68347094095502
111240,10152.134728112307,24.51856875204867,19.68749703794408
111300,10103.585995906893,24.517004365608475,19.69154198762326
111360,10111.582363145902,24.514428189631015,19.695597937452987
111420,10100.036000147504,24.51148532,19.699658249828556
111480,10076.63736758707,24.508820864657167,19.703716287145287
111540,10045.808570801952,24.50694277546433,19.707784238068566
111600,10006.380020768544,24.50532527414646,19.711949173515077
111660,10003.183484054935,24.50382931838979,19.716134003220724
111720,10065.757327453965,24.502464874922094,19.720232317575288
111780,10056.022973398116,24.501241910471176,19.724137706968573
111840,10028.727863265318,24.50013694011892,19.727770282836023
111900,10022.920792095683,24.498981686631222,19.731240839519224
111960,10035.490168246124,24.497880115640022,19.73457008251701
112020,9983.538403408113,24.496986737144702,19.737748679791153
112080,9986.854115759255,24.49645606114465,19.740767299303418
112140,9979.315038,24.496514237592148,19.74361192602618
112200,9991.561267,24.497655871730636,19.74626682126967
112260,9969.713343365207,24.49972354974541,19.748785089927697
112320,9988.508540434317,24.502446107147136,19.751229365133813
112380,9983.373881957737,24.505552379446495,19.753662280021622
112440,9989.444456,24.509268250404794,19.75612926035076
112500,10013.48783473216,24.51605757085102,19.758562732373807
112560,9981.352534441849,24.524482413642964,19.760971335891206
112620,9980.443382,24.532365270965304,19.763384617073612
112680,10014.830783023352,24.537528635002744,19.765832122091712
112740,10028.32726361882,24.538482235783484,19.76833690263934
112800,10007.500693487833,24.538568762022265,19.770875083606615
112860,10010.751311664057,24.538617158614596,19.773444465839216
112920,9979.048624301573,24.538663703525167,19.776050175054397
112980,9984.208336431859,24.538744674718693,19.77869733696944
113040,9986.320944404257,24.539054445045853,19.781392073240028
113100,9982.380998743978,24.54054319681068,19.78414092695309
113160,10002.70517807502,24.542992967690587,19.786935891026875
113220,10010.448541046957,24.54595637498512,19.789766939248377
113280,9991.084263029226,24.54898603599384,19.79262405
113340,9994.550261948278,24.551692345944286,19.79549587451158
113400,9997.021394684272,24.554262536620346,19.79837450536615
113460,9990.346555528407,24.556955053126526,19.801277711653217
113520,9990.680158788902,24.55998424660436,19.80422644505449
113580,9996.059849702413,24.56356447,19.807241657251694
113640,9975.613415419512,24.568154775629363,19.810340746614113
113700,9978.485062831474,24.575134441116322,19.81351312589067
113760,9990.719796791444,24.583660931706408,19.81675623858018
113820,10039.583154319029,24.592503593750685,19.820071230287862
113880,10039.955935787488,24.600431773600246,19.823459246618935
113940,10040.642700813733,24.606628425270102,19.826929435680917
114000,10031.704030180337,24.612849928359793,19.83052167018501
114060,10014.985579335505,24.618784279393683,19.834204210549895
114120,10023.785790425181,24.623598085756882,19.83793270818443
114180,10047.329711610793,24.626457954834525,19.84166281449748
114240,10022.39797251676,24.626854479131545,19.84536891726577
114300,10019.853806399551,24.626511755221593,19.84912979554505
114360,10026.622510161951,24.625894419988953,19.852910340864867
114420,10017.688690909315,24.62508748525293,19.856650214723928
114480,9991.365732339464,24.62417596283286,19.860289078620966
114540,10002.174344473508,24.623197013553266,19.86378998207099
114600,10009.694156009527,24.62189857694994,19.86725280119601
114660,10016.683753073907,24.62028197680658,19.870646050850475
114720,9963.063181638929,24.618409981669494,19.87390761395806
114780,9943.757094479999,24.61634536008502,19.87697537344246
114840,9953.403640116796,24.613960080452372,19.879804606831215
114900,9946.652982200094,24.610330670083364,19.882474993068804
114960,9929.868726189821,24.606136869983587,19.885006024182058
115020,9919.254304495718,24.60235073649077,19.887397403458344
115080,9894.305608695286,24.599944325942683,19.889648834185035
115140,9884.827983208337,24.599670020393287,19.89176258479329
115200,9888.061153203917,24.600565941790272,19.89375892122423
115260,9860.713965821655,24.602193002441545,19.895648657653272
115320,9849.761772047776,24.60434308730302,19.897439644078357
115380,9870.471268487969,24.606808081330627,19.89913973049747
115440,9919.117881016595,24.609798122052094,19.900749029897444
115500,9935.048574032258,24.61539554234271,19.90223766639551
115560,9927.674437295214,24.622381219432533,19.903644530681945
115620,9916.142052380968,24.62891223992677,19.905020666641086
115680,9926.323430526958,24.633145690430652,19.90641711815732
115740,9913.738865729638,24.633320962956457,19.907868292940474
115800,9896.737373663063,24.629533651583913,19.909306853279784
115860,9881.859635300212,24.623694971791778,19.910751577863643
115920,9845.272007013396,24.617790118824804,19.912242449903648
115980,9848.906990483063,24.61380428792779,19.913819452611406
116040,9852.653613634064,24.61355081,19.91551353621385
116100,9867.244510400482,24.616765543302847,19.917296566829695
116160,9882.100727359737,24.622373221474334,19.919180807849635
116220,9910.130749,24.629381922327273,19.92118952848074
116280,9915.434568084787,24.636799721515423,19.923345997930106
116340,9943.223340555978,24.64421204942249,19.92568878914494
116400,9932.893347717594,24.65420836623247,19.928310098191126
116460,9949.694692,24.66551619258605,19.93115666536036
116520,9958.698768432874,24.676057461965634,19.93415043902785
116580,9967.878791,24.683754107853645,19.937213367568837
116640,9975.278356340144,24.68709976075978,19.94028854261061
116700,9982.510143252777,24.68885059968297,19.943461810304207
116760,9968.793514,24.69007288,19.946731847096707
116820,9959.450592646177,24.69120548844124,19.950072157921745
116880,9939.513055371004,24.69268728771248,19.95345624771298
116940,9950.16645,24.695092282077525,19.95686962
117000,9951.107673367971,24.699267643414693,19.96036393652487
117060,9948.248256141165,24.704444332314683,19.96391683
117120,9967.632739606117,24.709607921589264,19.96748966
117180,9957.959219697412,24.713743984050243,19.971043832096388
117240,9973.404189295354,24.716069190908684,19.974552258274677
117300,9959.137264,24.717602259270013,19.978061200123594
117360,9954.126082510742,24.718809668172376,19.98156156821459
117420,9938.147258998402,24.719914731963975,19.985029905133004
117480,9935.148088165648,24.72114076499304,19.988442753464202
117540,9930.483456386042,24.722686222581313,19.991783372422944
117600,9940.262955571043,24.72448981199117,19.995079320204777
117660,9895.82323,24.726440440019168,19.998328723375742
117720,9894.395651046092,24.728444455900082,20.00152157333476
117780,9913.136958049878,24.730408208868745,20.004647861480798
117840,9931.003641771722,24.732323921945536,20.00770457797529
117900,9924.320676529738,24.734575966834402,20.01072401054771
117960,9915.451483924466,24.736883729593877,20.013689780085546
118020,9916.000335068076,24.738839548140866,20.01657559426641
118080,9912.656230821261,24.740035760392306,20.019355160767958
118140,9910.010077998215,24.739948122076385,20.02200926954661
118200,9877.002117073798,24.737898500107125,20.02456966545637
118260,9873.771262521916,24.734738715976306,20.027044092401823
118320,9868.056025073041,24.731543120162847,20.029432277477337
118380,9852.872666587707,24.729386063145697,20.031733947777287
118440,9872.5881,24.729178602482897,20.03395586511651
118500,9878.193339140109,24.730279898096548,20.036134381179007
118560,9861.422627063841,24.731977702108985,20.03824717246768
118620,9854.0867,24.733694748327824,20.040261172626657
118680,9860.466468358993,24.734853770560715,20.042143315300066
118740,9848.930898,24.734521246759147,20.043872098107695
118800,9856.443522860083,24.730580643261252,20.04550314092494
118860,9840.911362199151,24.72440966493731,20.04704280482846
118920,9804.949173804636,24.717971780062918,20.048483557425723
118980,9798.238269642652,24.713230456913692,20.049817866324194
119040,9753.724373081184,24.71161768077133,20.051038873477157
119100,9763.563866171131,24.710748350072326,20.052155734521882
119160,9753.990408393245,24.71004971981017,20.053193815476554
119220,9766.420818238019,24.709551554989115,20.054179194993647
119280,9768.399146907195,24.709283620613455,20.05513795172565
119340,9799.875842910064,24.70939015165076,20.05608526382715
119400,9804.126010052878,24.710537353880223,20.05697633767254
119460,9785.889033177502,24.712503739098995,20.057833898904697
119520,9754.202388500296,24.71489836255666,20.058695452231113
119580,9775.236387566247,24.71733027950282,20.05959850235931
119640,9791.052957,24.719548632699823,20.06057317669566
119700,9773.218016100276,24.722135705223028,20.06159462771896
119760,9779.901741728341,24.724909479736315,20.062659864560025
119820,9795.342414921959,24.727506259201725,20.063773996211435
119880,9792.767805,24.729562346581325,20.06494213166577
119940,9805.794087167356,24.73078863984331,20.066170293296842
120000,9802.680704777858,24.73153958965465,20.067467345755208
120060,9797.332511764762,24.732093929464504,20.068832878930117
120120,9805.119741885444,24.73266008538518,20.070264955684326
120180,9789.857299757246,24.733446483529015,20.071761638880623
120240,9786.164577416237,24.734804933333194,20.073325668800607
120300,9784.087504358631,24.737620437822248,20.07498265234357
120360,9770.716838550316,24.74146621933526,20.076724472515767
120420,9786.412237223363,24.745687291903558,20.078536291451623
120480,9802.497192792967,24.74962866955854,20.080403271285597
120540,9815.254544973901,24.752859820254123,20.082325879508552
120600,9814.342533554269,24.756309494078366,20.084375313640944
120660,9796.126729331578,24.75972226395579,20.08650563725743
120720,9786.801194,24.76255483,20.088648380719768
120780,9810.045022067246,24.76426390597781,20.09073507438971
120840,9807.177100218109,24.763841504393877,20.092716852164003
120900,9801.845359447398,24.75870204514943,20.094672694508336
120960,9782.262225378274,24.750760389109285,20.096593283443433
121020,9764.765974238224,24.742690866478494,20.098445365899067
121080,9748.286313767672,24.73716780746213,20.10019568880503
121140,9690.54558,24.73610045836144,20.101814434004574
121200,9713.933941496149,24.73594274,20.103316141462486
121260,9699.238098456683,24.735822906313125,20.10473626280225
121320,9698.820386,24.73574176961522,20.10610895916259
121380,9711.787476624177,24.735700135618323,20.107468391682264
121440,9737.848799258913,24.73630495968816,20.108837139060693
121500,9742.114949,24.740935035037765,20.110168180288944
121560,9785.858015960463,24.74828162302895,20.111476500895442
121620,9781.826701149028,24.75613970921615,20.11279201306049
121680,9775.375222,24.76230427915381,20.114144628964418
121740,9763.880422049342,24.76510979730661,20.115558417563722
121800,9758.075053361192,24.766882817345643,20.11701321568456
121860,9770.597999615873,24.768305096748875,20.118505030125338
121920,9790.999899786182,24.76946236574486,20.120036192108575
121980,9778.228218349905,24.77044035456219,20.12160903285681
122040,9729.976249327143,24.771335243495876,20.123231520660394
122100,9730.993383033569,24.772237605620617,20.12493206819275
122160,9727.107018485996,24.773068725122698,20.126686657655856
122220,9747.406886391665,24.773727373912866,20.128462230829058
122280,9748.169541,24.774112323901885,20.130225729491723
122340,9752.482712,24.77398492247644,20.13195263266304
122400,9751.624729671965,24.77259608613428,20.133676179667194
122460,9728.234863618878,24.770454997143194,20.135394609170273
122520,9725.930644,24.768289641937617,20.137096011768346
122580,9725.001589214924,24.76682800695201,20.138768478057486
122640,9689.595260202454,24.766771406724338,20.14040563823805
122700,9694.594206926347,24.768145220277077,20.142031532321536
122760,9705.394412548245,24.77026314949904,20.14363577504238
122820,9712.822481,24.77240508245226,20.145200461502704
122880,9720.441953152205,24.77385091,20.146707686804614
122940,9714.383530930023,24.77391513337726,20.14814431458969
123000,9692.279407,24.77260496168097,20.149531116026182
123060,9675.900877342683,24.77054531930191,20.150872038330544
123120,9681.893578,24.768380601145505,20.152165577968937
123180,9678.283775526934,24.76675520211721,20.153410231407527
123240,9697.159888197091,24.76615585445534,20.15460563
123300,9717.038098,24.765885701893332,20.155758744825622
123360,9743.474310177144,24.76570057473335,20.156871351168142
123420,9700.724222034301,24.765528257380485,20.15794382962673
123480,9674.497956482153,24.76529653423983,20.15897656
123540,9673.882813902024,24.76493819966012,20.159972985363147
123600,9651.619448335015,24.764436585126038,20.160949124835508
123660,9649.924459205513,24.763782057784116,20.161895044128816
123720,9647.086400281154,24.76296123006517,20.16279610185937
123780,9649.900369066494,24.76196071440005,20.16363765664347
123840,9660.064410441531,24.760530989725673,20.164407472670902
123900,9720.777200714538,24.757438699982654,20.165117521820388
123960,9715.507237176284,24.753435613627875,20.165783057754613
124020,9660.431321479036,24.749635346694507,20.16641752357537
124080,9616.009800464019,24.747151515215737,20.16703436238447
124140,9616.516389128936,24.746825195792667,20.16763743055147
124200,9609.812346875271,24.747457024017915,20.168185125445184
124260,9618.19695,24.748639337176865,20.16870729709789
124320,9613.668480657921,24.75026244882647,20.169247756658446
124380,9629.062692,24.752216672523687,20.16985031527571
124440,9626.143344609918,24.75477180855747,20.17055605155769
124500,9638.721776,24.75999826905019,20.171370027890728
124560,9622.136086903858,24.767139926048028,20.172279463937723
124620,9636.781017433183,24.774888157005133,20.173272509641027
124680,9681.044152481205,24.78193433937567,20.17433731494301
124740,9687.352058158742,24.787189337612826,20.175464238878046
124800,9694.019531116184,24.79145397754611,20.176669575009306
124860,9678.072327296044,24.79530030346232,20.177978768364607
124920,9690.247191043783,24.799093010399993,20.17941609108695
124980,9699.112678708836,24.803196793397703,20.181005815319374
125040,9702.793254754011,24.808017234562673,20.182795436284987
125100,9740.895159,24.8138462,20.184924877685287
125160,9744.758796427695,24.820161111847728,20.187331658439177
125220,9752.242724133434,24.826339179844567,20.189917138322663
125280,9749.797414566676,24.831757610153215,20.19258267711175
125340,9739.037867034724,24.83589797306258,20.195258559893883
125400,9749.132873321458,24.83919388487117,20.198064788800707
125460,9754.962685202489,24.84205865405075,20.20099286572855
125520,9751.241706871284,24.844814057520978,20.203999118466086
125580,9742.499723228546,24.84778187220154,20.20703987480201
125640,9744.031805673534,24.85119374162208,20.21007985303135
125700,9762.946573338804,24.85470625035487,20.213150024905048
125760,9764.926991006938,24.858403099184105,20.216262681466073
125820,9745.525067988227,24.862479724669143,20.219421394441298
125880,9752.42955,24.867131563369366,20.222629735557614
125940,9758.726929818773,24.872853359867435,20.225893976914403
126000,9777.918802732562,24.881224957541242,20.229228503505215
126060,9789.745102564584,24.891041627106457,20.232619799061034
126120,9794.352049632073,24.90061856924196,20.236049794354123
126180,9801.702791763848,24.908270984626657,20.23950042015677
126240,9822.131470406584,24.91268152636168,20.242957354653818
126300,9795.355385,24.915499394805167,20.246434615170536
126360,9801.632377146574,24.917663487564703,20.249935802269615
126420,9796.424643972405,24.919739452244478,20.25346045678124
126480,9783.884838695745,24.922292936448702,20.257008119535634
126540,9810.370998,24.92594972674355,20.2605799
126600,9824.212275282809,24.931230049023956,20.26418324799537
126660,9824.927727,24.937558444353346,20.267812129296157
126720,9826.032603999838,24.94422020670037,20.27145807877153
126780,9828.500253263437,24.950500630033737,20.275112632247193
126840,9812.103218968838,24.95576840570993,20.278766832472336
126900,9845.624069722931,24.96028062678077,20.28241662351283
126960,9834.184259317015,24.964489619521864,20.286073620372264
127020,9807.632146284082,24.968791441427378,20.289751113397934
127080,9829.572020137886,24.97358214999151,20.293462392937155
127140,9818.045055574717,24.979327938534635,20.297218365148456
127200,9816.300221647078,24.98650536561227,20.301010944952097
127260,9824.750045,24.994534338297004,20.30483708185827
127320,9828.712148261293,25.002690018952205,20.308696181165477
127380,9856.454226,25.010247569941267,20.312587648172236
127440,9880.784991,25.01656365526751,20.31650946805642
127500,9904.892768402382,25.021903854589578,20.32045517571995
127560,9897.286262275933,25.02679199811213,20.32443267485473
127620,9880.804329077946,25.03170230929621,20.328452239251117
127680,9879.565281943784,25.037109011602894,20.33252414269949
127740,9878.123649585606,25.04355395228576,20.336659321848856
127800,9904.197349074731,25.05150664880878,20.340863833989975
127860,9926.577995060012,25.060281400381193,20.34512550238218
127920,9912.174226,25.069042059991933,20.34943012413425
127980,9925.116846491477,25.076952480629924,20.353763496354972
128040,9916.728985,25.083297779427593,20.35811544944952
128100,9925.598543814365,25.08853837180773,20.362502229563912
128160,9930.962538684515,25.09322553554739,20.366922101885788
128220,9927.420775989576,25.097813327839855,20.371368421949125
128280,9933.903826796233,25.10275580587845,20.375834545287933
128340,9895.509404611563,25.10856246518142,20.38031969584908
128400,9925.641134,25.115612648389217,20.38485017375655
128460,9944.733438483461,25.123221233346747,20.38940729566106
128520,9947.529953,25.130570391869888,20.393963732756557
128580,9950.255132053317,25.13684229577454,20.398492156237033
128640,9955.853632565277,25.14133482214319,20.402968594130023
128700,9954.027778669213,25.144541792481785,20.40740325665486
128760,9964.580013177716,25.14716721196985,20.411811599377593
128820,9980.581545821591,25.14983217618575,20.41620660446742
128880,9939.402541720805,25.15315778070788,20.42060125409353
128940,9935.649276586926,25.157948610345414,20.425004584392667
129000,9946.264202655295,25.165423606999315,20.42940077061704
129060,9954.416020011888,25.17467896832056,20.43379320934233
129120,9976.588506532958,25.18448341632865,20.438190230599982
129180,9977.712607743373,25.19360567304307,20.442600164421464
129240,10012.307876828296,25.20128192451159,20.44704152629565
129300,10009.521392787667,25.209483710725465,20.451563954437944
129360,9991.488360203262,25.217557930542913,20.456112711951448
129420,10008.103041998827,25.22423930569518,20.46061595778128
129480,9998.276048547361,25.228262557913553,20.465001850872596
129540,9996.875083567194,25.228382238000307,20.46922610718623
129600,9965.943591060315,25.22453220845983,20.473406095172777
129660,9967.142993857256,25.218296884037592,20.47750512891813
129720,9927.551867499516,25.211375311236377,20.481450487981963
129780,9891.793600172283,25.20546653655901,20.485169451923966
129840,9897.942935594801,25.20182965651676,20.488607745548507
129900,9923.298548539979,25.19864925225774,20.491849220032307
129960,9892.464413303696,25.19575128867009,20.49492419620418
130020,9864.349324184057,25.193471739454594,20.497842832203357
130080,9842.667423200719,25.192146578312105,20.500615286169083
130140,9885.486582475944,25.192449647581427,20.503243120019768
130200,9887.708372381363,25.19638822717109,20.505695731179713
130260,9907.640435569692,25.203006138742673,20.50802083366364
130320,9935.701158885071,25.210819638034017,20.51027979700254
130380,9910.495338,25.218344980782984,20.51253399072743
130440,9889.876633825572,25.224521690255834,20.51482778370782
130500,9893.374730161167,25.23102980476741,20.51709421450218
130560,9911.152093281913,25.237609951883492,20.519342136209133
130620,9922.702309773324,25.24348333992329,20.52160109836969
130680,9924.376675680656,25.247871177206044,20.52390065052488
130740,9909.351259358742,25.250218499221972,20.526265405358384
130800,9945.001186220295,25.251666436107676,20.528679074698303
130860,9922.086716064247,25.252739643510036,20.531133183265858
130920,9932.173624914076,25.253720750593626,20.533624132454715
130980,9906.622230113298,25.254892386523014,20.536148323658573
131040,9903.692739731061,25.256481482429404,20.538702308677944
131100,9917.385344250979,25.258316601441976,20.54128660688076
131160,9921.816146892008,25.260418975595286,20.543906009162075
131220,9909.884235981559,25.262873196949997,20.54656551770847
131280,9908.393379981682,25.26576385756678,20.54927013470653
131340,9900.595629112737,25.269457258637498,20.55202682
131400,9917.588216644981,25.275459550740358,20.55484672737481
131460,9917.484282536665,25.282852485818562,20.55771804293637
131520,9926.647524198965,25.290281649637205,20.560625426159007
131580,9943.775507182823,25.296392627961417,20.56355353851819
131640,9942.663456994294,25.300136795915154,20.566492847853116
131700,9923.183119729483,25.302836936481672,20.569467646519243
131760,9902.173455971217,25.30506347236207,20.572469375578006
131820,9910.393792489287,25.30706334398408,20.575481852244607
131880,9923.612574,25.30908349177545,20.578488893734267
131940,9932.043144436786,25.311409907066583,20.58148451698966
132000,9914.557966621245,25.314277805852893,20.584513266871685
132060,9911.545686085778,25.317240372409504,20.587547249528253
132120,9921.173957842244,25.31976272141932,20.590544003195994
132180,9929.102393,25.32130996756525,20.59346106611155
132240,9915.503525227925,25.321345976835566,20.596260491350417
132300,9915.227969345728,25.31980805559304,20.598956667815973
132360,9919.610451299948,25.31743713099842,20.601581580939673
132420,9899.840839,25.31503933532792,20.604164730742152
132480,9876.394592,25.313420800857774,20.60673562
132540,9881.592847655513,25.313869117342623,20.609313149889065
132600,9892.366456677655,25.319388100733743,20.61185385348717
132660,9889.568976283645,25.328453956719226,20.614373028862715
132720,9923.208584631697,25.338766800341926,20.61689979118576
132780,9947.231941257694,25.348026746644745,20.61946325562637
132840,9939.094713627432,25.35456299947099,20.62209521769505
132900,9961.443431,25.360919361075698,20.624814878929797
132960,9957.272631655513,25.366991552765935,20.62757953451897
133020,9965.015582,25.371922005292483,20.630339230327337
133080,9962.676561926839,25.374853149406125,20.63304401221971
133140,9932.381905437189,25.37474288954522,20.63566381728268
133200,9924.991868619267,25.370450490361833,20.638282633015613
133260,9914.864491602824,25.363496990582032,20.640868883220193
133320,9863.022253006968,25.35577481287837,20.643364632978482
133380,9858.565204127106,25.349176379923424,20.645711947372575
133440,9854.045713914886,25.345103851641248,20.647867754542112
133500,9824.079010655292,25.341535196902363,20.649898047233016
133560,9837.419465,25.338280669366746,20.65182197748455
133620,9840.087447719614,25.335719110935845,20.653642154607784
133680,9828.191831317934,25.334229363511113,20.655361187913797
133740,9831.084544,25.33435976798198,20.656977315100143
133800,9824.216880135866,25.337122304539314,20.65847629241293
133860,9849.057498954624,25.34170207,20.659890126383342
133920,9855.733819918627,25.346992352537434,20.661258280569356
133980,9862.943667,25.351886434040654,20.662620218529007
134040,9841.485546,25.355489675070476,20.66400172704102
134100,9822.968551140124,25.358582979452347,20.665346904701146
134160,9846.804816594242,25.36147666572314,20.666673891501514
134220,9856.984080239985,25.364260793141018,20.66801852
134280,9866.051578,25.367025420964175,20.66941661791048
134340,9860.980224530116,25.36979711585211,20.670894506749747
134400,9870.637627901548,25.372296775839573,20.672417236153233
134460,9878.648867,25.374710913099722,20.673993993521183
134520,9900.543630628952,25.37731789616884,20.675645684408412
134580,9879.519036685333,25.38039609358324,20.67739321436975
134640,9883.773021032739,25.384373275062906,20.67925958
134700,9894.247653204444,25.390143071130733,20.68126629632412
134760,9909.578057214832,25.397083622042086,20.68340043261527
134820,9906.733005223321,25.404323419114593,20.68564450471645
134880,9913.253319282352,25.41099095366591,20.687981029347018
134940,9944.790254,25.416372710397397,20.690403078870947
135000,9975.670488716338,25.42106177143128,20.692962086337086
135060,9975.763860221517,25.425397297649493,20.69564457583744
135120,9955.958307,25.429562072484494,20.698422797801385
135180,9943.814755635492,25.433738879368757,20.701269002658304
135240,9929.495111653076,25.438039387143604,20.70416426
135300,9926.762139381515,25.44216772,20.70714661851625
135360,9935.262286666999,25.446241509111005,20.710213497832687
135420,9957.438414,25.450472643535896,20.71335147973927
135480,9949.898984575228,25.455073016635968,20.716547145399627
135540,9963.407800435865,25.460536003990956,20.719800997749722
135600,9964.210451166487,25.46826803560655,20.723177069236556
135660,9958.333777733265,25.476878795701758,20.726631510530996
135720,9972.358251500666,25.484512283392338,20.73009986940358
135780,9982.478811065017,25.489312497794042,20.733517693624893
135840,9991.452481946202,25.48975115177892,20.73683959759137
135900,9968.994892414254,25.487343904408323,20.740142283519333
135960,9959.313468330947,25.483632789795656,20.743412833231723
136020,9952.363583240249,25.479879614949365,20.74661475052614
136080,9921.063387987844,25.477346186877924,20.749711539200202
136140,9911.094829,25.47702239543308,20.752677413094407
136200,9908.089787302019,25.47776245226886,20.755558515974162
136260,9909.878045200554,25.479044932891767,20.758356203273387
136320,9901.652186469588,25.48063249933431,20.761059029382185
136380,9905.831012368137,25.482287813629018,20.763655548690654
136440,9921.579277695455,25.48380419524875,20.766131863490486
136500,9920.267100516961,25.4852879,20.76847840108414
136560,9918.830301950497,25.486894368856117,20.770730298709484
136620,9907.350516,25.488756524470233,20.772928374010537
136680,9904.643857328034,25.491007309329135,20.775113444631337
136740,9907.602598832791,25.494058391598966,20.777314892462908
136800,9922.715479328892,25.499422350162554,20.779487696720064
136860,9963.257488785566,25.506168445675296,20.781638638651227
136920,9946.626376505817,25.51293082885226,20.78378848545907
136980,9944.954324756069,25.518343650408546,20.78595800434629
137040,9940.189488728503,25.521329222178554,20.788160534709245
137100,9953.465221679247,25.523146570961927,20.79036568
137160,9964.906106140521,25.524514776560103,20.79258428859214
137220,9961.195096,25.52586157426226,20.79483690866698
137280,9928.407116507573,25.527614699357606,20.79714408255627
137340,9943.963120481605,25.530506633922187,20.79953541797749
137400,9942.914873633756,25.536227424173248,20.80205929875902
137460,9963.614197928902,25.543387944432844,20.80465644641379
137520,9968.601503447075,25.550090804218723,20.807251182199977
137580,9967.646516076404,25.554438613048635,20.809767827375794
137640,9964.528770009663,25.554349455808786,20.812154557722433
137700,9943.747905,25.548406846289517,20.814509661676002
137760,9902.042005202906,25.539122127383518,20.81681493918266
137820,9897.59624,25.52947905630458,20.819022343208204
137880,9863.815608248333,25.522461390266507,20.821083826718418
137940,9850.265715148207,25.52023823,20.822954789422656
138000,9858.230519317245,25.51913230907654,20.824650397626986
138060,9840.999353,25.518251860700417,20.826232080395265
138120,9835.844096021563,25.517629227671158,20.827761989145113
138180,9840.849475174373,25.51729675755691,20.82930227529417
138240,9866.287863948783,25.518276023658196,20.830893273572148
138300,9873.504297328798,25.526194174464802,20.832445476578318
138360,9894.962750235762,25.539164195730468,20.833988253530283
138420,9950.257745066174,25.553847201848104,20.835579255564877
138480,9957.830514259162,25.566904307210667,20.83727613381892
138540,9941.978728069833,25.575635559261773,20.839127749371762
138600,9909.146830566255,25.582463644300724,20.84111318525944
138660,9920.609877782661,25.588517091078405,20.84323048229528
138720,9927.733816015865,25.59427070053673,20.84548676694007
138780,9955.317134821218,25.60019927361764,20.84788916565463
138840,9998.131504,25.60696879,20.850464907933983
138900,10002.295058662627,25.61557932,20.853323566618183
138960,10009.24602202794,25.62465735817398,20.856403368461443
139020,10014.214414957636,25.63247530746733,20.85961154755545
139080,10027.854886380374,25.637305558759575,20.86285533799189
139140,10004.323953408659,25.637772844221768,20.866073672773087
139200,9970.628616906117,25.635591570212366,20.869397019544923
139260,9953.676241978237,25.63220126107267,20.872787891845597
139320,9964.816725087454,25.62871595842261,20.876168091156682
139380,9953.841010691633,25.626249703882127,20.879459418959783
139440,9955.096598478785,25.62560589795844,20.88260476468213
139500,9978.176593551108,25.625364278974256,20.885688936642516
139560,9956.778001156525,25.62517604741393,20.88870903557145
139620,9933.045382855327,25.62504553040569,20.891636995410146
139680,9928.788323416335,25.624977055077764,20.894444750099847
139740,9950.605968986889,25.625170380076856,20.897105260892296
139800,9941.645826,25.62681168602033,20.899622454643325
139860,9936.356903973012,25.629729490462474,20.902035840163858
139920,9935.640596655849,25.633475600670675,20.90438688067435
139980,9938.318101109971,25.637601823912316,20.906717039395286
140040,9944.358065576374,25.642085386048358,20.909056331664356
140100,9974.849440363143,25.648954362235195,20.911359972904368
140160,9973.200177,25.657121689365418,20.91363450805231
140220,9995.670488820644,25.664885208258045,20.91590044074216
140280,9991.262449415928,25.670542759732108,20.91817827460793
140340,9980.004566518874,25.672852555803143,20.92048302
140400,10005.861742082761,25.67399705594531,20.922793186434347
140460,10002.65407,25.674784188185765,20.925110948851042
140520,9995.009460700285,25.675515573415204,20.927445097794863
140580,9962.138449196906,25.67649283252435,20.929804425325486
140640,9968.275370303481,25.678066853717702,20.93219730313909
140700,9946.772415,25.680631107487386,20.93462389555934
140760,9936.682840720443,25.68389530833665,20.93707720313977
140820,9940.742423369773,25.687472161939887,20.93955001691288
140880,9969.293556118571,25.69097437397149,20.942035127911197
140940,9977.601804312606,25.69420703985786,20.944531467905286
141000,9950.996727,25.697993333942353,20.94706646851527
141060,9973.751961595503,25.70189779535196,20.949620767466158
141120,9958.126143640113,25.70521877593997,20.952165977940194
141180,9969.952399199152,25.70725462755967,20.95467371
141240,9982.706891695088,25.707527299796762,20.957119114689394
141300,9942.919053976075,25.707188223899042,20.95951334096294
141360,9937.362549617032,25.706665490118468,20.961873206936133
141420,9955.402256,25.706136831890046,20.96421293913641
141480,9945.780673277528,25.70577998264882,20.966546764091238
141540,9953.028676196913,25.706122675305085,20.968878963394275
141600,9959.487606188777,25.709324292721377,20.971165814814913
141660,9957.763088740736,25.714889173501593,20.973436316258177
141720,9991.712275395246,25.72180825096105,20.975733836488253
141780,9994.513761375994,25.729072458415096,20.97810174426935
141840,9979.63302,25.73623392567157,20.980577856613646
141900,10020.066679090229,25.745783406628394,20.983147449018205
141960,10025.33744,25.756488730301164,20.98579373546477
142020,10009.313040619118,25.766337152625876,20.988504548368653
142080,10025.09320791337,25.773315929538533,20.99126772
142140,10068.858233722645,25.776005495582822,20.99407828456377
142200,10066.985381912576,25.77730756571247,20.99696889719132
142260,10055.75262089119,25.778202357987958,20.999924296245485
142320,10048.010270874052,25.779005719020862,21.002919192007376
142380,10019.73616279744,25.780033495422774,21.00592829475811
142440,10014.33148,25.78161352508827,21.008936019870426
142500,10007.584964454536,25.78392733489073,21.01198280506306
142560,10015.457708363627,25.78673041606097,21.015053326954675
142620,10003.759701429053,25.789733931246793,21.018119451272984
142680,10013.421169147758,25.792649043096066,21.021153043745716
142740,10026.94474721872,25.795227341201393,21.024132795255703
142800,10030.146183715773,25.797599429875273,21.027085206124276
142860,10011.021371825125,25.799904986351727,21.030011500357027
142920,10007.241182384545,25.80224958328029,21.03290500489156
142980,10010.998329405304,25.804738793310545,21.035759046665497
143040,10017.896607552797,25.807603896576243,21.038571766614076
143100,10021.798030674607,25.811467293123503,21.04136497695821
143160,10008.641406361867,25.81567481178651,21.044126008266463
143220,10015.358221390461,25.819362110909676,21.046835292100685
143280,10022.227448086656,25.821664848837443,21.049473260022744
143340,10013.253401255968,25.821982326844786,21.052028717830428
143400,10004.311843186055,25.82161509182574,21.054538859626756
143460,9965.628526453536,25.82097755022532,21.056992844920252
143520,9974.251246295511,25.820186260468116,21.059368785465853
143580,9984.320145585276,25.81935778097873,21.061644793018505
143640,9980.668811879626,25.818536770738337,21.063801230327233
143700,10008.294679476208,25.817402983779356,21.06584833217363
143760,9995.376549,25.816132346694516,21.06781136779629
143820,9991.154498,25.815002323679117,21.069714866915273
143880,9959.326063184522,25.814290378928483,21.071583359250685
143940,9968.109326890359,25.814574678295212,21.073430760710295
144000,9973.300527884068,25.817682028204473,21.075213179276222
144060,9985.427247,25.822904317719573,21.07695343840946
144120,9994.731028,25.829072087841404,21.078688829507513
144180,9994.491587,25.835015879570875,21.080456643967928
144240,9998.008305644897,25.83996528648108,21.08228769963876
144300,10034.130850286148,25.84555186335988,21.084159904218556
144360,10024.23369634176,25.851277509506726,21.08606260639729
144420,10025.230964209453,25.85613038501051,21.08799164495193
144480,10027.857347224275,25.85909864996012,21.089942858659505
144540,9968.392894860122,25.859545248567578,21.091918261475648
144600,9995.511078235084,25.859408097622712,21.093946328436115
144660,10017.214699963506,25.859153708914103,21.09600483508093
144720,10003.489828950906,25.858808291483218,21.09806219106716
144780,9983.418473,25.858398054371534,21.10008680605192
144840,9991.375928820231,25.857847259021185,21.10205122280036
144900,9975.319721,25.856631672689513,21.10396871375835
144960,9975.382530804016,25.85504478334697,21.10585676078265
145020,9944.340963,25.853533163346846,21.107729620889184
145080,9949.140684737846,25.852543385042512,21.109601551093903
145140,9962.784460791516,25.852924023427974,21.111481597485593
145200,9977.278334981644,25.857086372647657,21.11334826245208
145260,9962.449028100235,25.863876258905364,21.11520921953023
145320,9963.239977549743,25.87150864910252,21.11707895944534
145380,10001.823720223632,25.878198510140553,21.118971972922747
145440,9998.661177482241,25.882520949637374,21.12089873488722
145500,9988.724092,25.885873979852107,21.122843703177082
145560,9996.693092748737,25.88881923807786,21.12480970929572
145620,10022.849403166856,25.89154135015701,21.12680451066532
145680,10014.650178594818,25.89422494193194,21.12883586470808
145740,9996.522112,25.89711924017394,21.130916432600205
145800,10005.504196215188,25.900567901747486,21.133071665900072
145860,10023.400504826817,25.904081972609333,21.13527313
145920,10042.500632811196,25.90705040097952,21.137483866919197
145980,10027.692156886538,25.90886213507813,21.13966691654389
146040,10000.301444631381,25.908899618151853,21.141791312739958
146100,10009.176005386256,25.907069969618966,21.143877758044162
146160,9992.972636365883,25.90424930586442,21.145940821740062
146220,9997.508267524256,25.901396673876906,21.147989420968237
146280,9968.557232154908,25.899471120645146,21.150032472869263
146340,9974.029539062803,25.899594975572995,21.15207304518728
146400,9988.635849873575,25.903053444216948,21.15408554438606
146460,10000.085957251616,25.90890165774667,21.156086442692917
146520,10030.771634017041,25.915876115270983,21.158100608574163
146580,10017.16603740696,25.922713315898765,21.160152910496105
146640,10014.76954738276,25.928620971063527,21.16226793989057
146700,10018.080672718845,25.93554911430299,21.16445033667041
146760,10050.229855370999,25.942777295484184,21.166675922172207
146820,10051.422414246344,25.94896599985875,21.168918456666454
146880,10045.424637156832,25.95277571267834,21.17115170042363
146940,10033.231431176342,25.953077358073298,21.17335691440296
147000,10025.857550724017,25.95087318480754,21.17556387176612
147060,10016.504957574043,25.94747513784514,21.17776789097964
147120,10002.318630904132,25.944038578827993,21.179955079017322
147180,9989.855684305894,25.941718869398045,21.182111542852944
147240,9976.155956,25.941453293346758,21.184221866902742
147300,9974.133291,25.942412296992558,21.18627642993141
147360,9965.601426715188,25.94417755253954,21.188298523468735
147420,9959.632234571234,25.946551426580353,21.190315377212848
147480,9977.399796383212,25.949336285707687,21.19235422
147540,10013.55278459336,25.95293469531672,21.19443876523739
147600,10009.954250773604,25.96040099087651,21.19655837156691
147660,10021.989355234567,25.969994107012102,21.198699359330657
147720,10021.859386334294,25.97907321989502,21.20085084
147780,10050.48980333263,25.984997505696853,21.203001912475536
147840,10021.75118783091,25.98590652638302,21.205150675657183
147900,10014.031386234648,25.985502183340937,21.207337048531656
147960,10034.764150547968,25.98475507798161,21.209532763603406
148020,10035.952089160506,25.98374553,21.211696374379294
148080,10015.183296170644,25.982553878706675,21.21378643436621
148140,9991.474878071005,25.980984973402407,21.215769873597235
148200,9963.821923657872,25.977629532946352,21.217679756026435
148260,9975.878289270044,25.973283882428046,21.219530480873004
148320,9992.029411102758,25.96915767051908,21.22132774135887
148380,9965.218844784533,25.96646054589112,21.223077230705993
148440,9953.050852,25.966340676717664,21.224776199668575
148500,9960.739141090742,25.968871445272047,21.226387604389988
148560,9978.436845,25.973286594951247,21.227946833884214
148620,10000.927353122037,25.97880583220956,21.229502330696448
148680,9990.737434664015,25.98464886350132,21.231102537371896
148740,10021.743357402356,25.990337529345485,21.232782132521862
148800,10043.80533158006,25.997195048511863,21.234487729624057
148860,10028.376991200541,26.004903691320443,21.236230751183363
148920,10060.709449358377,26.012754485146733,21.238039649397113
148980,10052.31401661539,26.02003845736628,21.239942876462674
149040,10043.739575816482,26.026135917802378,21.241965900830337
149100,10046.296805446118,26.031349805131978,21.24410682046375
149160,10059.392781871207,26.036144902257163,21.246364062937005
149220,10066.491701114051,26.04092198874493,21.248738652684025
149280,10071.06546611472,26.046081844162295,21.25123161413878
149340,10063.713548690497,26.052074478229976,21.25385408684354
149400,10059.91822098624,26.059244861709132,21.256662001577375
149460,10068.656083239424,26.06701016625108,21.259630640159486
149520,10087.43250892116,26.07467111192959,21.262720134217005
149580,10119.348188144531,26.081528418818483,21.265890615377106
149640,10099.118997371104,26.087017726059536,21.26911852
149700,10098.348027456623,26.091694189322638,21.272475327652497
149760,10080.66116421872,26.095902328739758,21.275940254811626
149820,10112.807553086372,26.099853620190892,21.279471123425925
149880,10120.630408199078,26.10375953955609,21.28302575130815
149940,10118.569849411311,26.107791164092212,21.286575712509528
150000,10122.530876156161,26.111804349864453,21.290177122923893
150060,10118.26172570008,26.11575115385165,21.293815569059237
150120,10099.074759413177,26.119626114122017,21.29745915787334
150180,10109.441132070888,26.123423768743788,21.301075996324002
150240,10146.99984803774,26.12727017262757,21.304642974296222
150300,10131.316315046306,26.13178384,21.30819485313982
150360,10109.210971016153,26.13638567697796,21.311727816100596
150420,10115.37659165576,26.14028773079852,21.315227401207824
150480,10119.295613990738,26.14270204,21.318679146490805
150540,10147.280812751476,26.14314264446732,21.32207710601113
150600,10142.49845,26.14318796123986,21.325458960418654
150660,10099.848810014595,26.143213254460303,21.328804294487238
150720,10094.388857868738,26.143237596089833,21.33208072
150780,10095.448099170248,26.143280058089672,21.335255849466083
150840,10071.305782579613,26.14347725832255,21.33831008
150900,10067.58227603715,26.144498796411426,21.34129990932553
150960,10083.392407062287,26.146097728717184,21.34421207
151020,10072.695200101036,26.147852702884933,21.347016738458407
151080,10078.578307352549,26.149342366559804,21.349684068496096
151140,10085.958923007312,26.15025537806178,21.35219801027372
151200,10135.986636872743,26.151048773637044,21.354623760598823
151260,10120.460221676809,26.151768472969874,21.35695011077051
151320,10088.990057573606,26.152332812077496,21.35914787992352
151380,10069.422628993563,26.152660126977185,21.36118788719259
151440,10045.18475,26.152414749853552,21.36306089010407
151500,10005.82313167928,26.15001608653917,21.364865202353247
151560,10015.936498819974,26.145709639505096,21.366572090613477
151620,10039.041115654878,26.140105463942987,21.36812551
151680,10009.819463155036,26.13381361504454,21.369469398931294
151740,9981.917308406964,26.12672546464893,21.370591281827863
151800,9954.059635825895,26.11531575170063,21.371707381461267
151860,9910.255064002358,26.101401297926344,21.37274596357089
151920,9914.939042395901,26.087844385767994,21.37357478582704
151980,9878.133793789437,26.077507297667538,21.374061605900028
152040,9881.653947777497,26.072433733943463,21.37412046263478
152100,9871.152968240487,26.06885428682258,21.37399185
152160,9873.722215242227,26.065900130244067,21.373748615688022
152220,9887.716300278202,26.063639130615417,21.373410350765447
152280,9875.175759108046,26.062139154344152,21.372996650240506
152340,9862.432670526117,26.061404749625034,21.372448723862554
152400,9885.643842,26.061000317420454,21.37131385601168
152460,9887.078159302808,26.06073036847784,21.369686703205403
152520,9875.060603,26.060473124310978,21.36777313
152580,9853.089967,26.060106806433673,21.365779009448584
152640,9857.789439901471,26.059467991441917,21.363837801737294
152700,9859.907121199798,26.058261287328115,21.361641974818284
152760,9864.283055649428,26.05661023869386,21.35926174020562
152820,9877.130600837465,26.054707699406926,21.356859827836526
152880,9867.954903279102,26.05274652,21.354598967648244
152940,9858.018026362399,26.050784732158984,21.352573229354057
153000,9840.402330080567,26.04822312261831,21.350487402490973
153060,9806.838514379786,26.04543782540885,21.34845246415859
153120,9814.108234689644,26.042998963943976,21.346670957560086
153180,9847.360986855245,26.04147666163705,21.345345425898625
153240,9870.338915230801,26.04161077751138,21.34459640736102
153300,9915.598478731601,26.044524124056522,21.344002843906967
153360,9913.553382670025,26.049375310163704,21.343501791383726
153420,9941.675737378406,26.05501996973066,21.34312953224005
153480,9927.889538081741,26.060313736655143,21.342922348924695
153540,9914.204076676348,26.064461926969194,21.342975382259922
153600,9910.150196217197,26.06887802453911,21.343632647744034
153660,9917.058118,26.073280632101365,21.34474939087763
153720,9924.865751208332,26.07695184199591,21.346091145425195
153780,9937.349295925696,26.079173746562713,21.347423445151204
153840,9914.691061,26.079151713476595,21.348571143939456
153900,9918.120284967115,26.076301491643424,21.349764506786613
153960,9918.201262033563,26.071562143399866,21.350997343808146
154020,9901.333536559521,26.066060392062305,21.35219349045243
154080,9870.351908731263,26.06092296094716,21.35327678216785
154140,9886.099467295091,26.05705668484417,21.354203963227693
154200,9877.185474626782,26.053652450858916,21.355122647662974
154260,9846.877362,26.050424420301876,21.35599286905904
154320,9838.665607,26.047317950316977,21.356731340388144
154380,9844.885284943588,26.0442784,21.357254774622568
154440,9817.679133016638,26.04115465201999,21.357516223199447
154500,9775.052119433414,26.037480085468623,21.357708896755227
154560,9803.101897,26.03374225478489,21.35786758919933
154620,9815.459378053234,26.030587970264452,21.35798314640504
154680,9808.062370345111,26.02866404220299,21.35804641424567
154740,9816.362326272198,26.028527642061356,21.35803878596935
154800,9816.87682,26.02980988353779,21.357913014099218
154860,9822.359867841711,26.03197981084482,21.357719118851563
154920,9846.300369,26.03457076058856,21.357523026075594
154980,9842.716690144087,26.037116069375166,21.357390661620542
155040,9829.535730978176,26.039200060664857,21.357369967020023
155100,9841.733542,26.040964870268883,21.35737941616586
155160,9856.281873816351,26.042696299673487,21.357398303892776
155220,9842.440277593758,26.04464769,21.357426272418703
155280,9853.457735194565,26.047072377488565,21.357462963961606
155340,9834.556792123756,26.05058088612503,21.35755340277019
155400,9830.861011488261,26.05714030162661,21.357971963313005
155460,9848.029498655816,26.065496901577436,21.358678229474677
155520,9872.601682411821,26.073832223407802,21.359567567182047
155580,9909.944549128937,26.080327804548048,21.360535342361963
155640,9923.199756216678,26.083683249994706,21.361522671682554
155700,9911.058578895567,26.086234097328823,21.36274368
155760,9910.265928626699,26.08840874974384,21.364164377332248
155820,9924.26013,26.090037094759072,21.365691582731817
155880,9922.357034609404,26.090949019893838,21.367232100131638
155940,9891.333299475898,26.090666019551584,21.36871408452158
156000,9905.228074483188,26.08754458,21.370218938864117
156060,9878.250370304657,26.082732427560728,21.371755160562312
156120,9869.131081,26.07786573971482,21.373307038020105
156180,9859.268593911049,26.074580679969753,21.374858859641474
156240,9871.007917143688,26.074625973715353,21.376400373305323
156300,9885.155658546144,26.079032505236892,21.377953948481725
156360,9879.543329746355,26.085918333249207,21.37951242117234
156420,9870.010592,26.093072100267648,21.381061567148247
156480,9908.072291,26.09828245,21.382587162180545
156540,9906.461221076719,26.09991382625999,21.38407760897606
156600,9919.966164254409,26.100559156087296,21.385542624373628
156660,9928.491529549576,26.101002089357948,21.386987023094743
156720,9889.724039424853,26.10138582907442,21.388412965512668
156780,9891.416921898997,26.10185358,21.38982261200069
156840,9873.332537428392,26.102512343892247,21.39121371
156900,9859.215402114143,26.10323535383932,21.392566168554687
156960,9863.976524019887,26.104062642565903,21.393898006818283
157020,9860.290828094614,26.105078739347405,21.39523407353855
157080,9886.107313194823,26.10636817345924,21.396599221178562
157140,9890.721958423952,26.10839032673314,21.39801455
157200,9901.700424423721,26.113159095910337,21.399468270809233
157260,9885.062395422086,26.11952500131545,21.400951423262214
157320,9890.124673070191,26.12576318140659,21.40245852105205
157380,9926.035208183761,26.130148774641906,21.403984073532087
157440,9923.125664475052,26.13143452267392,21.40552139671472
157500,9907.850374864342,26.13185692349652,21.407064037709304
157560,9926.612865942627,26.132112717808557,21.408624197415094
157620,9923.634787865456,26.132364308362227,21.41021659339973
157680,9909.052440794138,26.13277409790979,21.411855943230897
157740,9907.699581706467,26.13383196850504,21.413553045062557
157800,9932.097402479661,26.137517317939984,21.41529418596918
157860,9953.345526141278,26.14326377892124,21.417085046433186
157920,9945.013020192418,26.150019700971974,21.418936231192617
157980,9951.682413959374,26.156733433615358,21.42085834498553
158040,9956.735216960014,26.162779633280607,21.42286648159716
158100,9948.469406,26.169943653460134,21.424987407970686
158160,9925.618269602885,26.177478385391183,21.427198503412473
158220,9942.300651334812,26.18406735677481,21.429469338668348
158280,9982.409264288712,26.188394095312134,21.431769484484168
158340,9989.316201747743,26.18959250019267,21.43407530531681
158400,9993.141143399127,26.189968969443544,21.436412977605183
158460,9977.221599410597,26.19019131823184,21.438787201166654
158520,9979.329887194019,26.19040859809899,21.44119510905778
158580,9961.987458320262,26.190769860586418,21.443633834335134
158640,9969.459040090072,26.19175453073879,21.44609731795504
158700,9993.174342708768,26.195404333989302,21.44857046116409
158760,10005.661885014428,26.20129152447103,21.451072059399493
158820,9992.217248,26.20850666800406,21.453626362928944
158880,10004.136406217864,26.216140330408496,21.456257622020136
158940,10006.79993789737,26.22371860060089,21.458988524663344
159000,9982.865033846327,26.233175328314744,21.461819526441143
159060,9982.210371715915,26.24376592948675,21.464738162809066
159120,10001.546351196472,26.25415686798628,21.46773228412278
159180,10063.473492316642,26.263014607682745,21.470789740737956
159240,10068.925444635923,26.269272684427843,21.473901528698175
159300,10070.487428578333,26.27407860476247,21.47708168
159360,10064.575883576306,26.278159426871568,21.48033425829834
159420,10068.456821938618,26.281978569185434,21.483659795868356
159480,10075.408856834327,26.28599945013439,21.487058841334832
159540,10043.888234949212,26.290694607134125,21.490541657596854
159600,10037.630594854338,26.296209624207837,21.494156080086423
159660,10045.704566502289,26.302008697667205,21.497863408163298
159720,10067.657262879236,26.307493792559388,21.501609663005688
159780,10090.969054305697,26.312066873931588,21.505340865791837
159840,10107.300937898422,26.315246922397545,21.50902054870682
159900,10123.897873272408,26.317572983499616,21.512719720450033
159960,10117.893354963388,26.319482788191493,21.51641937561152
160020,10093.940622461103,26.321305171259805,21.520078239533614
160080,10079.374614277789,26.32336896749121,21.523655037558676
160140,10071.743259209961,26.326090656585965,21.527121778745293
160200,10048.975769154233,26.329978771529046,21.530534060508334
160260,10050.612387667865,26.33435247697553,21.53388260556147
160320,10061.72957896858,26.338360517577485,21.53714151540202
160380,10083.576130346655,26.341151637987007,21.540284891527293
160440,10064.944252750323,26.342125505362908,21.54328837529209
160500,10066.019391657694,26.342516344595705,21.546157973321755
160560,10041.913583437803,26.342756494935628,21.548926431988487
160620,10030.211903075193,26.34299813008359,21.551627304892097
160680,10051.815719393417,26.34339342374053,21.554294145632415
160740,10034.839923610474,26.344559986045567,21.55694833551381
160800,10044.799098174375,26.34923429498971,21.55954031398665
160860,10054.103518493783,26.356537698468056,21.562089334166416
160920,10066.374961279938,26.36490207254421,21.564630627205354
160980,10087.009524778434,26.372759293281806,21.56719942425571
161040,10121.797228204881,26.378882233235384,21.569822795909634
161100,10110.19618,26.384559706460326,21.572470011893003
161160,10138.817839724583,26.390028617553273,21.575139508157513
161220,10135.63479417694,26.395148153026984,21.577839078617274
161280,10120.185919656822,26.399777499394244,21.58057651718641
161340,10127.02329065648,26.40392161124949,21.583365479887544
161400,10142.969915492627,26.408277550752626,21.586235759777185
161460,10136.128799898766,26.412457411540725,21.589154136530997
161520,10115.154679959272,26.41586112415196,21.592077311003614
161580,10115.918006667565,26.417888619124522,21.594961984049693
161640,10136.33713463428,26.418102672226453,21.597783445744763
161700,10093.020785425659,26.417322167456547,21.600620413424764
161760,10090.548740442417,26.41595412068755,21.603438372416072
161820,10078.638015420089,26.41423238614158,21.606177757094763
161880,10080.376649654174,26.412390818040777,21.608779001836915
161940,10063.856075271404,26.410482905246976,21.611199229199805
162000,10083.244342941009,26.407682315157142,21.61351098788848
162060,10076.410311997273,26.40446634484096,21.615722583255668
162120,10027.308535946016,26.40157170997189,21.61782281680616
162180,10037.114874858114,26.399735126223398,21.619800490044785
162240,10011.500627595336,26.39958970014836,21.62163527883035
162300,10020.724263249176,26.400819711117716,21.623289073784818
162360,10026.18687221211,26.403123534047936,21.62483401476391
162420,10050.79250353111,26.406289929982435,21.626358901490704
162480,10046.418153506245,26.410107659964652,21.62795253
162540,10082.529405218538,26.415331093626296,21.62968368154137
162600,10114.276690207887,26.42707543635144,21.63147941886183
162660,10154.728880679293,26.44289778592278,21.63333869
162720,10156.914776992442,26.458920208574227,21.635283433874054
162780,10170.33983,26.47126477053971,21.637335584369975
162840,10147.433717773893,26.47713062189482,21.639525691682717
162900,10157.107583700728,26.48134751273548,21.641906601193842
162960,10148.303910046776,26.484898404492792,21.64443623319796
163020,10139.645330183423,26.48753135402776,21.647057512690942
163080,10147.029896512542,26.48899441820138,21.649713364668685
163140,10143.821113281514,26.488980582458552,21.652368192106437
163200,10122.338183896056,26.487270786345714,21.65511184701601
163260,10123.607593439063,26.48463489216361,21.65791321118268
163320,10097.769891571867,26.481969123850227,21.660713009205644
163380,10103.346460480963,26.480169705343588,21.66345196568408
163440,10105.21202157344,26.479914860402697,21.66608432892221
163500,10074.205575820311,26.48026187691001,21.668662398946086
163560,10084.817410111726,26.480919841994012,21.67119389284491
163620,10091.537414525978,26.481837668130378,21.673671319029403
163680,10093.404380611553,26.48296426779482,21.676087185910266
163740,10103.490911358018,26.484557231477275,21.678433859937464
163800,10095.35841296866,26.488315265001123,21.680710750553505
163860,10089.991278647758,26.493598968859132,21.682931111129182
163920,10096.800477346147,26.499316429391463,21.685109422089628
163980,10121.039154267348,26.50437573293834,21.687260163860007
164040,10114.531582381673,26.507998750956727,21.68939768338393
164100,10101.894502846675,26.51148484851274,21.691524833980335
164160,10106.561079475756,26.514771586728777,21.693627467439345
164220,10110.349939350599,26.517417522042955,21.69569019381758
164280,10119.386686591146,26.51898121089342,21.697697623171642
164340,10120.547815271264,26.519016191642038,21.69964317
164400,10122.499044315819,26.51742483775178,21.701566520894104
164460,10132.446497670791,26.514764381238653,21.703449204935094
164520,10128.703905113318,26.511648635329223,21.70526052883265
164580,10101.215679226927,26.508691413250084,21.706969798238568
164640,10041.400725097292,26.506436651164247,21.70857205551574
164700,10032.588021476524,26.504681670991012,21.71018732864772
164760,10041.001674465566,26.503056501440046,21.711748703436484
164820,10064.673054267807,26.501238021604166,21.71315217492178
164880,10052.319542207328,26.498903110576233,21.714293738143393
164940,10041.261148620695,26.495158564688687,21.715118270962634
165000,10002.794527586866,26.486937083728684,21.71587008500089
165060,9977.529507944777,26.47629718823397,21.71654123198499
165120,9947.963727061438,26.466197579306396,21.717061519664032
165180,9945.017989319596,26.459596958047847,21.717360755787155
165240,9967.026111544821,26.458756756502655,21.717402831121408
165300,9962.246243309475,26.460459445788384,21.717378567438328
165360,9977.099129085685,26.463084383784494,21.717332982754048
165420,9995.068116190198,26.465739071738998,21.71727009668191
165480,9988.004006150557,26.467531010899922,21.717193928835286
165540,9996.96767,26.46775740462162,21.717088067974004
165600,9989.774716955737,26.467246440217025,21.71684383339361
165660,9979.235048244442,26.466458715826267,21.716512461785015
165720,9979.324475224972,26.46566206369401,21.71617555
165780,9970.896819351441,26.465124316064948,21.715914706527176
165840,9979.155676,26.465114042597104,21.715788973282496
165900,9995.419436504713,26.465749272518245,21.715697632710434
165960,9973.774794388664,26.466887295534093,21.715620461897196
166020,9969.572312213017,26.46836395891036,21.71556308818189
166080,9974.260035,26.47001510991277,21.715531138903664
166140,10024.096368575028,26.471900085479845,21.715555913501944
166200,10039.363011487756,26.475101542883333,21.715792348801042
166260,10050.647933279066,26.478976028514055,21.716207194618654
166320,10052.228441932188,26.4825498,21.716730066336066
166380,10020.168954579278,26.484849128986806,21.717290579334605
166440,10015.443924706102,26.484967305484687,21.71784111120227
166500,10006.339014840589,26.48309299379379,21.71848283854407
166560,9982.924604941338,26.480203475421174,21.71921499684588
166620,9972.810264462905,26.47728120844591,21.72000907655261
166680,9973.486257,26.475308650947106,21.72083656810918
166740,9977.571629544078,26.47507934474478,21.721690379317803
166800,9981.617116,26.475790578853942,21.722667719014353
166860,9984.348517216878,26.476887047512633,21.723710711207808
166920,9984.546290403938,26.477995943092264,21.72473065258601
166980,9989.690715364453,26.478744457964282,21.725638839836808
167040,9985.667740783589,26.478462133599763,21.726383100657713
167100,9965.175682241512,26.47533269932591,21.727126378024995
167160,9921.120517933507,26.47019848193579,21.72782875180006
167220,9912.969868432801,26.464370397731702,21.728402641083132
167280,9923.711521,26.459159363015978,21.728760464974474
167340,9914.242108561784,26.455520281529736,21.728853392278868
167400,9932.739364456802,26.452012063562524,21.728891572622597
167460,9897.808152048916,26.44867419194623,21.728921009090033
167520,9906.185990460866,26.44597101176436,21.72894122215696
167580,9905.416446213982,26.44436686810044,21.728951732299162
167640,9905.971479425081,26.44442754393736,21.728939715984183
167700,9925.488297,26.446799423414408,21.728838912518217
167760,9897.329855813074,26.45070936593983,21.72868350962107
167820,9905.452115731092,26.455183561394698,21.728526345451947
167880,9936.810861706741,26.45924819966013,21.728420258170065
167940,9948.839298404479,26.462083793104085,21.72841246186858
168000,9955.652986019777,26.464234655669017,21.72849311345126
168060,9942.499805224696,26.466142172671564,21.72864393289936
168120,9950.269049441687,26.468106563814693,21.72885081216702
168180,9964.358529337449,26.470428048801374,21.729099643208414
168240,9927.076839842206,26.473391185423733,21.72940547839356
168300,9940.169577950473,26.477069870501598,21.729941155424868
168360,9975.726555553327,26.48142872484821,21.730694500523196
168420,9984.073938516976,26.486437142041183,21.73161345362902
168480,9995.493481210484,26.492064515658186,21.73264595468283
168540,10007.395166989289,26.49863891475289,21.73378069199386
168600,10055.794214877118,26.507986787247592,21.73523304202064
168660,10070.673571212541,26.51892587,21.736970124020456
168720,10072.548291033994,26.529724788582556,21.73890414068092
168780,10083.007746077212,26.53865218130933,21.740947294689654
168840,10081.072857323836,26.54447014284261,21.743043298668407
168900,10084.436596940042,26.549372604113255,21.74533368
168960,10107.20357756917,26.553684849828066,21.747805338716688
169020,10108.097627794645,26.557157916124652,21.750405658823478
169080,10092.678750829798,26.55954283914066,21.753082043479395
169140,10068.435204513778,26.56070056575488,21.75580385242228
169200,10058.488933686567,26.561305550852857,21.75866685424888
169260,10078.622814955696,26.56169744447303,21.761640036782087
169320,10078.331170942636,26.56209448879456,21.764663350525808
169380,10061.53359,26.562714925996648,21.76767674598399
169440,10079.894895125011,26.564121482938145,21.77063037
169500,10061.442527773883,26.56842629753153,21.773559572290704
169560,10078.390235246707,26.575034626786714,21.776484779202224
169620,10090.55180944284,26.58283894,21.779416441037462
169680,10105.151357949957,26.590731694226974,21.78236500832155
169740,10109.85173099346,26.597874222986864,21.785334902531837
169800,10118.667610595632,26.605309791395786,21.78830008
169860,10107.24553530147,26.613083695840924,21.791276320388835
169920,10112.996481464379,26.620929967519135,21.79428793945742
169980,10147.09578127792,26.628582637627318,21.79735925016046
170040,10148.786080662849,26.63598513849853,21.800514324256998
170100,10152.31866932677,26.644069471414625,21.803758425074435
170160,10164.663018226585,26.65219965,21.80706935350552
170220,10169.372543310112,26.659434149894544,21.81042293
170280,10184.924524559721,26.66483145937056,21.813794964310844
170340,10177.646271979595,26.667782533973675,21.817174114431563
170400,10179.561888693206,26.66996555559745,21.820615785584092
170460,10168.262588014437,26.671758265658454,21.82408953561243
170520,10178.548129220793,26.67314819542351,21.827547016294883
170580,10164.74552,26.67412287615948,21.830939879409776
170640,10164.605483283254,26.67468804231118,21.83422778327096
170700,10136.643251138832,26.675004633554142,21.837439360982238
170760,10134.129386230628,26.675212065512934,21.840594953110504
170820,10138.013738619993,26.675432353786192,21.843707340686223
170880,10138.532512254556,26.675787513972598,21.846789304739893
170940,10130.269844059832,26.677095072364747,21.849849167912474
171000,10144.358395862382,26.683326527291054,21.852869034604563
171060,10181.171594138857,26.69303085,21.855855825901397
171120,10225.819911932198,26.703725086325107,21.858822284262263
171180,10214.068338078767,26.712926295197313,21.861781152146477
171240,10190.768425301614,26.71880690536756,21.86474789335124
171300,10208.109596091304,26.724073116478102,21.86773799366649
171360,10205.831623843065,26.728909406446874,21.87072530980071
171420,10206.484897534907,26.732734397026814,21.873678031954793
171480,10196.51492946926,26.73496670997089,21.876564350329616
171540,10200.777176034124,26.734995180572813,21.879364288973335
171600,10197.577678697548,26.732677547922343,21.882128278720387
171660,10178.08094290431,26.72910458716185,21.88484223199065
171720,10163.186242139993,26.72549113194618,21.887476717510115
171780,10140.972926758339,26.723052015930225,21.8900023
171840,10144.57511313354,26.722667955172632,21.89239216020423
171900,10155.77682180294,26.722817294879185,21.894656842089507
171960,10138.511678180994,26.723113158563734,21.896829049432164
172020,10128.653464846651,26.723547074496352,21.898941009135065
172080,10127.641300944328,26.724110570947175,21.90102495
172140,10147.140918317282,26.72559123400581,21.903106360803548
172200,10183.24950223176,26.732301885009885,21.905160904863333
172260,10167.52653827432,26.742208563885367,21.907184735051967
172320,10188.700645308078,26.752085014765964,21.90918144194431
172380,10188.296942455969,26.758704981785385,21.911154616115223
172440,10193.501886540616,26.75969864981854,21.913108472014713
172500,10178.143944778627,26.759002330968993,21.915047022006757
172560,10156.880710197389,26.757889059518543,21.916964391643564
172620,10156.996540995677,26.756681498305575,21.918853380024096
172680,10144.764221668118,26.755702310168484,21.920706786247365
172740,10141.862593407166,26.755191098522445,21.92251736314778
172800,10147.191868547767,26.75479476509072,21.924284104539222
172860,10131.769031652871,26.754449786143507,21.926017054035214
172920,10130.636981319547,26.754187303471177,21.92772717688662
172980,10132.95992661244,26.75403845886412,21.929425438344342
173040,10120.19897491329,26.754309041787355,21.931116205385173
173100,10118.634418790773,26.75662841125641,21.93277088761774
173160,10142.42279457744,26.76061407219447,21.93440731
173220,10146.333177497898,26.76548636819058,21.936052675855223
173280,10157.541349834912,26.770465642833837,21.93773420342746
173340,10140.99299,26.775159502612688,21.93948513707856
173400,10147.91940290636,26.78124075,21.941340322195803
173460,10188.566925971214,26.78787503234468,21.94324483674737
173520,10210.294730761225,26.79369427,21.945131395027897
173580,10198.711810311777,26.797330385594055,21.94693271133202
173640,10176.178733870673,26.797175230296595,21.94861446493747
173700,10140.737285786678,26.791499030225356,21.950320879843254
173760,10119.67556297003,26.782046385652006,21.95198731689179
173820,10099.357516130258,26.771045992600083,21.95350406956005
173880,10076.182357505426,26.76072654709316,21.95476143132505
173940,10061.151657721573,26.752635075306866,21.95570147810087
174000,10039.641674672761,26.744015945567682,21.956578376426958
174060,10039.372378766773,26.735420741878656,21.957370610612337
174120,10038.708519237342,26.728252237685858,21.95799005379843
174180,10010.665825538712,26.723913206435387,21.958348579126653
174240,10030.190780845398,26.723400919353754,21.958398924983257
174300,10035.579820865822,26.724671087425005,21.95836825849765
174360,10036.474710516843,26.726847994138826,21.95831280749377
174420,10025.323623571621,26.729498523792152,21.95823995
174480,10036.577798397188,26.732189560681956,21.958157074210703
174540,10035.068316971667,26.734692189801283,21.958058492415596
174600,10062.887726395456,26.737881644632704,21.95787970906011
174660,10076.305960899002,26.741336309315855,21.957658730618636
174720,10056.392194039785,26.744355155849615,21.95745299549315
174780,10057.771127804204,26.746237156232894,21.95731994208566
174840,10051.239151408088,26.74645176459193,21.957304075940097
174900,10032.810731866648,26.74576706089658,21.957345509877364
174960,10010.41438592327,26.744492783663947,21.95740938619184
175020,10010.914745340044,26.74275522182849,21.957473986453962
175080,10034.25032275219,26.740680664324657,21.95751759223419
175140,10028.323945837617,26.73784539626025,21.957522681599478
175200,10007.259075001499,26.731409291404592,21.95750711040926
175260,9994.628344856865,26.722949100602158,21.95748310520222
175320,9986.192399404343,26.714867882806278,21.957458827930104
175380,9972.646216027959,26.70956869697032,21.957442440544714
175440,9980.065220291834,26.709037231771283,21.95744116341115
175500,9990.659977162162,26.711578521278344,21.95745330646788
175560,10000.264296325438,26.715788884833145,21.957476831183953
175620,10023.753561552727,26.720647459190147,21.95751048241581
175680,10028.949430207518,26.725133381103852,21.95755300501991
175740,10019.316967422501,26.728523060750994,21.957628455136664
175800,10026.669838827425,26.732015380502435,21.95787403165231
175860,10038.988002445038,26.735443349667523,21.958226880911653
175920,10047.107741736123,26.738274873303332,21.958586378797875
175980,10042.16214424129,26.739977856466975,21.958851901194176
176040,10038.479979064607,26.739216647986897,21.95895068866931
176100,10015.99063018082,26.73142763,21.959009013709945
176160,10003.189277622563,26.719001365337046,21.95905632244355
176220,9993.223517972086,26.705575629786907,21.959090328231124
176280,9940.514953491513,26.69478821,21.959108744433667
176340,9919.965237026923,26.68933829578122,21.95908082632176
176400,9896.278968,26.685213746900732,21.958836553503833
176460,9848.680813,26.68165193425483,21.958410834974583
176520,9876.405379657042,26.678958154379877,21.957879450400583
176580,9917.366937,26.677437703812256,21.95731817944845
176640,9920.492466781207,26.67735995847468,21.956777055187302
176700,9930.730606689533,26.678472016824475,21.956144943619787
176760,9901.561359389112,26.68020551949967,21.955437850744143
176820,9914.994749398466,26.681997879762182,21.954704109593795
176880,9939.565726887762,26.683286510873977,21.953992053202203
176940,9921.182220414272,26.683663821006302,21.953338108338663
177000,9926.403738003686,26.683833430620073,21.952696055913677
177060,9929.965651527546,26.683967189600615,21.95206502355739
177120,9927.107477546997,26.684060981112914,21.951458015071523
177180,9936.731094,26.684110688321997,21.950888034257833
177240,9935.944505013345,26.683879638727255,21.950365444938118
177300,9923.666396380866,26.682032541238122,21.949878436482052
177360,9920.190840394129,26.67897425104836,21.949418874520752
177420,9917.026928544989,26.675448839173434,21.948981192447462
177480,9914.111533898807,26.672200376628837,21.94855982365544
177540,9913.904255589146,26.66976092224518,21.948150191281208
177600,9944.027717661605,26.66727783349352,21.94775508500207
177660,9940.714090192194,26.664850033302564,21.947374347397044
177720,9922.827090531324,26.662835032666695,21.94700673318192
177780,9906.552456776177,26.661590342580322,21.94665099707252
177840,9899.985105508737,26.66132891753428,21.946305485475555
177900,9919.686798,26.661278932960734,21.945967594466715
177960,9942.695477554003,26.661250018813877,21.945639396887653
178020,9952.802061414845,26.661222743680018,21.945323690554567
178080,9919.265625,26.661177676145503,21.945023273283685
178140,9903.957658389145,26.66107415265065,21.944740492658187
178200,9897.473145501197,26.660769458831954,21.944473077743243
178260,9881.474126,26.660276858129432,21.94421799797759
178320,9868.247269731148,26.65964035300101,21.943972550065965
178380,9895.768306338208,26.65890394590464,21.94373403071314
178440,9887.976282146874,26.658030782036253,21.943500497056128
178500,9898.704421866978,26.656600326462232,21.943274723756197
178560,9873.295755,26.654794256129886,21.94305565979717
178620,9870.257844175207,26.65291196491667,21.94284129374456
178680,9884.214822499018,26.65125284670006,21.942629614163888
178740,9881.278826165193,26.650081734865825,21.94242200607452
178800,9865.173288739728,26.649279356922996,21.942233961748645
178860,9840.226711023348,26.648619111921874,21.942052347520537
178920,9849.981736170324,26.647895608591615,21.941858819248502
178980,9870.970909583039,26.646903455661395,21.94163503279088
179040,9889.054181328203,26.645117960466123,21.94136090238075
179100,9863.970346396349,26.640740743611907,21.941017585549922
179160,9841.834678204126,26.634751615517313,21.940614965467557
179220,9832.91191,26.628627171965462,21.94016671806739
179280,9833.115088477714,26.623844008739493,21.939686519283192
179340,9811.599981,26.621516079840198,21.939180257573252
179400,9788.755171619923,26.62004464536015,21.938610108456103
179460,9770.441568,26.61888825528421,21.93798504554145
179520,9786.359072457291,26.617902254886648,21.937324486013296
179580,9816.546673,26.616941989441774,21.936647847055667
179640,9847.961183613485,26.61590793102117,21.935968421379545
179700,9866.001898648012,26.614980018417185,21.935260780750745
179760,9858.621554466898,26.61411035191963,21.93452910519339
179820,9841.884993286363,26.613193972568645,21.93378521383938
179880,9826.465002668136,26.612125921404377,21.933040925820595
179940,9831.413561,26.61080136475429,21.93230694885721
180000,9832.854801,26.60916392987385,21.931580526372052
180060,9843.870615127104,26.607235626744032,21.930853607578932
180120,9831.882942944838,26.60504461,21.93011868
180180,9818.517679050014,26.602619043832547,21.92936822
180240,9797.700731964087,26.599770126410373,21.928593436336758
180300,9766.656157774058,26.595437836469017,21.92778639153913
180360,9744.077363755063,26.59044017940588,21.926960148384747
180420,9763.451827663972,26.585931936420526,21.92613055
180480,9781.701634028059,26.583067888712556,21.92531343970647
180540,9760.788111913831,26.58268046103238,21.92451836744867
180600,9740.418180321489,26.58320358700791,21.92371892568255
180660,9765.507092534122,26.584032336268383,21.922925475418626
180720,9793.900138090707,26.584916193997028,21.922156733436175
180780,9799.452392123267,26.58560464537712,21.921431416514505
180840,9802.587110467786,26.58591263995098,21.92076305615447
180900,9791.5895,26.586125205978398,21.920128908793746
180960,9777.531677,26.586304000195717,21.919525512310695
181020,9780.478955098348,26.586436455347254,21.91895541
181080,9795.523700447371,26.586510004177356,21.91842114704278
181140,9807.121666295847,26.586371263967767,21.917926585945466
181200,9812.357127143316,26.585182149089615,21.91747623811352
181260,9822.638523240175,26.58312598418565,21.91705547413167
181320,9780.686264387414,26.58058891823856,21.91664699983578
181380,9782.293379872615,26.577957100231085,21.91623352106174
181440,9776.948433831461,26.57539841226859,21.91579989
181500,9759.245485639489,26.571952283843174,21.915352549111116
181560,9745.604132474713,26.568130084002597,21.91490087265314
181620,9748.899690128526,26.56474868451348,21.91445261734376
181680,9757.387016709246,26.56262495714245,21.91401554055658
181740,9762.904194800201,26.562448049402697,21.91359722075405
181800,9787.528211,26.563639614796486,21.913198179140622
181860,9788.063239144736,26.565476582529378,21.91280998
181920,9772.786519565589,26.56733436969255,21.912423635632937
181980,9781.180969732937,26.56858839337722,21.91203014562142
182040,9784.655249877913,26.568451657014197,21.911614400345098
182100,9782.494714,26.565888225947763,21.91114566342648
182160,9791.517463066108,26.561936331927463,21.910660973918326
182220,9781.280764965668,26.557939648779616,21.91020804988947
182280,9753.378069496977,26.555241850330546,21.909834609408787
182340,9752.887087,26.55523192,21.909570284940312
182400,9779.642572547617,26.558525191016486,21.909329659486268
182460,9785.042753,26.563761375652735,21.90911357907982
182520,9814.105992664498,26.569383488143398,21.90894535
182580,9817.688405,26.573834544767355,21.908848297291087
182640,9784.775818,26.575900009528493,21.908845220310454
182700,9803.702240508374,26.57703302843682,21.908940297553194
182760,9845.611327618639,26.57786405644746,21.909114434157836
182820,9836.454634542242,26.57866287,21.909347107051463
182880,9807.964206802808,26.579699253165646,21.909617793161196
182940,9806.131007,26.581245250440443,21.909926256553767
183000,9810.815016,26.583456250715802,21.91038656328241
183060,9822.100250863914,26.586259543199702,21.910991570797265
183120,9841.417009182696,26.589562257521237,21.911706986271625
183180,9837.068751274388,26.593271523309518,21.91249851687881
183240,9834.751761031392,26.59739223123727,21.913353125637915
183300,9837.919981,26.602471568450884,21.914381386288596
183360,9824.580657109611,26.608458533101658,21.91557325722408
183420,9830.864032540858,26.615170164498643,21.916890759343485
183480,9874.061932797156,26.622423501950937,21.918295913545972
183540,9893.118494010952,26.630587224286014,21.919765781240567
183600,9904.335486,26.642294276513198,21.92137335
183660,9902.809225398261,26.655483574722986,21.92312028146329
183720,9922.028485145944,26.667244200860996,21.924989585033497
183780,9956.487473891208,26.674665236872865,21.926964271820093
183840,9981.930435634897,26.675292975155937,21.929044300564065
183900,9970.421161542494,26.671177923615573,21.931314746839323
183960,9964.135745034873,26.664833985684684,21.933742240689718
184020,9935.065925898323,26.65841815,21.93626935906129
184080,9879.112544775255,26.654087397969484,21.938838678900083
184140,9900.367689439416,26.65358538239385,21.941430703541933
184200,9896.609227632698,26.655157555326703,21.944212905821907
184260,9912.239157409038,26.65758128,21.947081892992106
184320,9928.340167587148,26.660032481764986,21.94987998276515
184380,9915.666099661135,26.661687063296533,21.952449492853713
184440,9912.736866788146,26.661902339960523,21.954673543429006
184500,9917.729307816095,26.66147715051216,21.95672678311718
184560,9916.089925907618,26.660821660430734,21.958642217184977
184620,9889.869753494859,26.66015874129662,21.960406395567748
184680,9863.937098284101,26.659711264690216,21.96200586820085
184740,9864.096721810414,26.659939022441122,21.96344584574122
184800,9868.864211234286,26.662191178035016,21.964825312652575
184860,9888.211641920738,26.665663196588916,21.966112930653203
184920,9879.734572234072,26.66917456556087,21.967250885062587
184980,9880.162233801293,26.67154477240896,21.96818136120023
185040,9880.536882166693,26.671147889379842,21.968864658745847
185100,9861.496313996788,26.665268210448758,21.969402376937886
185160,9838.365046,26.656203848112952,21.969852908780418
185220,9830.506267699568,26.647036754054408,21.97025559
185280,9803.811386,26.640848879955122,21.970649770406418
185340,9793.571353845897,26.640398250850335,21.971059909731288
185400,9806.609591,26.644839291579295,21.971424829225388
185460,9839.29346,26.652314708156254,21.97176907192871
185520,9848.879595,26.66116554010648,21.972136831699512
185580,9866.618338350867,26.66973282695528,21.972572302396085
185640,9913.388195777157,26.676697757400312,21.97312234427744
185700,9937.905913,26.683312278422772,21.97382754492572
185760,9966.143955917136,26.689880233333092,21.974677273543264
185820,9970.123491961613,26.69633676109305,21.97565451492345
185880,9946.612649540368,26.70261700066446,21.97674225385966
185940,9916.888809,26.70861753424415,21.97794504786714
186000,9927.589099592624,26.714148482359516,21.97938499592775
186060,9937.379008993114,26.71946702655708,21.981048673185644
186120,9958.320712688315,26.724899241487115,21.982893254590902
186180,9968.865521,26.730771201799918,21.984875915093607
186240,9969.123757254765,26.737402404742483,21.98697796822143
186300,9985.291479823854,26.74486999827333,21.98932186858169
186360,10003.102144873948,26.752950256063862,21.991894367101345
186420,9982.554187443213,26.76140110842958,21.994650589626566
186480,10017.318757556699,26.76998048568601,21.99754566200356
186540,10030.507835370461,26.77850475431037,22.000554682420947
186600,10005.67883406144,26.787201860432944,22.003773075486357
186660,10004.916091176381,26.79608705071534,22.007189859596224
186720,10026.573086712298,26.80510825439266,22.010768355312372
186780,10071.700677593883,26.81421340070007,22.014471883196627
186840,10089.657088988239,26.82333024594863,22.01827968600461
186900,10101.271557659482,26.832354241671776,22.022265270264146
186960,10111.537861824572,26.841436170696394,22.026414560354937
187020,10123.35454,26.850764570784794,22.03069277427443
187080,10138.764478781892,26.860527979699334,22.035065130020094
187140,10132.680798755082,26.871035368498713,22.03950635046331
187200,10126.013895846241,26.88291590325428,22.04405675860861
187260,10154.525347972583,26.89548540589112,22.048719852459293
187320,10181.032166292063,26.90785113716263,22.053488002729328
187380,10200.771009926922,26.91912035782224,22.058353580132707
187440,10233.497525482251,26.928491153199182,22.06331408930598
187500,10236.593351718142,26.936283817988222,22.06839463128146
187560,10224.119242646637,26.943287589942248,22.073587431176694
187620,10192.15296929957,26.95025088154544,22.07887766761953
187680,10216.596970737346,26.957922105281995,22.084250519237838
187740,10234.487397271385,26.967027699360145,22.08969801527168
187800,10246.399643534041,26.977692666386886,22.095250935512976
187860,10271.143816797161,26.989381856293274,22.10089938
187920,10274.014951739362,27.001526369768534,22.106624312290467
187980,10290.848008815716,27.013557307501898,22.11240667870414
188040,10323.227057817303,27.025142988598553,22.11823667034669
188100,10303.829362594659,27.037279187310897,22.12415446090629
188160,10307.566664407628,27.049529329594517,22.130141683234825
188220,10340.200142675294,27.061138170965027,22.136167343931902
188280,10347.420670937225,27.071350466938085,22.14220044959713
188340,10355.777638206215,27.07954975390628,22.14822221701632
188400,10344.958880884325,27.086367667564296,22.154283562376943
188460,10325.442369199749,27.09237914600586,22.160363949294158
188520,10330.165428745806,27.098035040372487,22.166426620116603
188580,10343.162478764403,27.103786201805704,22.172434817192954
188640,10356.749004632518,27.110072330185844,22.17836595290523
188700,10329.000359812231,27.116935564171843,22.18427939286672
188760,10326.591594305473,27.123930006972557,22.190153348431945
188820,10335.134981454315,27.13058042335535,22.19594734704258
188880,10354.332768997792,27.13641157808763,22.20162091614033
188940,10366.866286366425,27.141176827670048,22.207153744855507
189000,10333.794504323158,27.14593267180152,22.21263468201481
189060,10323.209372886226,27.150395056728215,22.21802476767942
189120,10308.682614941783,27.15397601558747,22.223257473015963
189180,10333.634937822348,27.156087581516648,22.228266269191064
189240,10331.132757650246,27.156256737852832,22.23300457769937
189300,10304.477242810237,27.155051439524332,22.23756170572282
189360,10267.014506906331,27.15300459189236,22.24194667338115
189420,10283.117602169956,27.150547271487003,22.246144906246453
189480,10282.096560654658,27.148110554838368,22.250141829890833
189540,10266.57407375933,27.14595333288471,22.253941896098947
189600,10254.744268637134,27.143355822547697,22.257641337386904
189660,10242.894719967015,27.140612831505504,22.261197165035966
189720,10245.144260113808,27.138248473558974,22.264538888947044
189780,10236.999145149259,27.13678686,22.267596019021052
189840,10220.097056369697,27.136657371609193,22.270331908714596
189900,10199.018822902315,27.13740426711465,22.27291291992682
189960,10186.901575545418,27.138555712893886,22.27532363685221
190020,10215.98807999809,27.139720208681943,22.277504980844817
190080,10220.350645212295,27.140506254213896,22.279397873258713
190140,10192.359632444353,27.140334332507525,22.28097642443377
190200,10188.634879000085,27.137978488828892,22.28241601
190260,10181.369664704524,27.134020268165973,22.283717344250526
190320,10168.71660622241,27.129347434986272,22.284838629546027
190380,10149.29251298843,27.124847753757315,22.28573806
190440,10162.35266795781,27.121217058178704,22.28640612240125
190500,10162.454368505829,27.11773824083039,22.28701833820612
190560,10141.975532344084,27.114291505692037,22.28756217084445
190620,10136.208108103374,27.11097007462274,22.287982250285165
190680,10128.427923408204,27.107867169481644,22.288223206497218
190740,10119.191591981782,27.104971245339755,22.288254060864013
190800,10127.548333430552,27.10179632109545,22.288210940347078
190860,10107.359395856314,27.09867431352969,22.28813342094206
190920,10123.425113390753,27.096092666731113,22.28803236014601
190980,10104.545602235185,27.094538824788398,22.287918615455997
191040,10094.442752771733,27.094328560087067,22.287792109057303
191100,10090.976679844427,27.094559120082803,22.287598493703605
191160,10100.265674245016,27.09493703609373,22.28736092337415
191220,10120.110818489346,27.095365359143127,22.28711815767081
191280,10112.533752790165,27.09574714025431,22.286908956195493
191340,10093.804201842107,27.096011629180694,22.286760194777848
191400,10094.988425347607,27.096264966857095,22.286620693638074
191460,10080.82027159309,27.09650528701425,22.286491881506606
191520,10091.918482646719,27.096699533632783,22.286389623402755
191580,10098.794729569823,27.09681465069334,22.286329784345856
191640,10111.169509754664,27.09676771898342,22.28632656584535
191700,10105.760596007216,27.096285262501436,22.28637510363995
191760,10089.940588989568,27.095541487132884,22.286464410474938
191820,10116.272655824598,27.094789282122825,22.286584443624097
191880,10104.626143073929,27.094281536716334,22.286725160361264
191940,10091.963122712656,27.09434301920346,22.28689406867629
192000,10084.032677342058,27.095426661941737,22.287185282686274
192060,10090.295633028862,27.097097251533015,22.28756771167558
192120,10084.261264436163,27.09878677489374,22.287985153233382
192180,10102.996515204642,27.099927218940373,22.28838140494884
192240,10085.805817268869,27.099619440438822,22.288716429795993
192300,10081.13221084176,27.09586738533878,22.289055005280808
192360,10052.4589,27.089927217731486,22.289388086211737
192420,10003.644012708164,27.083599905475992,22.289686809512087
192480,10038.154877954581,27.07868641643138,22.289922312105197
192540,10023.148349048239,27.076574880013226,22.29007763
192600,10032.054579123804,27.075484402556643,22.290212221915688
192660,10030.54523771173,27.074703776369354,22.290329865868646
192720,10026.575258628778,27.073962823672872,22.290419662318733
192780,10041.71865094555,27.072991366688736,22.290470707001965
192840,10043.472276101831,27.071405115392675,22.29046330263198
192900,10028.927943186358,27.068523377620163,22.290342767087868
192960,9979.891245597179,27.06492145117303,22.290131074629357
193020,10011.222144841482,27.061373172423213,22.289863892095294
193080,10015.180781958887,27.058652377742657,22.289576886324525
193140,10011.480260145983,27.057354123728796,22.289295086943643
193200,10000.890215466481,27.056668000488976,22.288971150538487
193260,10023.55515025827,27.05619194457343,22.288600672686027
193320,10033.080215337095,27.055710501074525,22.288191839683737
193380,10017.601516473936,27.055008215084687,22.287752837829125
193440,10017.875574104617,27.05369037,22.287288008557557
193500,10021.445267557796,27.05063581750632,22.28677720513089
193560,10010.435808590479,27.046264357010095,22.286218570739372
193620,9984.576630682785,27.041273187931505,22.28561502054298
193680,9973.407518982372,27.03635951131087,22.284969469701714
193740,9967.109142881402,27.03191594195406,22.284274559975405
193800,9931.177048382544,27.02665707657111,22.283478133291045
193860,9932.937275193097,27.021180415535422,22.282611089846093
193920,9940.745279645107,27.016496122904062,22.281719808665706
193980,9939.073612336346,27.013614362734124,22.28085066877507
194040,9943.144375158357,27.013369384676274,22.28001883892157
194100,9954.813863443867,27.01503906429645,22.279087028647982
194160,9983.624572232144,27.018015695253744,22.278143169276458
194220,10004.546465523073,27.02185225554955,22.277320053207685
194280,9989.785024879142,27.026101723185274,22.276750472842355
194340,10001.776914740645,27.03081844640484,22.276517608492572
194400,10002.15638356864,27.03840690535333,22.276367351704373
194460,10015.298797843103,27.047489489495447,22.276246292806754
194520,10042.814543527835,27.05595483524724,22.276159779781892
194580,10058.579922929795,27.061691579024785,22.27611316061198
194640,10032.84693722562,27.06323004827509,22.276141907288604
194700,10029.01352219795,27.063689244968472,22.276430054818277
194760,10042.495408496357,27.06396699484615,22.276946591848645
194820,10026.540706079111,27.064231043233026,22.27761739379398
194880,10026.344908461504,27.06464913545406,22.27836834
194940,10066.225711569103,27.065537357857394,22.279165517099006
195000,10059.246990006992,27.067861224651374,22.280213556442327
195060,10051.077900204564,27.071391166716193,22.281496467561315
195120,10052.819703612302,27.075674447977036,22.282946006526114
195180,10071.015520600668,27.08025833,22.284493929406906
195240,10096.132392715179,27.08495061,22.286103945180358
195300,10125.786520565642,27.09093941787247,22.287925052614533
195360,10129.757623402478,27.097711361595536,22.289924059646104
195420,10123.951911739683,27.104392811107605,22.292025707235037
195480,10120.871833709227,27.110110137500826,22.294154736341323
195540,10109.160794300573,27.114283557796693,22.29626511338103
195600,10103.534235206404,27.118216554183423,22.2984793
195660,10094.025971771505,27.12183424600604,22.30075147249839
195720,10085.725735743925,27.124698604519047,22.302997227118347
195780,10111.918941495569,27.12637160097697,22.30513214269362
195840,10109.354478574895,27.125853263770715,22.30709453331264
195900,10124.584188074063,27.120082317969747,22.30897838
195960,10101.349886249714,27.111185583237564,22.31078760132023
196020,10054.074465215048,27.102188016604366,22.312499324398242
196080,10035.52594175892,27.096114575100373,22.31409068983579
196140,10020.17843979819,27.09542826923553,22.31555098339181
196200,10022.58627826233,27.097765511559434,22.316940545266974
196260,10024.815998112754,27.101368703423955,22.318251452477877
196320,10052.499402681233,27.105012732370422,22.31945986841051
196380,10064.919804995947,27.10747248594019,22.32054195645087
196440,10051.19203181535,27.10771946,22.321481651190943
196500,10042.312167217393,27.106541333004476,22.322322139377523
196560,10029.392697375875,27.104725085158297,22.323085807627262
196620,10044.446363847877,27.102888252712418,22.323786687649214
196680,10030.539469376246,27.10164837365762,22.324438811152447
196740,10048.512053772634,27.101595814202163,22.32505664277492
196800,10098.92367,27.10272721927951,22.325648650248482
196860,10074.050608209849,27.10447144131781,22.32620673584885
196920,10063.880738110525,27.10623543164516,22.326721106943324
196980,10045.320866932369,27.107426141589702,22.327181970899233
197040,10056.294857084904,27.10736352657181,22.32758975871471
197100,10044.604810149578,27.105347332833624,22.327995382288947
197160,10049.437180664503,27.10197578569378,22.328376870923115
197220,10031.285423697962,27.09802567843457,22.32869763
197280,10008.215924308415,27.094273804338297,22.328921064868847
197340,9988.792423113955,27.09124815083634,22.329026862135027
197400,9983.129207906948,27.087938841345576,22.329102362355737
197460,9955.105373670282,27.084597106335902,22.32916401514783
197520,9970.821373951298,27.081789164383625,22.32920858641606
197580,9979.761954861902,27.08008123406509,22.32923284
197640,9960.862706790951,27.080058984959734,22.329235424552728
197700,9988.557577,27.081914036194732,22.329228471923983
197760,9990.225778226595,27.08488724751495,22.329217753456724
197820,9985.692949002168,27.088126850170525,22.32920691
197880,10002.702728204898,27.090781075411652,22.329199596446067
197940,9996.722507944192,27.09215915413818,22.329205085994353
198000,9967.431298211482,27.09291383001622,22.329261733998415
198060,9972.508270775288,27.093459067148874,22.32936971628266
198120,10004.982638816024,27.09405107054589,22.32952130377627
198180,10007.392249346723,27.094946045217032,22.32970876740847
198240,10006.93887085353,27.097129377318954,22.32996234284874
198300,10020.06723438548,27.10478073567348,22.330508971753776
198360,10025.886022717621,27.11620853814471,22.331320276627242
198420,10047.164502154505,27.128624469940824,22.332314798006482
198480,10089.245713313478,27.13924021626998,22.333411076428877
198540,10123.243547541355,27.145876753085968,22.334568341898585
198600,10134.098781431101,27.150998749176427,22.335987796531192
198660,10149.507207364491,27.155436934086445,22.337648612973787
198720,10141.279889270543,27.15936673223238,22.33947719103511
198780,10127.892695610037,27.162963568030623,22.341399930523917
198840,10107.029026062104,27.16632826107642,22.343369844177044
198900,10107.987042181298,27.169175862760984,22.345505578024092
198960,10135.208578314634,27.17172444726628,22.347792774638943
199020,10132.267801432998,27.17429650376467,22.350183535292345
199080,10131.752989735418,27.17721452142858,22.352629961255055
199140,10116.074813695412,27.180787408412385,22.35509730506987
199200,10121.79039984295,27.18507099665153,22.35763947139999
199260,10153.315720093566,27.189909699083568,22.360255908800394
199320,10139.887354598657,27.195142757618754,22.36293039012186
199380,10154.790105455177,27.200609414167353,22.365646688215215
199440,10137.81455784969,27.206251030428508,22.368394040363977
199500,10150.477969001153,27.212531878605894,22.37119563765291
199560,10174.687328836622,27.219219183538716,22.37404726929646
199620,10180.173157457588,27.22593656713197,22.37693783010985
199680,10192.66584884432,27.23230765,22.379856214908326
199740,10188.316390470176,27.237948497218976,22.38278831627058
199800,10192.946901690648,27.242759481382848,22.38571807
199860,10186.518458355768,27.247227857131453,22.38867213693423
199920,10172.70299113069,27.251894224574446,22.391683172549374
199980,10191.94067789673,27.257299183821527,22.394783833161167
200040,10226.653762076427,27.264364549728317,22.39800843193021
200100,10226.818239959735,27.275150461635775,22.401374665559846
200160,10229.870002275675,27.287766635189676,22.404847326242287
200220,10265.489643026747,27.299679116252424,22.40838555677808
200280,10288.495932866024,27.30835395068642,22.411948499967792
200340,10279.580968594306,27.311957687952354,22.415509223479226
200400,10262.495562910337,27.313829331927195,22.419124928212856
200460,10228.174725224382,27.315153587832395,22.422779026785985
200520,10230.908200274796,27.31633974915323,22.42643704692709
200580,10250.237359694971,27.317797109375007,22.430064516364656
200640,10248.750512152186,27.320039626961975,22.433641903051623
200700,10272.630877263557,27.323696846232924,22.437232412936027
200760,10273.89696235211,27.327987348516825,22.440807605933834
200820,10284.690465586411,27.33192694865415,22.444318857264676
200880,10274.114526801168,27.334531461485426,22.447717542148208
200940,10254.309845546255,27.335129459747563,22.45096849585635
201000,10250.376090217653,27.335259672612473,22.454128339962814
201060,10231.87512066944,27.335334578338127,22.457199705714714
201120,10219.102410282823,27.335407332718038,22.460169319804347
201180,10224.901971809073,27.335531091545736,22.46302390892404
201240,10221.00815378116,27.336047395366908,22.46576629926298
201300,10220.355188297832,27.33854015301008,22.468473987962675
201360,10247.692435800696,27.34223654275026,22.471101709597782
201420,10252.548934028027,27.345927225452296,22.473580532195644
201480,10241.757187632737,27.34840286198105,22.475841523783625
201540,10228.192899981706,27.34818291756966,22.47785117049267
201600,10176.10138643255,27.343353229298483,22.479778631956545
201660,10148.553402207677,27.33543329018847,22.481586627707763
201720,10153.430828516826,27.326450241088306,22.48319088986284
201780,10146.26976160308,27.318431222846748,22.484507150538327
201840,10117.82763158794,27.313011620722033,22.48550071
201900,10115.362861636355,27.308707083215857,22.486426070458432
201960,10103.173816657858,27.304861820724096,22.487257983001093
202020,10085.984139735649,27.301223668442134,22.487906176200795
202080,10095.763812785855,27.29754046156536,22.48828037705458
202140,10095.12149442255,27.293550940358546,22.48832138627465
202200,10080.733299005884,27.289159590823143,22.48819510355084
202260,10071.340740632964,27.284684793294698,22.48796466356405
202320,10048.257128892621,27.280485792544688,22.48765822967938
202380,10050.332264598166,27.27692183334458,22.48730396526191
202440,10059.81192824568,27.27428475169517,22.486899436192083
202500,10052.436170864514,27.272258339280825,22.486279863996284
202560,10066.560126033823,27.270550917148242,22.48547992976519
202620,10070.755395686781,27.26893083778133,22.484576591897078
202680,10051.652256431335,27.267166453664025,22.483646808790237
202740,10054.872801629355,27.26495242247025,22.48274356241947
202800,10072.977581199679,27.261884369270344,22.48176799445929
202860,10061.176940293402,27.258522137038604,22.480736738701548
202920,10049.60963,27.255566003347333,22.479696301427094
202980,10031.416557223312,27.25371624576889,22.478693188916804
203040,10031.05048813558,27.253456221948078,22.477767481697313
203100,10019.512242918794,27.25369786,22.47689764329366
203160,10021.21181901283,27.25407037809319,22.47605841897441
203220,10025.674531763996,27.254447118698238,22.475229793203034
203280,10039.327552080176,27.254701422124956,22.47439175044302
203340,10037.671832444405,27.253938810596598,22.473524551491106
203400,10014.644233028115,27.24792707608693,22.47262524373621
203460,10026.611128637913,27.238659131272087,22.47171445951727
203520,10027.314669929734,27.229286147415134,22.47081447519743
203580,9990.200508,27.222959295779155,22.469947567139876
203640,9964.292877762859,27.222059634314533,22.46910871643151
203700,9964.685177,27.223224781113117,22.468173211330832
203760,9995.336757483785,27.225366287695014,22.467235915252488
203820,10004.681104620611,27.228240634369204,22.46643273
203880,10013.09010537464,27.231604301444683,22.465899554318913
203940,10031.593899833722,27.235919215574313,22.46571984
204000,10031.236449015905,27.244767423037143,22.46562085581521
204060,10043.386841557583,27.256100225047497,22.465542816637818
204120,10089.387647613314,27.26681183065363,22.46548810870824
204180,10109.893176555857,27.273796448903838,22.465459120979407
204240,10072.97100208829,27.27491356954415,22.46549338774212
204300,10057.625076579772,27.274813610214085,22.465803791803847
204360,10051.389085818311,27.274620624105196,22.466355673918624
204420,10087.776540292685,27.27434565045888,22.46706434246126
204480,10086.379823605264,27.27399972851656,22.467845105806568
204540,10068.48411834381,27.273386642661304,22.468654416656783
204600,10105.977804142538,27.271399615361926,22.46969126080495
204660,10111.498001553568,27.268596257474584,22.470926559908726
204720,10096.712687744792,27.265845553016046,22.47227759
204780,10077.376801538616,27.264016486003104,22.47366162449709
204840,10054.296605280939,27.264157731048403,22.475024709702506
204900,10074.48295790356,27.26748994506184,22.476486783237068
204960,10081.226539993266,27.27276757932998,22.478015457638264
205020,10075.070627701922,27.278393473717728,22.479541404745593
205080,10089.384496580864,27.28277047,22.480995296398557
205140,10090.337292723514,27.284655419765542,22.482318868165493
205200,10067.254939055782,27.28556899966694,22.483552487665058
205260,10055.589439907277,27.286191339729587,22.484730565097575
205320,10060.952667043352,27.28683050345836,22.485877503638385
205380,10067.998700008271,27.28779455435819,22.487017706462854
205440,10077.43376312513,27.29006189414025,22.48816393732767
205500,10110.210457711459,27.297345608656162,22.489266708277647
205560,10171.589272749768,27.30762689,22.49035158609967
205620,10157.94766997531,27.31785202,22.491460154574582
205680,10152.109813399178,27.32496727069766,22.492633997483253
205740,10165.917010399593,27.326804137920657,22.49392098198378
205800,10175.69783975289,27.32748780554773,22.49536362735183
205860,10153.697412541886,27.32801896188785,22.496899388533965
205920,10168.411626443805,27.328386325870653,22.498451923037784
205980,10157.23003803021,27.328578616425784,22.499944888370905
206040,10095.571612890224,27.327692886899772,22.501325222256092
206100,10087.719175317065,27.320871358634847,22.502688151006986
206160,10081.436707461417,27.31035500143203,22.504018182969823
206220,10068.011261907872,27.299719456198943,22.505270934778547
206280,10050.856312433252,27.292540363843255,22.506402023067096
206340,10024.040235486718,27.29151142325978,22.50739935768897
206400,10020.70031893092,27.29264728435752,22.50841571577084
206460,10019.207624725383,27.294398375985786,22.509382632566194
206520,10024.165230489316,27.296169313760192,22.510186166872792
206580,10047.59571,27.29736471329637,22.51071237748844
206640,10075.169488711046,27.297127816992376,22.510896422802915
206700,10082.202047304592,27.29374917643318,22.511001964583457
206760,10063.514124339154,27.288108214122676,22.51108525487684
206820,10045.190582436873,27.28151612392347,22.511143694066355
206880,10007.955828624876,27.27528409969823,22.511174682535323
206940,9988.160260478311,27.27050180641589,22.511137636378518
207000,9983.655391353257,27.266395136691816,22.510803424250337
207060,9961.726443276699,27.262493423332383,22.51021205216913
207120,9960.416272,27.258541065321985,22.509457727660855
207180,9962.688671223343,27.254282461645033,22.508634658251474
207240,9967.400822232805,27.24942367303812,22.507800202373044
207300,9989.559503,27.243705793267452,22.506780943341074
207360,9972.951488502562,27.237514951200957,22.505585248931457
207420,9939.050976252609,27.231321778983997,22.50426773962989
207480,9920.190940882818,27.225596908761936,22.50288303592209
207540,9905.041293585215,27.22072452955941,22.50146622674594
207600,9908.863600777357,27.216368187525607,22.499930554214927
207660,9904.552658021565,27.212320808340863,22.498286398440882
207720,9881.296774,27.208460114685447,22.496568718008984
207780,9884.797196496429,27.204663829239674,22.494812471504435
207840,9893.192187896877,27.200695369367647,22.493035759297264
207900,9908.403134371663,27.19599026120522,22.491165246618465
207960,9911.560920913516,27.191190798693068,22.489234199082503
208020,9881.879509869936,27.187134052722858,22.487298912751594
208080,9871.003066090452,27.184657094186278,22.48541568368794
208140,9867.168861722253,27.184429716827456,22.48362280593864
208200,9857.635896,27.185615576678394,22.48184628816762
208260,9857.400026780198,27.187443748504506,22.48010170240198
208320,9871.634931,27.18929264007175,22.478427276959984
208380,9901.243464728675,27.190540659146087,22.47686124015989
208440,9904.918482134643,27.190676076799843,22.475425784115185
208500,9906.504329897985,27.19015387771399,22.474047
208560,9910.764817935484,27.18934883346224,22.472737285406218
208620,9900.754248345573,27.188534665172877,22.47152971512892
208680,9900.367188425682,27.18798509397419,22.47045738016642
208740,9909.530642152526,27.187917381736057,22.469551385003413
208800,9926.495792714284,27.18808694831822,22.46879626425501
208860,9917.864759256001,27.188348359350826,22.468129737953628
208920,9918.360531424098,27.188612733107636,22.467487498235347
208980,9920.846392838666,27.18879118786242,22.466805237236237
209040,9893.077149934465,27.18782248024277,22.466036059827942
209100,9881.989422051423,27.18011370090656,22.46524647449512
209160,9866.423748464742,27.167450372091164,22.464424301562254
209220,9844.130925274334,27.153044527238748,22.463536080585165
209280,9817.485320642889,27.14010819979148,22.462548351119707
209340,9786.415464,27.130974682861012,22.461415560165108
209400,9753.084456024544,27.12209075515717,22.460057379673092
209460,9752.283860824975,27.113603203864002,22.458521003699854
209520,9726.958064860979,27.106711130766925,22.45687422060448
209580,9747.503711867961,27.102613637651377,22.455184818746087
209640,9770.638595744165,27.102350679108405,22.453497079764162
209700,9779.233385494628,27.105083373141184,22.45171248
209760,9797.944293443534,27.109296210127077,22.449855772465746
209820,9816.409925025353,27.11355679365984,22.447981793836377
209880,9822.055359420945,27.116432727333244,22.446145384191322
209940,9819.274860564947,27.116829658489397,22.444391987939373
210000,9830.597027425954,27.116188934565262,22.44268835793802
210060,9828.162852036752,27.114977942505018,22.441014694233896
210120,9805.375293,27.113295115381135,22.43936036378783
210180,9809.612716509018,27.11123888626612,22.437714733560657
210240,9776.512373705946,27.108300957869243,22.436070554826834
210300,9775.140305358635,27.101218956687028,22.434441433964974
210360,9790.847515,27.091456388863293,22.43282371864778
210420,9787.460101056076,27.08137659823717,22.431209463641842
210480,9750.715417,27.073342928647808,22.429590723713783
210540,9741.515949099216,27.069203376728613,22.427964841457303
210600,9730.654489023793,27.066739191247734,22.426354992305672
210660,9726.610132295014,27.06488323,22.424746197138244
210720,9737.338363,27.063104244564588,22.423115876514853
210780,9749.201603505067,27.060870967321286,22.421441450995378
210840,9728.705917670086,27.05738350868424,22.419697787163887
210900,9697.622415488455,27.05113652780725,22.41786685908119
210960,9678.505459,27.043568718860868,22.415981521169357
211020,9679.198091775614,27.036585145612673,22.414080888428998
211080,9689.591020436517,27.032090871830274,22.41220407586076
211140,9711.678479208853,27.03157790568333,22.410382562361182
211200,9718.695542992562,27.033134901431197,22.408588433778885
211260,9725.005052703633,27.03553523209201,22.406812274127486
211320,9720.559961647221,27.037962767104837,22.405052722237258
211380,9740.275083469818,27.039601375908795,22.403308416938472
211440,9734.271994,27.039220042534634,22.40156894423148
211500,9746.218315821241,27.03435592624889,22.399791326825536
211560,9756.261002,27.026857198346537,22.398017234198036
211620,9734.770355,27.019273482972668,22.396302889871748
211680,9697.558257438082,27.01415440427242,22.394704517369455
211740,9693.699887529025,27.013649781190374,22.393245455779287
211800,9714.919109834635,27.016327330511935,22.391775844213246
211860,9759.705403665223,27.020940424955228,22.390362308064017
211920,9788.504489683932,27.026601692718888,22.389117079024746
211980,9773.865976,27.032423762001585,22.38815238878858
212040,9797.931984287037,27.037971787553445,22.38753128561166
212100,9818.059071468448,27.045211448216158,22.387001863888432
212160,9805.183571590336,27.05315766320482,22.386543363340884
212220,9832.961679357773,27.06020001911919,22.38619584170185
212280,9836.977887880827,27.06472810255906,22.385999356704186
212340,9821.397889293943,27.06569527,22.38600082584155
212400,9824.083303649417,27.065945138288537,22.38624419770157
212460,9829.758717055161,27.066135910908436,22.38666347374341
212520,9824.289494572866,27.06626569195378,22.387177971771667
212580,9820.954779122163,27.06633258647959,22.38770700959095
212640,9791.815392780678,27.065798945078075,22.38818617
212700,9780.902881089289,27.061741388521355,22.38867726985059
212760,9781.815052369879,27.055486087295023,22.389202237066517
212820,9787.871174383139,27.049159891079334,22.389765808181895
212880,9773.005955,27.04488964955459,22.39037271852024
212940,9770.541906200611,27.045286942196743,22.391032271638448
213000,9780.886992056192,27.053514671117963,22.39177180757892
213060,9807.945607603171,27.06622775269548,22.392578610545254
213120,9850.915427,27.079144158545265,22.39343283
213180,9872.768581501965,27.08798186028331,22.394314625974538
213240,9870.665446722456,27.08967285426654,22.39520931718002
213300,9858.683679693078,27.089843969718284,22.39613853395208
213360,9873.335909364963,27.089942049622675,22.397104830133767
213420,9851.414063,27.09003446578269,22.39810477950338
213480,9837.568558720968,27.09018859000134,22.39913495583926
213540,9857.194527095133,27.09058601329977,22.40019466424884
213600,9849.001597096985,27.091925826433446,22.401297256523623
213660,9837.759222888099,27.094015856567587,22.402437541662472
213720,9841.188097688999,27.096494405485213,22.40360649584637
213780,9853.698073802725,27.098999774969357,22.40479509525633
213840,9867.195649915551,27.101308902392706,22.40599903671065
213900,9868.670433,27.10400126903356,22.40723908428531
213960,9874.276047718193,27.106863586678042,22.408505262973772
214020,9895.646049558616,27.109499866423885,22.409781077853424
214080,9879.136024431162,27.111514119368874,22.41105003
214140,9878.112914,27.112644903735102,22.412306296334062
214200,9890.415319387363,27.11354226397522,22.41359652239677
214260,9894.163891577069,27.114306592351646,22.414891141996367
214320,9884.072558,27.11487850361365,22.416145318267606
214380,9864.756702391793,27.11519861251054,22.417314214345218
214440,9866.586015731005,27.114835237249977,22.41836671652404
214500,9842.074652862733,27.11176648845332,22.41936313738249
214560,9834.604888,27.107035575194878,22.42030517425527
214620,9825.914417091453,27.10225104372798,22.421178024178996
214680,9816.041509624301,27.099021440305986,22.421966884190315
214740,9820.228928069637,27.09864693709307,22.422666890647527
214800,9842.042859951847,27.09981838434696,22.42332892182884
214860,9826.967262584638,27.101624337102386,22.423944044018896
214920,9812.663559544288,27.10345075777721,22.424489987554267
214980,9828.190342383921,27.10468360878932,22.42494448277156
215040,9821.584941509434,27.10479018056941,22.425300912159344
215100,9818.775599889233,27.104001223717177,22.425640069731273
215160,9825.204483338945,27.102567374379564,22.425947947532546
215220,9832.029735928105,27.10067078989731,22.42618948772715
215280,9812.289585552366,27.09849362761117,22.426329632479096
215340,9823.286155785248,27.095945703694287,22.426339861476354
215400,9829.041280227284,27.091640205824337,22.426250283852653
215460,9818.960314532676,27.086211503584263,22.426088065273657
215520,9793.910988936052,27.08068988515399,22.42587450430926
215580,9762.829984945309,27.076105638713504,22.425630899529423
215640,9773.480729866327,27.073232357617073,22.425362869036544
215700,9739.037130872182,27.07096395091535,22.424986735366414
215760,9732.684937244023,27.06900981555682,22.42451093464998
215820,9749.544504553956,27.067365572472475,22.42396476276022
215880,9755.514034819558,27.066026842593327,22.423377515570127
215940,9752.531591380388,27.064953875524672,22.42276094714643
216000,9742.952142925233,27.063936104452768,22.42203236470728
216060,9730.126254,27.063021474441662,22.42122115161896
216120,9749.872453270198,27.06230903302499,22.420380747591388
216180,9757.027019526004,27.061897827736434,22.41956459233452
216240,9732.458997,27.061846866702258,22.41880271432459
216300,9739.183943309612,27.061942205342554,22.41799586587026
216360,9723.403057782241,27.062130640083083,22.417189027287083
216420,9715.746471225559,27.062406289299044,22.41645886
216480,9739.900642493429,27.062763271365665,22.41588201581717
216540,9774.139716735493,27.06365172701558,22.415508925640506
216600,9787.021164473043,27.06753954089667,22.415209355881508
216660,9799.083777444368,27.073256038634412,22.414955406419757
216720,9828.838597504247,27.078947314798537,22.414749945458865
216780,9822.530338,27.08275946395881,22.41459584120245
216840,9798.952847307128,27.082690805735353,22.41449030784746
216900,9774.264329,27.07750947,22.414398647266548
216960,9772.722210279573,27.06952169288254,22.41431985
217020,9771.541286484364,27.06144338969578,22.414260459820067
217080,9743.740836394874,27.055990459602963,22.41422702958543
217140,9734.162390499512,27.055516086237706,22.4142359
217200,9727.232179764182,27.058879367722092,22.41435034135708
217260,9738.829884477858,27.06470309774675,22.414561557274993
217320,9772.047852,27.071903702832564,22.41484654677046
217380,9797.642693,27.07939760950043,22.415182313284824
217440,9845.381241677693,27.086732439781148,22.415579552521912
217500,9845.255555071817,27.096697704710245,22.41622765572812
217560,9844.693840603875,27.107790775624068,22.417096265767935
217620,9868.464846,27.117622721622684,22.418108462928448
217680,9882.818898341366,27.123804611806204,22.419187327496775
217740,9873.853696,27.124736120972017,22.420287136935304
217800,9850.824316,27.124343760406173,22.42154862834862
217860,9834.738981632174,27.123638059896695,22.42294386
217920,9833.780775387851,27.122717453133415,22.424404541250126
217980,9841.889771068287,27.12168037380621,22.425862398029306
218040,9850.82779,27.120588131057705,22.42727945673391
218100,9829.107118955988,27.119238297607552,22.428783894672733
218160,9812.183545,27.117559830309975,22.430315111002855
218220,9817.452636730482,27.115524154066325,22.431771326326427
218280,9823.351077420453,27.113102693777986,22.433050761245642
218340,9810.020929722612,27.110087716916528,22.434101402051418
218400,9784.831440640988,27.105447129678396,22.43515325153518
218460,9795.169855,27.099525872608908,22.43614167446865
218520,9800.426630359425,27.09293312193098,22.43693564924286
218580,9773.722279,27.08627805386758,22.437404154248846
218640,9740.974659516525,27.079773687775482,22.43745882636138
218700,9700.622218492314,27.071681481851044,22.43731945920155
218760,9682.502225462244,27.06309454,22.43706333952184
218820,9662.712920059432,27.05567322,22.43671963083268
218880,9678.356008604309,27.051077904574328,22.436317496644524
218940,9692.201948126693,27.050416929238803,22.435848055545794
219000,9701.894219087106,27.050873136630603,22.43510073849957
219060,9690.189448738025,27.051576445288788,22.43411326856042
219120,9705.791507978767,27.05228772495556,22.432975959064315
219180,9714.901452049986,27.052767845373136,22.431779123347244
219240,9713.476783326982,27.052307503441384,22.43058282846541
219300,9704.448748348761,27.048205934515057,22.42925633893147
219360,9670.202701845632,27.041661137005136,22.42781584571265
219420,9663.939874,27.03458729571108,22.426315322345488
219480,9663.572853914111,27.02889859543236,22.424808742366526
219540,9653.620014849344,27.026046959767406,22.423334069750886
219600,9644.409787998084,27.024070832526437,22.421827219611046
219660,9669.151071590935,27.02242996851094,22.42030012677743
219720,9668.051052435063,27.021095790965845,22.418784585043902
219780,9669.925534144073,27.020039723136083,22.417312388204373
219840,9649.872681,27.019241039386056,22.415906742024433
219900,9610.656908,27.018687934743294,22.41453280345508
219960,9622.593586653185,27.01826318004636,22.413191029643905
220020,9649.079254515595,27.017834369337095,22.41189209346705
220080,9672.477981545331,27.01726909665734,22.410646667800705
220140,9662.208324981779,27.016316652661555,22.409460011258943
220200,9667.956055203378,27.014325359439013,22.408306680826914
220260,9665.131318,27.011790429099225,22.407193256143774
220320,9659.319505608624,27.00940052,22.406133536765747
220380,9660.223589134079,27.007844277869566,22.40514132224907
220440,9680.511989845594,27.00762625305022,22.40422638870288
220500,9682.471178622953,27.007875168826065,22.403368581893833
220560,9697.379115,27.008258907940025,22.402559753965118
220620,9684.192749,27.008646996193914,22.401796181453516
220680,9678.639554855536,27.008908959389576,22.401074140895865
220740,9674.183057416401,27.008754929690678,22.400386753274503
220800,9674.872722257134,27.007281808295662,22.399716066451226
220860,9697.839302,27.005010781893457,22.399074093525325
220920,9680.774303563503,27.002714016620043,22.398477957409224
220980,9666.409843425861,27.00116367861143,22.39794478101537
221040,9661.466284972515,27.00104460414132,22.39747821374792
221100,9656.866905498719,27.002113028669797,22.39701273852723
221160,9665.661705,27.003923552341742,22.396574516218852
221220,9682.422036,27.006089921097445,22.396208631326445
221280,9687.617882124681,27.008225880877248,22.39596016835372
221340,9709.055702,27.010094126056927,22.395856694815418
221400,9741.958118258264,27.012314060329494,22.395802279495992
221460,9729.680052,27.014644174680896,22.39576454766965
221520,9722.918790092886,27.01664593682666,22.395731287680704
221580,9715.236463505977,27.017880814482318,22.395690287873478
221640,9700.280715201201,27.017393855325277,22.395631441575706
221700,9727.590148319197,27.01230783295575,22.395560644866556
221760,9748.161211670797,27.004467005225916,22.39547808206125
221820,9702.643199513685,26.99653731280703,22.395381668188737
221880,9644.590131346058,26.991184696370375,22.395269318278007
221940,9666.397982109122,26.990321355353935,22.39512954797158
222000,9667.767205694037,26.990469064989504,22.394912230337766
222060,9650.137605422022,26.990757822016707,22.394647117704885
222120,9660.554705268263,26.991175123451068,22.394378434562352
222180,9665.181795615159,26.991708466308133,22.394150405399603
222240,9656.723189809172,26.99280373814069,22.393993887767476
222300,9656.025056,26.99692765338443,22.39385077745266
222360,9656.683402891813,27.00287721757144,22.393720215263222
222420,9672.648758967662,27.00876167916854,22.393617426068992
222480,9701.597354113022,27.012690286642542,22.39355763473979
222540,9705.490809151763,27.01310259522508,22.393550674479673
222600,9694.441736877836,27.011380961842473,22.393568472465788
222660,9700.793449697561,27.008726818823398,22.393602694698444
222720,9696.044231103499,27.00604259,22.39365122737197
222780,9680.727757971543,27.004230718597647,22.393711956680722
222840,9667.039438,27.00431188244064,22.393801748109546
222900,9677.199839395817,27.007145782474936,22.39403030986446
222960,9666.712105783137,27.011514642923856,22.394370607068524
223020,9667.034021530422,27.01593301822485,22.39476834164645
223080,9705.627312777871,27.018915462815396,22.395169215522976
223140,9711.870507448904,27.019127374097963,22.395529887486724
223200,9699.173812139323,27.01704468509407,22.39589091350184
223260,9723.231689666705,27.01383392342063,22.39626411223602
223320,9718.158443225466,27.01058677230623,22.39664956955259
223380,9681.844544400741,27.008394914979476,22.397047371314876
223440,9683.673414933974,27.008341254350732,22.397464215668364
223500,9700.175619542426,27.010634702424664,22.39793171
223560,9697.930072040175,27.014170379216566,22.398421479205087
223620,9702.041387641812,27.01774612790259,22.398894686394428
223680,9710.886599582736,27.020159791658905,22.399312481095237
223740,9690.202092575637,27.020158281214194,22.39965324665638
223800,9684.450405758455,27.01713247842292,22.399995046986646
223860,9679.721047,27.012320151479376,22.400317309682162
223920,9671.929013838926,27.007150330334238,22.40057674676137
223980,9658.820193095138,27.00305204493821,22.40073007024274
224040,9656.858034245115,27.00108388805875,22.400752905482605
224100,9663.007275491962,26.99964954,22.400747719576795
224160,9679.565520145547,26.998425080720576,22.400737583533584
224220,9647.639836896447,26.997507254251488,22.400722938301225
224280,9643.839025,26.996992812836556,22.400704224827994
224340,9661.901219616993,26.996968683261503,22.400665894687428
224400,9675.575237,26.997402787938828,22.40052191388722
224460,9669.779882806992,26.99821626,22.40031426024593
224520,9673.612999558512,26.99933495797735,22.400108902149306
224580,9670.488415525471,27.00068474606187,22.39997180798312
224640,9663.544469840268,27.00260148324554,22.39995575759698
224700,9663.770709718854,27.00721910937509,22.400008676404465
224760,9671.169621,27.013373671835133,22.400106668827085
224820,9682.008208348872,27.01928482,22.400239450168538
224880,9702.725550677153,27.023172214088834,22.400396735732524
224940,9717.530469620293,27.02380040333561,22.400589322907024
225000,9719.583332,27.023775122569738,22.400932653191152
225060,9714.918214535237,27.02372416,22.401392785001825
225120,9716.074048240713,27.023648005288734,22.40190569328116
225180,9706.915242771094,27.023547164300673,22.40240735297133
225240,9694.756367047265,27.02295958966243,22.40284757
225300,9678.277411,27.01936152800331,22.40327796985873
225360,9687.566573439499,27.013894761061508,22.403707100769566
225420,9685.009269,27.008392071512457,22.404128161982282
225480,9658.096692900273,27.004686242031624,22.404534351563058
225540,9671.677936446242,27.00438837945574,22.40492667042657
225600,9674.380971022154,27.006712780693228,22.405340868830727
225660,9662.073094792744,27.01029617619447,22.405750810668962
225720,9648.439442774932,27.01392018441389,22.40611869896449
225780,9672.101426758603,27.01636642380593,22.40640673674054
225840,9693.649765050139,27.01653936227681,22.40659229799747
225900,9677.917076337073,27.014714602591663,22.40675102298104
225960,9645.187952658647,27.011558843777507,22.406889103621317
226020,9641.786036,27.00766415731889,22.406994119742897
226080,9644.356333,27.003622614700408,22.407053651170397
226140,9621.318505465957,26.99980191,22.40704196080576
226200,9613.629331151446,26.99524706,22.406875315601877
226260,9619.921425,26.990246821567496,22.40657777287892
226320,9639.167399718539,26.985382486388275,22.406193464472917
226380,9619.416431823647,26.98123535683204,22.405766522219945
226440,9601.345686395032,26.97818220369509,22.405311143024537
226500,9602.304253339524,26.975302923286712,22.404680716130212
226560,9608.428875922169,26.972659943827722,22.403920492546685
226620,9605.309941365249,26.970570306269323,22.40311682348064
226680,9595.646171219028,26.969351051562757,22.402356060138764
226740,9597.841473714001,26.969598952317007,22.401686847002267
226800,9615.623761428113,26.97302862646243,22.400948585818895
226860,9637.417142175576,26.978924108468878,22.400211273408626
226920,9633.768231999695,26.98613447670822,22.399595793278884
226980,9645.079425486798,26.993508809552345,22.39922302893713
227040,9683.906456571398,27.00044395023309,22.39917825160836
227100,9706.257658,27.009297878834936,22.39928698
227160,9735.194275,27.01894860214469,22.399489580633723
227220,9737.597780810604,27.027524513142875,22.399766247701457
227280,9733.474102979306,27.033154004810026,22.400097186741153
227340,9731.864220946907,27.034617419165368,22.400509561993026
227400,9713.244286282017,27.03519502330504,22.401266469290995
227460,9731.124058982388,27.03564179102627,22.402302936048596
227520,9750.736003,27.035949509540682,22.403487351366355
227580,9729.262382707477,27.036109966059936,22.404688104344814
227640,9712.795782757315,27.035737200691564,22.405805163195417
227700,9723.918447436958,27.032783115585566,22.406960869555828
227760,9723.037779635864,27.028228972734333,22.408162545798547
227820,9678.524709717529,27.023623215117116,22.409381129676117
227880,9672.099311188402,27.02051428571319,22.41058755894111
227940,9657.849354152298,27.02041807924548,22.411759803310886
228000,9670.769224049329,27.02359540832186,22.412924892789867
228060,9695.066292956044,27.02872571918607,22.414083487357185
228120,9704.847194025488,27.034390305220303,22.415228084474776
228180,9716.843509955317,27.03917046,22.41635118
228240,9711.696047,27.041977479056026,22.417446405592823
228300,9701.429865,27.044162225949602,22.41851791078036
228360,9727.187830117326,27.046065421297367,22.419570004191876
228420,9730.848103225499,27.047662872218392,22.420606032049555
228480,9718.231203,27.048930385831778,22.421629340575617
228540,9712.487115803955,27.04983884923414,22.422634819383152
228600,9700.307117328726,27.050410020614134,22.423583623937862
228660,9679.935689,27.05082528169274,22.42451049
228720,9668.454128496349,27.051282990924545,22.42546330159801
228780,9690.349583,27.051981506764147,22.426489956012574
228840,9724.824804366664,27.054097492877933,22.42763618124317
228900,9732.547187318518,27.06298946386745,22.42890847360737
228960,9743.988429968802,27.075966850559816,22.43028139578847
229020,9777.034498,27.088853933699003,22.43172882341686
229080,9802.916984611702,27.097474994029014,22.43322463212297
229140,9801.729259528218,27.09885221722316,22.43475997656574
229200,9785.028763350394,27.09856012263425,22.436413113707495
229260,9792.053796,27.09800392390793,22.438142077573065
229320,9793.891866940172,27.097224103355256,22.43988042211389
229380,9774.649422697428,27.096261143287336,22.44156170128145
229440,9748.1283,27.094743592471428,22.443132667274426
229500,9734.145584009468,27.09049438272134,22.444642971850286
229560,9729.287666379925,27.08465147495316,22.446110699795195
229620,9730.095993194598,27.078972259909513,22.447540046285663
229680,9719.524630600506,27.075214128333062,22.448935206498202
229740,9701.246864,27.075159630540295,22.450295119344766
229800,9713.213616525301,27.07949290414085,22.451596896040414
229860,9733.301591001455,27.086692779563755,22.452861955730835
229920,9762.307022336596,27.095040427157336,22.45411978173195
229980,9775.038126692865,27.10281701726995,22.455399857359712
230040,9780.907659,27.108681455353263,22.456723128278835
230100,9800.152273386944,27.114068464073217,22.458055965961467
230160,9829.172897001206,27.11922898,22.459405028303955
230220,9828.145746284887,27.123994063624735,22.460787543433845
230280,9804.617682364986,27.12819475063815,22.462220739478703
230340,9803.400687754807,27.13165848941024,22.463718609579907
230400,9809.498795903617,27.134389587847703,22.46527175906355
230460,9832.5462,27.13674059879105,22.46688156889197
230520,9833.916856259304,27.13909496999159,22.468553066932834
230580,9818.389626411968,27.141836149200632,22.47029128105385
230640,9796.510678562867,27.145570421991955,22.47211047678469
230700,9800.794839244376,27.151497311439034,22.47405860213534
230760,9841.424886,27.15838755208564,22.47609798
230820,9837.252326482045,27.16462608077217,22.47817615402685
230880,9836.116582714803,27.168597834339042,22.480240650056675
230940,9864.816129243622,27.16904418184226,22.48225767864089
231000,9890.393711790633,27.167598319418286,22.484304030402416
231060,9899.585295175706,27.165228054085194,22.48635384100724
231120,9876.112807062975,27.16254102111272,22.48835696718645
231180,9808.785128267029,27.160144855770607,22.490263265671164
231240,9794.594213643477,27.15848287,22.49203317901622
231300,9815.40057,27.15688943858468,22.493710327928913
231360,9813.248174,27.155377215348036,22.495314085256158
231420,9802.867263985583,27.15415456001992,22.496852768958117
231480,9781.244574,27.153429829255817,22.498334696994984
231540,9799.325240924925,27.153711757568797,22.499760310028403
231600,9810.685755,27.1568079,22.501096642847386
231660,9829.389121403488,27.162078979425267,22.502375982649934
231720,9824.118062011548,27.16843170324119,22.503642610256417
231780,9818.664407859105,27.174772763411582,22.504940806487237
231840,9811.829137,27.180278039347826,22.506302319759925
231900,9819.778253326756,27.18598835712455,22.507678152185626
231960,9842.06178,27.191913422863326,22.509077386807682
232020,9833.229085535373,27.19774875184201,22.51052453846838
232080,9838.423643078304,27.203189859338515,22.512044122009982
232140,9879.428053,27.20797708804623,22.513659256958015
232200,9874.712601165182,27.212280225289113,22.515372970905606
232260,9870.676433388902,27.216294320741124,22.517176361858933
232320,9880.508878673782,27.220177820324082,22.519060777929994
232380,9878.146829673415,27.22408916995983,22.52101756723083
232440,9882.338722,27.228150764272605,22.52304517196234
232500,9879.724633749378,27.23222636197623,22.52517898999502
232560,9875.790844924146,27.236303125417443,22.527407040361357
232620,9874.519460098263,27.240409123516407,22.529707449541785
232680,9891.314958555333,27.244572425193347,22.532058344016782
232740,9879.193523852391,27.24877852734927,22.534443119551174
232800,9870.768002276904,27.25283412275279,22.536883560243453
232860,9902.095388049045,27.256901427698377,22.539384384305148
232920,9907.448266884907,27.26120770606705,22.54194440848934
232980,9914.386845651823,27.265980221739873,22.544562449549126
233040,9899.048949,27.271522115627093,22.547238625119125
233100,9896.486649268862,27.278305676154808,22.54998048280618
233160,9917.166977264771,27.285921744740794,22.552787964489593
233220,9935.833269249848,27.29382545333874,22.555659284372766
233280,9954.659015767891,27.30147193390237,22.55859265665911
233340,9985.004961491304,27.308471366204486,22.56159076286197
233400,9989.348306,27.315443523245577,22.56467593471643
233460,9982.628710347344,27.322307212060597,22.567834667325872
233520,9997.198551027033,27.328791725504832,22.571046747337217
233580,9998.240860063377,27.334626356433603,22.57429196139741
233640,10024.634382672986,27.339568375543326,22.57755744915446
233700,10042.201774332385,27.34374877568102,22.580874026821462
233760,10036.84077,27.347489456892937,22.58423230434303
233820,10033.49809862329,27.351103450254534,22.587613348428448
233880,10013.761367195068,27.354903786841334,22.590998225787008
233940,9999.96124,27.35921920281055,22.594376250727734
234000,10007.444311844498,27.36419587993405,22.597782230539483
234060,10010.726317576858,27.36943704741743,22.601200079175918
234120,10017.43033219612,27.374489076343867,22.60460254380772
234180,10020.370810606784,27.378898337796546,22.607962371605602
234240,10021.66206273476,27.382399838618337,22.61126414859227
234300,10008.491900579482,27.385849926239768,22.61455831987741
234360,9986.088335831038,27.389074896184614,22.617823199879584
234420,9982.585469801985,27.391656331903253,22.62102114754834
234480,10000.874365957332,27.393175816846085,22.624114521833246
234540,10006.61372023869,27.39339441784263,22.62707602698238
234600,10004.29378557509,27.393288152885006,22.62994981
234660,9979.610388869962,27.39309823223884,22.63274002007362
234720,9967.969789,27.392852599685078,22.635438687029954
234780,9974.114938496723,27.39257919900469,22.63803785008737
234840,9981.413515473178,27.392270345991193,22.64053886787004
234900,9977.019268028753,27.391754374913393,22.64298773187127
234960,9948.666025120996,27.39113338717197,22.64536166900078
235020,9958.186056,27.39056202513321,22.647624387845994
235080,9960.111982712471,27.390194931163457,22.64973959699436
235140,9954.834128026161,27.390186517048395,22.651685466515406
235200,9951.436350915297,27.39059038995975,22.653531504003585
235260,9940.548223389651,27.391296651669673,22.655277150525162
235320,9930.284259105541,27.392182554787624,22.656903796951212
235380,9935.120576182699,27.393125351923057,22.658392834152828
235440,9954.220298395683,27.39402378192083,22.659730746920705
235500,9973.505281628672,27.394965577699487,22.660948388246684
235560,9974.100110780497,27.396022671247863,22.662072138977823
235620,9943.867101910564,27.39724722281824,22.663123634569814
235680,9939.568261278535,27.398691392662947,22.66412451047836
235740,9933.198219,27.400445587161478,22.665085734475444
235800,9929.000524290657,27.402781659084283,22.665964450890353
235860,9925.353025572145,27.405686548295563,22.66679194672645
235920,9929.220105417971,27.40909150867657,22.66761461602881
235980,9959.677702344134,27.412927794108604,22.668478852842544
236040,9960.100223279074,27.417450294298686,22.669416671964374
236100,9989.056135,27.424279797353318,22.670372124289333
236160,9997.676848466497,27.43234533551327,22.671363658364243
236220,10018.88772245253,27.440082318928823,22.672428047710927
236280,10026.062020926027,27.445926157750286,22.673602065851245
236340,10036.648649694314,27.448694134376534,22.674926759482105
236400,10043.405583422127,27.45016698,22.67644614539944
236460,10030.737265523148,27.45118921066411,22.678143736726597
236520,10024.835263437622,27.452201642499148,22.679994536939287
236580,10013.545088969344,27.453645091017364,22.68197354951324
236640,10021.959173659914,27.45623302773445,22.684077145428397
236700,10044.117490167635,27.46168675718889,22.686414865112795
236760,10078.383680921375,27.469223042771546,22.688956622634798
236820,10115.52465333896,27.477623885863498,22.69164278128443
236880,10099.086211877357,27.485671287845836,22.694413704351724
236940,10067.855968606547,27.492613594604794,22.697237251795283
237000,10084.942921115577,27.50039310862575,22.70023451629137
237060,10099.162381421904,27.508276035491512,22.70335950833602
237120,10105.865266063996,27.514913261953083,22.70652922
237180,10100.846150107047,27.51895567476147,22.709660628406507
237240,10079.306862956499,27.519510050004943,22.71269074521075
237300,10045.019028557164,27.518951351861475,22.71569651
237360,10039.063367239882,27.51809003911497,22.71868038397152
237420,10051.39691398409,27.517218964607068,22.721621612506574
237480,10053.328662456694,27.51663098117944,22.724499460785253
237540,10054.364730269843,27.516806474034656,22.727294024594862
237600,10053.886347583268,27.518984506562845,22.73000630070898
237660,10076.414921947624,27.522790043440153,22.732659126411637
237720,10075.131924328014,27.527557680642538,22.735276362021732
237780,10070.760826816955,27.532622014145996,22.737881867858185
237840,10093.729173266263,27.537793425230348,22.740503899930463
237900,10098.019357442867,27.54523186538305,22.74316820055147
237960,10104.996191861293,27.55370599,22.74582904578105
238020,10101.83483507852,27.56130392,22.74843122
238080,10109.354974714885,27.566113785171506,22.750919514239136
238140,10095.587069526337,27.566083310008526,22.753253172110686
238200,10065.163510492916,27.560137738389884,22.75549333
238260,10052.707096779537,27.550971793093126,22.757648514752127
238320,10042.043495621623,27.541701964774482,22.759710599980366
238380,10017.123505981208,27.535444744090213,22.76167145633563
238440,10002.700484149886,27.534778705474153,22.763528174241916
238500,10013.296558108615,27.53750955404056,22.765308641425975
238560,10022.47893262958,27.541770093283226,22.76701187059159
238620,10025.441350138512,27.546182654716258,22.768630073902177
238680,10042.176784458172,27.549369569853802,22.77015546352117
238740,10035.680409736698,27.550310096511232,22.771578255806126
238800,10008.738209823885,27.55061754026648,22.77289275756306
238860,10024.139376540877,27.550805106072655,22.774130610709655
238920,10034.447077719755,27.550990711275002,22.77532815595012
238980,10026.744193550181,27.55129227321877,22.77652173398868
239040,10026.215828187698,27.55214733432987,22.777737282822105
239100,10038.755951670131,27.555386590870686,22.778933596663496
239160,10047.609703801927,27.560255553392285,22.780117483298042
239220,10051.985859810475,27.56551807,22.78130854
239280,10057.85533042963,27.569937988969187,22.782526380663654
239340,10060.185704618078,27.572502978782317,22.783782610643446
239400,10081.288590936578,27.574101915906013,22.78504442644974
239460,10098.070428824261,27.57534718259653,22.78632764080833
239520,10075.680192052545,27.576636271006905,22.78765882441171
239580,10056.363615866934,27.578366673290173,22.789064547952385
239640,10059.518407033604,27.58123735126111,22.790571018340927
239700,10092.839152374841,27.587024901035242,22.79218726256992
239760,10127.402998134396,27.594675881066372,22.793899409829017
239820,10127.155424161307,27.60265128934785,22.79569207545704
239880,10118.81385,27.60941212387303,22.797549874792836
239940,10101.80585095552,27.61371195968009,22.79946401266688
240000,10099.84255,27.616737931208405,22.80146563594885
240060,10100.091783241269,27.619230088724645,22.80355118688357
240120,10097.843551474574,27.62164074407632,22.805708661292794
240180,10103.057388352867,27.624422209110964,22.807926054998298
240240,10121.22856567338,27.628083788558254,22.810199552824102
240300,10124.439727890865,27.633043167249454,22.81256741271177
240360,10112.947469974475,27.638693614000566,22.81501222963856
240420,10122.613294449826,27.64429754822958,22.81750510166286
240480,10138.737827644258,27.649117389354533,22.820017126843098
240540,10153.913981630056,27.65254996555116,22.82252781558788
240600,10185.283323674224,27.65515588800361,22.82507091296809
240660,10172.10809687055,27.65736629620865,22.82764123346357
240720,10159.057723846397,27.659486201969127,22.83022323746837
240780,10144.23084567178,27.66182061708793,22.832801385376595
240840,10148.588728944855,27.664784658043562,22.83537182492683
240900,10157.984974922638,27.66897743837554,22.837986222561977
240960,10162.40892407649,27.673617182263683,22.84060929944534
241020,10166.354236093066,27.677717060884348,22.843188769586348
241080,10162.124294105291,27.680290245413904,22.84567234699446
241140,10129.901639893476,27.680464410306495,22.848030303392356
241200,10124.751473975239,27.67862236377359,22.85036107310684
241260,10113.899978115887,27.675473579155945,22.85263008523096
241320,10092.894238589433,27.671654951008385,22.854772721060087
241380,10089.544493363726,27.667803373885786,22.856724361889604
241440,10101.598336315124,27.664479240357974,22.85847260610838
241500,10075.204530894647,27.66145008837981,22.860264460523375
241560,10058.217917383075,27.658340973283448,22.861977299104183
241620,10061.151923596593,27.65483148818156,22.86341401288243
241680,10053.275109030723,27.65060122618685,22.864377492889762
241740,10042.058021930328,27.644882301602745,22.864754260360677
241800,10020.181948124766,27.635219297881072,22.864990440914422
241860,9998.478205974721,27.623211721229012,22.86517900354237
241920,9955.752840389412,27.611168174508194,22.86531268609607
241980,9932.629338035757,27.601397260580274,22.86538422642707
242040,9942.630922647462,27.59561927576186,22.865324238550052
242100,9967.671407669073,27.591245804066737,22.864763617075994
242160,9972.511254034445,27.587556157493154,22.863787772092053
242220,9956.464104649875,27.584485531324724,22.862571905154507
242280,9931.392450453945,27.58196912084507,22.86129121781966
242340,9910.821580013207,27.579886172070232,22.860064878493446
242400,9885.563205296778,27.577882327062863,22.858653612970546
242460,9890.547379127138,27.576072761469888,22.857082104180815
242520,9892.607493024909,27.57465832134696,22.855444372626355
242580,9907.772279,27.573839852749764,22.85383443880928
242640,9907.604681611992,27.57372198402172,22.852310381262654
242700,9913.698590872238,27.57377127258425,22.85072280779598
242760,9950.359863630418,27.573870134771095,22.849128837940707
242820,9960.147646314417,27.57401706611631,22.84763303568002
242880,9948.228333338611,27.57421056215397,22.84633996499709
242940,9914.385548,27.575002513100717,22.845310519568326
243000,9922.118656,27.57940669601657,22.84433937836196
243060,9963.637855894913,27.586043448628256,22.84344872
243120,9982.712834833621,27.592705749608015,22.84271649197832
243180,9990.968403167088,27.597186577628108,22.84222065
243240,9981.960589,27.597658857273988,22.842001442681795
243300,9981.977380428296,27.59568993223536,22.84185144308631
243360,9986.970809,27.592654553914308,22.841730336318484
243420,9978.314689489864,27.589584773874464,22.841643630547942
243480,9961.741157709832,27.58751264367947,22.84159683394432
243540,9955.099287155517,27.587452379344928,22.84162147290805
243600,9943.804524,27.58959062167643,22.84187226971292
243660,9945.368778406435,27.593015773141495,22.842309728538687
243720,9963.833293758204,27.59674396191595,22.842856439646685
243780,9982.336911542241,27.59979131617565,22.84343499329827
243840,10019.28885569767,27.601426895098907,22.843992041637875
243900,10019.338638110423,27.60272078773302,22.84463099201558
243960,9997.955828,27.603854889557436,22.845346595339972
244020,9993.263984,27.604722312728057,22.846104201895844
244080,9989.524027590685,27.60521617,22.846869161968005
244140,10006.201525453882,27.60527702054666,22.84761421
244200,10012.155329615676,27.60518072714578,22.848367010793183
244260,9995.850138989255,27.60503228,22.849133320421274
244320,9972.860465,27.604882144696006,22.849910768619136
244380,9972.298656430188,27.60478080388332,22.850696989659166
244440,10001.282288404662,27.605021277553494,22.851490979569867
244500,9995.426649334622,27.606962677809086,22.852298773101513
244560,9990.764434175513,27.61001706819448,22.853117218933505
244620,10011.225748294793,27.61323217631712,22.853941259512524
244680,10009.132282373004,27.615655729784486,22.85476583728527
244740,9996.926741560188,27.61656149589345,22.85558288157493
244800,10002.229387031162,27.616944443976323,22.85637717903024
244860,10005.400363539637,27.617190797288394,22.85716781366987
244920,9982.76537,27.617443463205657,22.857979202324863
244980,9984.122555576969,27.617845349104172,22.858835761826267
245040,9991.060542697458,27.619034128121818,22.85975999587726
245100,10004.098526741658,27.623771060333937,22.86075092362585
245160,10019.20126726055,27.630761043579543,22.86179794101152
245220,10049.126163803707,27.637959025532027,22.862891324234205
245280,10051.414733495743,27.643319953864804,22.864021349493846
245340,10042.290827977318,27.645298880497492,22.865176772008827
245400,10016.376061546354,27.646132742359157,22.866350174624415
245460,10026.909612698048,27.646668219356894,22.867563769914586
245520,10033.376643569576,27.647210198548755,22.86884344527595
245580,10028.814847655354,27.64806356699282,22.870215088105144
245640,10021.570969821332,27.650133106289385,22.87170441822738
245700,10047.533421149907,27.656975105132165,22.87332491275284
245760,10095.58785659972,27.667354674036027,22.87507232794066
245820,10097.47291077309,27.679137764159307,22.87694115028326
245880,10105.60635060937,27.690190326660414,22.878925866273086
245940,10136.381493017889,27.699064691190582,22.88103820720123
246000,10131.234183106459,27.708562336889617,22.883368693156925
246060,10127.35577979871,27.71801677000176,22.885874369690512
246120,10163.869658414775,27.72589342,22.888486774284285
246180,10165.60465950128,27.73065772528415,22.89113744442054
246240,10171.508863988827,27.731252986255054,22.893782775788974
246300,10183.673546387869,27.73018257674479,22.89652636779577
246360,10172.840832023325,27.72853238805892,22.899335144087175
246420,10147.89473771655,27.726863496818982,22.902143705680956
246480,10118.560620541924,27.725736979646566,22.904886653594918
246540,10109.479996544069,27.72555277710362,22.907512655426288
246600,10119.050567626042,27.72556257020483,22.910075454306224
246660,10116.983179257384,27.725582447480758,22.912587537285706
246720,10112.805298046325,27.725612359348155,22.915045980525036
246780,10101.798392433086,27.725652256223796,22.917447860184524
246840,10110.653952413935,27.726147439108672,22.91978198082403
246900,10149.311397115112,27.72976369309123,22.92201029331787
246960,10153.637438651598,27.736027581794517,22.9241769
247020,10141.93035088501,27.743831479114476,22.926339565148478
247080,10139.979064948126,27.752067758947053,22.928556082351363
247140,10161.246273703275,27.760372345736048,22.930874491712203
247200,10206.46279633439,27.77209284326446,22.933262343952382
247260,10215.32956323953,27.785342938227092,22.935702842071006
247320,10207.480997448985,27.797178064701882,22.938188824111407
247380,10212.965773269458,27.804653656766792,22.940713128116936
247440,10214.605342753684,27.805833916836225,22.943275883140927
247500,10222.562305754023,27.80577827295943,22.945910624719094
247560,10227.140492900802,27.80569248999969,22.948594613462483
247620,10222.387269272995,27.805605734811458,22.951294337866525
247680,10192.024764932718,27.805547174249217,22.95397628642671
247740,10167.970104062479,27.805577874989886,22.95661139793806
247800,10189.009202499918,27.805924139297236,22.95921365
247860,10199.777590464499,27.806597661042197,22.961800210253365
247920,10184.252331775448,27.80756552591434,22.964384654852203
247980,10169.44202078183,27.808794819603293,22.966980567567408
248040,10168.193429400872,27.811051230281254,22.969600437644797
248100,10193.463151980253,27.818691444130177,22.97224201485607
248160,10217.45103985077,27.829795375934403,22.974895354062927
248220,10235.091946573852,27.841254039242692,22.977550837383728
248280,10240.205828131322,27.849958447603854,22.980198846936876
248340,10214.946022354397,27.853603216008427,22.98283457759913
248400,10181.438431299863,27.855764302671602,22.985478648481962
248460,10184.550512889142,27.857459515771893,22.988120120698067
248520,10193.465332396489,27.85881020338989,22.99074139073008
248580,10203.150102097725,27.859937713606218,22.99332485506064
248640,10215.66677514512,27.860971906813553,22.995863093560285
248700,10212.063748142147,27.86200882777012,22.998400824532972
248760,10205.02028408143,27.862958158634413,23.00091324640337
248820,10202.158963243632,27.863707376212208,23.003361236686086
248880,10199.646559515406,27.864143957309302,23.005705672895747
248940,10205.415809734097,27.864047529155727,23.00791790301271
249000,10202.44897,27.862832502698176,23.010043207027298
249060,10197.195734070561,27.860959366394667,23.01208906219135
249120,10170.80754176125,27.85906500074128,23.014050908567125
249180,10161.479296603808,27.85778628623412,23.01592418621689
249240,10148.883717714092,27.857642996983497,23.017708557858764
249300,10146.984960125157,27.85819296087095,23.019427050731665
249360,10144.695981956407,27.85919301,23.021076755947828
249420,10146.891020080977,27.86051676695068,23.02264905700256
249480,10160.555896832899,27.862037824322886,23.02413533739117
249540,10166.503081250863,27.863750377020267,23.02552166227643
249600,10173.195720775437,27.866297877836892,23.026785953404158
249660,10165.428381704402,27.869553427440653,23.02797406594453
249720,10176.563747500395,27.873224767977533,23.029141858036958
249780,10185.857716498798,27.877019641593566,23.030345187820863
249840,10174.715260200908,27.88073119917809,23.031625588998104
249900,10174.685423736368,27.884710750579664,23.032928248115184
249960,10185.731221533102,27.88892682325562,23.03425801892067
250020,10219.69603362382,27.893243817125164,23.035636857420307
250080,10218.95505869116,27.897526132107522,23.037086719619882
250140,10221.264896235314,27.90162483972894,23.038626671705302
250200,10251.721252028678,27.905449031298204,23.04025229277269
250260,10258.201539399339,27.909208005053145,23.041964488324464
250320,10275.547298782949,27.91314649856695,23.04376707854953
250380,10252.865064924186,27.91750924941283,23.04566388363683
250440,10239.791213645478,27.92284513846318,23.047671716554866
250500,10266.940752921671,27.930693305940668,23.04985923555657
250560,10270.187416332301,27.93957713674949,23.052182079573587
250620,10275.366115587109,27.947517331580478,23.05457567500412
250680,10282.112936934891,27.952534591124483,23.05697544824642
250740,10275.491584690826,27.953052061008876,23.059337680291147
250800,10232.00667598344,27.950960877874834,23.061746969017648
250860,10223.32907210375,27.94773702129021,23.06418124
250920,10234.577845279558,27.944476626852328,23.066591934186295
250980,10225.726843702336,27.94227583015855,23.06893050058564
251040,10230.721541113082,27.941944855769613,23.071177528339252
251100,10228.344893062327,27.942176882990783,23.07346181811879
251160,10217.77719525627,27.942534585992796,23.07571152113979
251220,10232.942081686302,27.94289634305224,23.07781366726428
251280,10230.997302087479,27.943140532445753,23.079655286354313
251340,10201.740936498698,27.942264157133206,23.08117557473617
251400,10170.77825260902,27.935362919576384,23.08262263127246
251460,10166.17638476097,27.92456242279087,23.083957710137387
251520,10162.434077829243,27.91330858153484,23.085074232720853
251580,10128.621280892756,27.905047310566452,23.08586562
251640,10096.436568604395,27.902328811428337,23.08627661939433
251700,10087.615175920308,27.901134975414873,23.08658637668055
251760,10085.725753436782,27.90027781602221,23.086842332493877
251820,10085.595550967102,27.899566866463765,23.087029219421897
251880,10102.670567670593,27.898811659952983,23.08713177005223
251940,10112.508140911566,27.89789173028025,23.087122513815743
252000,10121.918740138872,27.897095681988322,23.086924294795146
252060,10125.792610767588,27.896318203821536,23.086564465802546
252120,10134.014297235259,27.89536224297305,23.086089232758326
252180,10122.63468099381,27.89403074663603,23.0855448
252240,10067.779921635458,27.89130984524002,23.08494219975152
252300,10055.036681527354,27.882479270311403,23.084090807058942
252360,10035.39158789285,27.86918318,23.08300447
252420,9986.424530851615,27.85427730260931,23.08174367437073
252480,9975.064225157952,27.840617392876442,23.080368882680602
252540,9973.597245051153,27.83020559094931,23.07890422791209
252600,9961.362174421944,27.819564129750994,23.077170066598306
252660,9957.619018618856,27.80920403964787,23.07520556639232
252720,9959.980773804067,27.800690049609006,23.073098668160377
252780,9939.898577314365,27.795586888603502,23.070937312768724
252840,9931.218071233694,27.794839812176274,23.068776294789036
252900,9952.164809,27.795162237990407,23.066475373352738
252960,9979.712435106765,27.79573988051381,23.06407862121917
253020,9958.140771958117,27.79648943327254,23.06167337565188
253080,9954.400528,27.797327589792697,23.05934697391442
253140,9964.648823753521,27.79818790379092,23.05714334156333
253200,9980.079771019307,27.799166150991756,23.054874618601612
253260,10004.923581282554,27.80036877,23.052633533218735
253320,10006.077967806395,27.80188853345641,23.05057260472085
253380,9993.532218352115,27.803818201473753,23.04884435241415
253440,9999.562577392557,27.806873407777765,23.047530593708373
253500,10025.319280452944,27.814408515024862,23.046289577048075
253560,10037.729194565798,27.824613840180458,23.045160180453756
253620,10064.490802870896,27.834730996113976,23.044272567450424
253680,10085.719457150612,27.842001595694878,23.043756901563096
253740,10066.843439043614,27.84445885,23.043694263984566
253800,10059.757728999179,27.84576819302541,23.043821244324484
253860,10077.655806324334,27.84680782465522,23.044055084800544
253920,10076.462030613453,27.847551552855887,23.044369729193303
253980,10076.304731970784,27.847973183332197,23.044739121283357
254040,10056.184319493315,27.84808519752636,23.045179713491436
254100,10041.523399107931,27.848136584450696,23.045922829449434
254160,10080.796673203426,27.848176080327235,23.046905003682493
254220,10095.16964501324,27.848203121196846,23.04800262436835
254280,10081.709876682586,27.848217143100456,23.04909207968476
254340,10056.498700111015,27.848034762742635,23.050076202270926
254400,10015.177742769154,27.84665715544451,23.05105348241229
254460,10024.833326752649,27.84453337762382,23.05204173737439
254520,10042.524340698556,27.842385529786263,23.053029564251776
254580,10045.958776999658,27.84093571243757,23.054005560139007
254640,10068.202977827483,27.84104879,23.054957194094317
254700,10098.918249624496,27.843803141310765,23.05587690654641
254760,10074.25544633827,27.848445096304626,23.05678264660736
254820,10070.742151474951,27.853951797169294,23.057695370820387
254880,10091.108828415308,27.859300384823193,23.058636035728725
254940,10068.338828778284,27.863826460939418,23.05962219
255000,10064.60536,27.869000517852054,23.060643057743597
255060,10086.484394271329,27.87434233805759,23.06169315519077
255120,10104.564011733766,27.878907215443355,23.062770350399088
255180,10116.164262380144,27.88175044389671,23.06387251320635
255240,10103.180484989656,27.882281927521838,23.06499998642793
255300,10074.690794981369,27.88234366646528,23.06616470102639
255360,10092.502776004636,27.88237838,23.06735992685199
255420,10106.652113646405,27.882411628815042,23.06857531407006
255480,10102.743590809834,27.88246896,23.069800512845973
255540,10100.750448283852,27.88265693044358,23.071028492368367
255600,10094.920127243662,27.88347147564026,23.072272810100657
255660,10098.072583518488,27.88481365,23.07353032229653
255720,10122.355175973757,27.886467250244515,23.074793693040938
255780,10119.707555511905,27.88821607909555,23.076055586418867
255840,10098.060878927907,27.889999028164716,23.07731519056101
255900,10088.198594573929,27.892517707091226,23.078601625793617
255960,10080.898846888738,27.895362989500097,23.079893723280435
256020,10088.098916889056,27.89790349615305,23.081160680491216
256080,10110.178325501156,27.899507847811844,23.08237169489573
256140,10117.765686006293,27.89948227502591,23.083504411297614
256200,10097.614203752079,27.897386513197894,23.08459438621632
256260,10058.155993589911,27.894155597904508,23.085643802925425
256320,10058.154347536158,27.890888064757384,23.086644903952546
256380,10073.164622182201,27.888682449368208,23.08758993
256440,10066.35734773302,27.88838104904074,23.088470554197375
256500,10050.84640983202,27.88888633,23.089285560213224
256560,10044.009206039866,27.88980956708659,23.090054341212827
256620,10049.591310822181,27.891039380678457,23.090798427866794
256680,10075.776865402595,27.892464373484355,23.09153935084579
256740,10090.76436222389,27.89424210508313,23.092299353847054
256800,10089.257902128023,27.89772574684602,23.093086345012544
256860,10077.343206366168,27.902131784572948,23.093873561193757
256920,10082.509561773724,27.906274487661108,23.094630858169467
256980,10106.14459577797,27.908968125507727,23.095328091718457
257040,10109.27371304313,27.909003889650737,23.095959351139395
257100,10098.149370775647,27.9058433,23.09663640761618
257160,10079.628138460166,27.900411978074093,23.097295002554684
257220,10062.98154699687,27.893772248667247,23.097835952442622
257280,10049.363025680448,27.886986445937335,23.09816007376772
257340,10022.88146,27.88065221733529,23.098204043481264
257400,10019.167258556085,27.872786161527333,23.098153463015983
257460,10021.496075801735,27.86424264727742,23.09805735989106
257520,10006.501674072997,27.856502833540375,23.09792296846452
257580,9984.858245326715,27.85104787927108,23.097757523094387
257640,9972.352474,27.84892274125838,23.097536784162955
257700,9989.654824117402,27.847958206778245,23.097074032745734
257760,9974.647428,27.847337654714508,23.09639521
257820,9957.280716628968,27.846728198182078,23.095570324692414
257880,9974.453354,27.845796950295885,23.094669412385645
257940,9975.691591819159,27.84377153602578,23.093730977195744
258000,9963.121369080121,27.838087883229825,23.09260365585277
258060,9961.090055649609,27.82994189397271,23.091303956984376
258120,9952.372647063568,27.821208145817895,23.089888935050663
258180,9921.528309921583,27.813761216328885,23.08841564451176
258240,9921.178755336412,27.80908030633183,23.086921828432395
258300,9918.121835779444,27.805564206800888,23.08532419177066
258360,9913.385868192907,27.802560878467784,23.08363454686526
258420,9923.666779337986,27.799834651120634,23.081888932818256
258480,9920.932454520915,27.797149854547573,23.08012338873176
258540,9897.673028530262,27.79437938887847,23.078368824847193
258600,9886.756556208196,27.791982159950358,23.076608233538067
258660,9907.353764811229,27.78972581,23.074823732408024
258720,9895.872277867631,27.78722929983132,23.073001787867927
258780,9888.455728603147,27.78411156490548,23.071128866328674
258840,9897.143512370216,27.77947127811117,23.06918919924698
258900,9884.656263,27.770485377422915,23.067167760891053
258960,9868.455962891156,27.759112275948517,23.065084975046087
259020,9830.120670030956,27.748140181891568,23.062966019843365
259080,9815.756707278853,27.740357303455667,23.06083607341419
259140,9813.987916077815,27.737717390030504,23.058706134587116
259200,9817.126055692528,27.736285297042137,23.05651472590429
259260,9819.370678001262,27.735143965429113,23.05429736961926
259320,9822.023789450977,27.734336083541283,23.052109544359116
259380,9836.938676,27.733904339728518,23.050006728750965
259440,9856.777026,27.734146438231093,23.048033423201815
259500,9881.739426740814,27.736416960477392,23.046146603392287
259560,9874.563451181803,27.739917293841376,23.044326298336237
259620,9872.071784364525,27.743457298531727,23.04256383466757
259680,9884.960213009628,27.74584683475716,23.04085053902019
259740,9877.744043493338,27.74540786666569,23.03917745407063
259800,9881.823427566775,27.73918991762285,23.03753986914463
259860,9854.106369209157,27.729604063740272,23.035944457950574
259920,9839.188249199702,27.71990956776608,23.034399047311112
259980,9827.799409786257,27.713365692448427,23.03291146404892
260040,9819.416334707206,27.712314271078583,23.03148944235929
260100,9822.576104942535,27.712501253790265,23.030131939069896
260160,9838.175672843667,27.71278951426658,23.02882478
260220,9837.732697621432,27.71308104176755,23.027552842818363
260280,9844.056975897782,27.713277825553224,23.026300975912548
260340,9846.589644263298,27.71297115162544,23.02505337555519
260400,9836.695155757345,27.710437420918232,23.023803293290538
260460,9826.829982058856,27.706531314231015,23.022569276756535
260520,9803.542967995798,27.702580937350877,23.02137247085939
260580,9808.162120324188,27.699914396064962,23.02023402050533
260640,9835.743078666517,27.69964853364883,23.01916535695591
260700,9836.901139779124,27.70097390212795,23.018122519672048
260760,9824.390856139822,27.703123713103473,23.01711848499731
260820,9808.621053386472,27.705516589241245,23.016179141362848
260880,9831.783353095372,27.707571153207134,23.01533037719982
260940,9876.190636934736,27.708857062923197,23.01459171777737
261000,9874.391748545508,27.709995696540943,23.013930947262356
261060,9874.797408,27.71103870678423,23.013327537846468
261120,9878.289704288523,27.711862162159516,23.012767376420836
261180,9872.269549447297,27.712342131173266,23.012236349876606
261240,9879.14612,27.711952571246663,23.011721845497544
261300,9891.716272246264,27.70849769888249,23.011226258668792
261360,9884.341200477425,27.703171521160904,23.010753881545572
261420,9857.599059,27.697784978750356,23.01030786502852
261480,9838.743427898182,27.694149012319336,23.00989136001829
261540,9817.408126663498,27.693711724831555,23.009504517393705
261600,9820.169457824752,27.69494769536736,23.009131999632555
261660,9842.946556646715,27.696959590868747,23.00877873691128
261720,9883.768779,27.699212791822017,23.00845386135659
261780,9883.915008576329,27.701172678713515,23.00816651
261840,9845.119397791103,27.70244489576604,23.007926657080517
261900,9852.564544686204,27.70360293,23.007736538938012
261960,9873.613597362966,27.7046765,23.007572383042174
262020,9886.319562553652,27.70553106723671,23.00740760963925
262080,9878.458285302058,27.70603210447402,23.00721563897551
262140,9863.082678526262,27.705520663216262,23.00697281234683
262200,9849.592851760264,27.701018388259275,23.006682135705766
262260,9850.794921996554,27.69373285761008,23.006346075756696
262320,9837.367692126423,27.68565748815011,23.005964539629982
262380,9809.092791290108,27.678785696760873,23.00553743445602
262440,9797.011873,27.674645682469134,23.005055791817064
262500,9768.220443338436,27.67134285396537,23.00446790122557
262560,9757.143530943431,27.66843377148937,23.003787118169136
262620,9773.508174315271,27.665991592231045,23.00303963689191
262680,9788.620174579186,27.66408947338035,23.002251651638066
262740,9802.997279063913,27.662730767580744,23.001424585236244
262800,9808.295157,27.661517720633473,23.000443587471974
262860,9793.361448722248,27.660456689175152,22.999380407940997
262920,9787.453952633781,27.659646416078417,22.99834302805869
262980,9792.409918333424,27.659185644215935,22.997439429240444
263040,9788.846002369073,27.65987879480122,22.996736399670443
263100,9820.218721638717,27.665794272918006,22.996049480060737
263160,9851.977193582421,27.675604573173796,22.99540858406316
263220,9855.73457,27.68694363805736,22.99489622
263280,9871.910095785151,27.697445410057483,22.994594900897578
263340,9930.819286722963,27.70543886061277,22.994580278581278
263400,9919.974035201041,27.71372761128009,22.994835326028614
263460,9918.596821321817,27.72188852650864,22.995294377692044
263520,9964.882260120083,27.728642192809414,22.99589379171996
263580,9957.945979743796,27.732709196693417,22.996569926260765
263640,9938.268657664477,27.733322850561237,22.997311494323977
263700,9940.053855269716,27.733191213666206,22.998383662330067
263760,9939.647329470248,27.732929906802635,22.999708098522454
263820,9943.552710626058,27.732545849692862,23.001133955075993
263880,9933.229720161618,27.732045962059257,23.00251038416557
263940,9919.848391152771,27.730664385698805,23.00371642887414
264000,9903.940440734663,27.724210684313103,23.004861759558022
264060,9874.989731,27.71465156348813,23.005980551664518
264120,9869.429659,27.70511084,23.007075204504243
264180,9852.397251820154,27.698712311370876,23.008148117387844
264240,9838.132573319435,27.69851300504888,23.00919726801545
264300,9841.666704997995,27.70503675461775,23.010202878777843
264360,9877.997417280956,27.715632602519225,23.011183448925177
264420,9890.916592467549,27.72745378950801,23.01216434152446
264480,9921.919500090713,27.73765355633887,23.013170919642747
264540,9947.902214765885,27.74407634590467,23.01422245556252
264600,9936.708114357578,27.749528730808784,23.015296258357914
264660,9935.727352580181,27.754456883392628,23.016393357056767
264720,9938.535938,27.75852313064133,23.017521920881684
264780,9943.007030681983,27.761389799540037,23.01869011905532
264840,9977.809455876151,27.762850144877664,23.01990614566529
264900,9981.908788,27.763672735567066,23.02117354618549
264960,9966.585244,27.764237666978676,23.022487782521996
265020,9954.027522141545,27.76478123722213,23.023843650086423
265080,9949.750184594983,27.76553974,23.025235944290433
265140,9957.816515,27.76683995987344,23.02666318282123
265200,9957.584056852766,27.769288640351622,23.028143086130584
265260,9956.337514838153,27.772571278961653,23.029668203570644
265320,9960.866042419471,27.776221907060517,23.03122587
265380,9967.463548,27.77977455600519,23.032803416331678
265440,9977.308082,27.782848147022822,23.034391741518412
265500,9975.009804360881,27.78574457530364,23.036005306307626
265560,9988.883796107817,27.788597719501702,23.03764308296195
265620,9991.165258560783,27.79145491617473,23.03929973883887
265680,9983.189264481774,27.794363501880444,23.040969941295923
265740,9990.283113923082,27.797312186343454,23.042644926759852
265800,9996.374562021678,27.800036267140772,23.044307609072227
265860,10006.372137579312,27.80274874810427,23.045979641214657
265920,10004.801675896011,27.805751262433127,23.047688723385747
265980,9998.445082196002,27.80934544332655,23.049462555784135
266040,10006.455371466789,27.814234570493397,23.051327649870743
266100,10007.796473962611,27.82257476607477,23.053287042330343
266160,10013.57658691703,27.832780068431685,23.05532307193938
266220,10046.082507066678,27.84261986940455,23.057417449891783
266280,10064.298262403829,27.849863560833814,23.059551887381495
266340,10067.566467917208,27.852860224155606,23.061712534677877
266400,10087.445605738323,27.854321190867477,23.063917526073787
266460,10071.170770285355,27.855310709198207,23.06617002893494
266520,10025.578599554885,27.856262175320897,23.068468191907975
266580,10028.15893374458,27.85760898540866,23.070810163639564
266640,10063.565132791842,27.8600245,23.073197872397763
266700,10096.281941018446,27.864994676535847,23.075649753635037
266760,10123.483856044235,27.87167786798565,23.07815372705782
266820,10126.70208176115,27.878839959781594,23.08069202098259
266880,10102.155649181217,27.885246834458332,23.083246863725847
266940,10091.644650119373,27.89003850028708,23.085815378371365
267000,10101.879961004921,27.89477117,23.088464006334462
267060,10122.443837844401,27.89927662189451,23.091146002263454
267120,10120.26501419613,27.902926737097477,23.093792756311178
267180,10103.972185348211,27.905093377594984,23.096335658630483
267240,10077.407000938625,27.904877705239745,23.09872337580615
267300,10070.99046563885,27.900784257200414,23.10102648091843
267360,10072.580790048416,27.894473624142705,23.10325303527575
267420,10054.035681297348,27.88809146898761,23.105391227730006
267480,10025.005742834956,27.883783454656182,23.107429247133133
267540,10012.950383049882,27.88356005792192,23.109362308998325
267600,10017.722509134846,27.88718644464221,23.111225733260266
267660,10046.553853785419,27.892777036167324,23.11301371093781
267720,10066.057997121676,27.898430989137747,23.1147111
267780,10064.600713179176,27.90224746019399,23.11630274775548
267840,10059.184515148178,27.90279757921444,23.11777757
267900,10039.959213933955,27.902217097286268,23.119157863465876
267960,10042.880220999747,27.90132220173365,23.12045921506397
268020,10045.577369068691,27.900417163806033,23.121693184316314
268080,10031.302911470973,27.899806254752917,23.122871330862047
268140,10016.710319546517,27.899779307533645,23.123998206849553
268200,10014.107713981695,27.90038721334861,23.125046055076538
268260,10035.442976063141,27.901505990966356,23.126040870368676
268320,10036.767276298195,27.90301014,23.127018974081395
268380,10032.704527300064,27.904774172539057,23.128016687570135
268440,10034.323515865291,27.907051491155055,23.12906502954967
268500,10051.522620154901,27.911769803628847,23.13014694498368
268560,10070.768964484267,27.91782980312183,23.131246906453306
268620,10078.561722867495,27.923564188041805,23.13235407677355
268680,10074.964712647885,27.92730566,23.133457618759426
268740,10073.004588333693,27.927767424180285,23.134557518000364
268800,10059.970477913186,27.926609571065725,23.135702365785626
268860,10056.630402621366,27.92454924525049,23.136855590258065
268920,10051.908065269654,27.921900525650834,23.137964499465927
268980,10030.09642979672,27.91897749118304,23.138976401457462
269040,10034.743089224525,27.91573833928847,23.13985795609262
269100,10033.316779203467,27.910485959284685,23.140696411693057
269160,10014.832807846156,27.904229139963775,23.141482545325868
269220,9977.614056,27.898499201136378,23.14218276363745
269280,9969.648535248141,27.894827462613137,23.14276347327424
269340,9971.948369569862,27.894321385997355,23.143212049132234
269400,9986.451487718734,27.894933202690417,23.14363570878383
269460,9994.579497252907,27.89587640524519,23.144019214004597
269520,9971.353883015538,27.896830297666458,23.144319489976947
269580,9977.294029375193,27.897474183959044,23.144493461883307
269640,9982.148146711417,27.89738008435921,23.144514241284803
269700,9975.497022711585,27.895803543792155,23.144468521615284
269760,9966.188664563582,27.893118286802164,23.144383379882516
269820,9963.782231619349,27.88987969630166,23.14426719079009
269880,9959.098184,27.886643155203117,23.14412832904159
269940,9952.071856481669,27.883808129106118,23.143957453769662
270000,9935.729791994856,27.88075551345569,23.143653837437146
270060,9910.123578479286,27.87756560720941,23.14323655990225
270120,9899.168434416286,27.874508847905883,23.14274952
270180,9911.555066579287,27.87185567308377,23.142236632669047
270240,9943.59551,27.869865882954073,23.141734290572366
270300,9944.470082,27.86850390098398,23.141212906980204
270360,9920.064651774102,27.86740756873298,23.140648336255794
270420,9912.574788507007,27.866197830628387,23.14002332706366
270480,9920.068448051703,27.864495631097565,23.139320628068337
270540,9904.238922796823,27.861028332129752,23.138511056280702
270600,9875.868960095724,27.850914523252637,23.13751901768307
270660,9856.877867105599,27.836974320041143,23.13637469571993
270720,9832.562003898003,27.823412262537314,23.135126994284327
270780,9820.379629359073,27.81443289078319,23.133824817269343
270840,9817.587518000171,27.812968644136095,23.132497673973404
270900,9815.312907,27.81296754750838,23.131060268353117
270960,9813.882957205633,27.812966950174552,23.129534013428074
271020,9830.779852562648,27.81296637154453,23.12796554647907
271080,9851.770305608707,27.812965331028252,23.12640150478693
271140,9859.293944021256,27.812955353998177,23.124872706126194
271200,9865.217335,27.812884998036903,23.123314571373346
271260,9874.717065122217,27.812754016154205,23.121746653719597
271320,9871.654539811783,27.81257313380098,23.12020885
271380,9860.892740537474,27.812353076428163,23.11874105294004
271440,9854.179888,27.812083096734167,23.117374956717523
271500,9849.492508118376,27.81162265507056,23.11607739595284
271560,9881.557156509418,27.810944905015738,23.114833358899826
271620,9879.301421,27.81005057212293,23.11363635092014
271680,9860.896889347161,27.808940381945387,23.112479877375485
271740,9850.605612639734,27.807418950010863,23.111363708288728
271800,9803.835473641091,27.804346076434413,23.110314390030005
271860,9791.137690716561,27.800018555893736,23.10930692184087
271920,9798.108640274988,27.795016808593783,23.108306792347435
271980,9813.785576314862,27.78992125473956,23.10727949017584
272040,9830.330747988493,27.78510328683973,23.106198780455163
272100,9835.699060560219,27.779692876816526,23.10509571538818
272160,9828.675115,27.77396328730504,23.103969554421212
272220,9818.809625370386,27.76845909758144,23.10280988955264
272280,9801.329756,27.763724886921917,23.101606312780874
272340,9779.989738952845,27.760237341074586,23.100351289601267
272400,9781.046956378312,27.75770744658033,23.099054095639236
272460,9783.546786481838,27.755616903242583,23.09770786614055
272520,9787.650417559353,27.753487605278643,23.096301972766426
272580,9785.115785274715,27.75084144690586,23.094825787178124
272640,9776.443322116655,27.74701719,23.09326527
272700,9789.567216877776,27.74088002908025,23.091597545585724
272760,9799.680439438456,27.73331429748977,23.089837301228087
272820,9790.542968,27.725523232639645,23.08800516308078
272880,9741.139339946672,27.718710070926925,23.08612176
272940,9728.739280593152,27.713701526836577,23.084184731864998
273000,9712.054092418224,27.708888731246784,23.08208834582752
273060,9703.109464,27.704391797741653,23.07990729650474
273120,9719.005252004485,27.700793194621003,23.077750474868708
273180,9718.875298,27.69867539018469,23.07572677189153
273240,9705.064701041358,27.699228512563113,23.073901214786737
273300,9707.710643250442,27.705909193658023,23.072083433749597
273360,9727.713845,27.716626035325955,23.07033144359393
273420,9759.909119726857,27.72832139,23.068760869840773
273480,9814.217228,27.737937621960864,23.067487338011187
273540,9827.112178343412,27.74320270888004,23.066583063722664
273600,9828.900250399061,27.747428706547836,23.06582659384346
273660,9842.559281640906,27.751152059607566,23.06517449382634
273720,9856.204446029704,27.75401088108523,23.064634933581704
273780,9853.772441358336,27.755643284006876,23.064216083019947
273840,9837.893049324759,27.75495037,23.063921179346945
273900,9806.318600818018,27.747868421392216,23.063709551740626
273960,9780.088467539756,27.73670502470813,23.063543295730042
274020,9758.269392937815,27.724911157270647,23.063388977222417
274080,9751.505536102191,27.71593779426609,23.063213162124967
274140,9746.91879,27.712384547980804,23.062989798248008
274200,9743.986870252145,27.71051327112219,23.062744228265768
274260,9743.360613879035,27.709118933447325,23.062473935487308
274320,9735.614273160305,27.70793211460204,23.062167820375706
274380,9746.566271862492,27.70668339,23.061814783394055
274440,9764.901590033403,27.705088397559003,23.061389926037194
274500,9786.027634896089,27.703019958779546,23.060812885219644
274560,9793.094180579134,27.700840373617087,23.06012266320805
274620,9776.248723420977,27.698963880599745,23.05937967576625
274680,9749.811583014776,27.69780471825566,23.058644338658116
274740,9746.192575265053,27.698014865942028,23.057958220593477
274800,9762.249422169918,27.700968414143237,23.05724540099034
274860,9793.703434359273,27.705596036499184,23.056523837740965
274920,9802.002855625444,27.71042860236623,23.055835217394414
274980,9794.175100478284,27.713996981100767,23.05522122649977
275040,9803.011848566635,27.715201966694902,23.054700680297472
275100,9829.725395,27.715695616644084,23.05416809645477
275160,9812.829574,27.716025103915474,23.053662203682205
275220,9793.674080053524,27.71633073378959,23.053252942885727
275280,9792.023253430554,27.71675281154701,23.05301025497133
275340,9788.520752870772,27.71752505258803,23.052974202999525
275400,9798.888319650448,27.719173746040905,23.05298383082846
275460,9795.472348483188,27.72127981084505,23.053002538535402
275520,9809.108065034841,27.723268250271722,23.053029390237487
275580,9820.541192137696,27.72456406759221,23.053063450051877
275640,9803.471966,27.724620282340105,23.05311673703244
275700,9803.085120157792,27.723475803794134,23.053266284378974
275760,9806.779669424439,27.72171142714232,23.05349850649982
275820,9792.841363822627,27.719927053777404,23.05378142544571
275880,9787.385264563947,27.71872258509216,23.054083063267402
275940,9791.368160517975,27.718681094707218,23.05437754035741
276000,9785.308395583996,27.71996674873887,23.054690427794558
276060,9787.159346082473,27.722307217755052,23.055039181983407
276120,9795.533564976098,27.725409837217924,23.055435357932087
276180,9808.068413184752,27.72898194258967,23.05589051064874
276240,9832.527958,27.733015969890744,23.056422049142945
276300,9841.131970035265,27.739041852834493,23.057076163279802
276360,9836.348030336627,27.74677211455974,23.057857104794316
276420,9843.707485915536,27.755528628196004,23.058760735400377
276480,9877.112177284855,27.764633266872856,23.059782916811915
276540,9912.058777773722,27.774020499644816,23.060949600586763
276600,9919.863756293456,27.786461520675847,23.06243218067178
276660,9932.480578877088,27.80004879003583,23.064182356796888
276720,9938.389311476405,27.811973639041142,23.066108373991476
276780,9960.251934235062,27.81942739900817,23.06811847728496
276840,9973.756288648008,27.820138887026218,23.070156989719596
276900,9977.200328634055,27.816407810004755,23.07238146693189
276960,9960.186672650028,27.809878681908376,23.074750417475975
277020,9911.718114,27.801680677412058,23.07717538393178
277080,9880.664975186124,27.792942971190808,23.079567908879262
277140,9843.443245642375,27.78395719075091,23.081889991352263
277200,9825.186130816435,27.770904005673245,23.084360422269686
277260,9800.402030912503,27.755975539948235,23.086850980636267
277320,9744.708000001425,27.742565197986934,23.089162284505385
277380,9746.648372221005,27.734066384200446,23.09109495193042
277440,9760.979569572704,27.733001372224415,23.09253380478064
277500,9764.862106,27.735319768364427,23.09388020940132
277560,9764.303393435335,27.73941770755109,23.095102241770125
277620,9759.617111,27.74463705521786,23.096060857833585
277680,9780.698395113857,27.750319676798217,23.09661701353826
277740,9809.930245635196,27.75643351354016,23.09664719
277800,9819.032071884285,27.76591399431817,23.096218567034327
277860,9819.472216268685,27.77702810441938,23.09547666012228
277920,9821.414309504216,27.787130908374976,23.094559855030106
277980,9847.775208776024,27.79357747071617,23.093606539100183
278040,9849.271746,27.794100632780445,23.092697594756302
278100,9853.115679,27.79022668822082,23.091585553695737
278160,9863.539021008524,27.783983756820934,23.09035930151673
278220,9845.638011990304,27.77711454219036,23.08918410664504
278280,9818.691985567018,27.771361747938695,23.088225237506443
278340,9832.034351163511,27.768062319452092,23.08759353475486
278400,9831.479253248113,27.765546531980533,23.08703874848755
278460,9829.014114878079,27.763374966642573,23.086545618795196
278520,9822.641181331113,27.761555952269482,23.08616452868318
278580,9815.539137416527,27.760097817692568,23.085945861156908
278640,9794.379493755205,27.759011795492732,23.08591712774503
278700,9783.566550964493,27.758259877189353,23.08594761849918
278760,9792.083407,27.75767800227136,23.085994624338575
278820,9805.226683,27.757089549575344,23.086042162922645
278880,9812.093885694228,27.756317897937947,23.08607425191085
278940,9780.377336530004,27.755030442873974,23.08607659271167
279000,9748.644674336021,27.752368634896854,23.08605234616346
279060,9759.033122,27.748990630766745,23.08600782
279120,9783.938271335297,27.745810003858683,23.08594814075754
279180,9782.945169,27.743740327547727,23.085878408115775
279240,9784.273793,27.74352068447995,23.08579329385738
279300,9786.623998024857,27.744428453348082,23.085638374335574
279360,9784.952996,27.74599050422874,23.085437813260818
279420,9786.465274,27.74790394393068,23.08523104491722
279480,9797.764681929104,27.74986587926269,23.08505750358892
279540,9797.227817050622,27.75167957516505,23.08494538754651
279600,9807.893921997722,27.753787910010644,23.084846271601712
279660,9829.172989851593,27.756068264696033,23.084756794561493
279720,9827.680782477926,27.75826143581863,23.084686871408785
279780,9821.383090596937,27.76010821997588,23.084646417126528
279840,9824.317475967064,27.761415947253525,23.08465278151817
279900,9824.014505921974,27.762484420479563,23.084753751314636
279960,9834.913647,27.763410809320977,23.08493371585999
280020,9843.157987223514,27.764218793308515,23.085165600111058
280080,9830.697832814749,27.764932051972952,23.085422329024702
280140,9825.575004,27.76555592807769,23.085689121542565
280200,9832.180304,27.766019285526095,23.08602659441815
280260,9834.686465541672,27.766405009164114,23.086432071226255
280320,9804.222904905622,27.76682407227142,23.08688723320471
280380,9807.881835,27.767387448127756,23.087373761591365
280440,9830.896757374134,27.768325215120605,23.087881434692076
280500,9834.673224259099,27.770332722612757,23.088448558101312
280560,9803.295921997666,27.773052705753507,23.08906987674606
280620,9791.210596909066,27.77594128915972,23.089729683606897
280680,9835.599234691264,27.778454597448302,23.090412271664448
280740,9842.604919704008,27.780204587611717,23.09110970551179
280800,9849.801009,27.78184489740643,23.09185651346928
280860,9863.401051251732,27.783369356376134,23.092638598663022
280920,9875.410077708422,27.784584888383204,23.093431288507315
280980,9869.2674,27.785298417290054,23.09420991041648
281040,9830.311347490548,27.78532385309677,23.094960625574544
281100,9820.296082283912,27.784655235598716,23.09572935187866
281160,9823.587644291652,27.783478121634737,23.09649515323983
281220,9836.493718146281,27.781987332504166,23.097222425081874
281280,9834.607034106724,27.780377689506388,23.097875562828655
281340,9831.084438649195,27.778694673448975,23.098434046014276
281400,9831.024919329848,27.776246674862165,23.09896773832849
281460,9814.567080159419,27.77340721134527,23.099465324317727
281520,9802.397725542909,27.770763457940163,23.099896015134576
281580,9801.897770071744,27.768902589688746,23.10022902193165
281640,9790.536289373507,27.768225310475255,23.10044246481266
281700,9800.94405,27.767830379022616,23.100587294906067
281760,9810.650913179365,27.767514198182734,23.10069874408701
281820,9801.688112449854,27.767289491727194,23.100803114589716
281880,9801.078838743035,27.767168983427595,23.100926708648437
281940,9802.115397619154,27.767688572239347,23.101090733016843
282000,9805.672981827209,27.771806635182454,23.10127995232593
282060,9817.910031951176,27.77848548958481,23.10149676095976
282120,9836.333890400936,27.785917839505988,23.101749350022203
282180,9855.307328309122,27.79229639,23.102045910617157
282240,9860.521704728511,27.796166045084956,23.102404189283053
282300,9863.008375633148,27.798907779172588,23.102886850819853
282360,9860.714007,27.801209526522882,23.10348469053484
282420,9854.837588626966,27.803400487995674,23.104174536319107
282480,9863.052842309702,27.80580986,23.104933216063763
282540,9867.916626530112,27.808700448377788,23.10575255714218
282600,9868.123120870538,27.811846310392696,23.10671192503835
282660,9869.525893632243,27.815228453913956,23.107806085837723
282720,9858.981431329408,27.818901607818145,23.109010132202496
282780,9876.614909049043,27.822920500981837,23.11029915679488
282840,9902.880804,27.827634876518236,23.11166577459251
282900,9925.221113015123,27.834491964551813,23.113197269439162
282960,9943.785599303936,27.842240690903406,23.11486951533709
283020,9944.753626590797,27.84916049479673,23.11663439990823
283080,9944.838934636577,27.853530815455553,23.11844381077454
283140,9949.622745374561,27.85403665024536,23.120266254517826
283200,9947.698075512963,27.852628217388727,23.122171738865006
283260,9913.247201347025,27.850456917580054,23.124144013941148
283320,9898.715000752167,27.848261009160012,23.12614562891082
283380,9898.187621,27.846778750469312,23.128139132938617
283440,9888.151958078799,27.84659021386584,23.130100742800618
283500,9882.927762683516,27.847058044325713,23.13208685124134
283560,9884.736897293857,27.84794951385286,23.134077444197043
283620,9904.335256546852,27.849200464225543,23.136034635386412
283680,9913.702462970548,27.850746737222064,23.137920538528153
283740,9904.922749501444,27.85312113871457,23.139702542988957
283800,9918.367619596163,27.859524962711493,23.141399985641637
283860,9919.167285230644,27.868441330198063,23.143037507925754
283920,9922.731421260152,27.87746255328973,23.144635629513424
283980,9951.600708286624,27.88418094410196,23.146214870076758
284040,9961.473763889544,27.886859661076826,23.14779917070407
284100,9965.611863136852,27.888541445585123,23.149409227528643
284160,9976.408770657039,27.889917815434636,23.151007975517064
284220,9980.802122295661,27.890914712314068,23.152550792648647
284280,9961.321395,27.891458077912166,23.153993056902717
284340,9930.345250306003,27.89087072991917,23.155308666801005
284400,9915.005271718152,27.885854390166646,23.156581322341584
284460,9925.766369800658,27.878001795993956,23.157793105260858
284520,9925.649783813518,27.86981559340562,23.158902032295682
284580,9881.072321,27.863798428406195,23.15986612018292
284640,9872.122438747843,27.861804496827027,23.16066795877181
284700,9882.170106501571,27.860927159559573,23.16142989289217
284760,9884.286167,27.86029916668476,23.16212961387116
284820,9880.775516322883,27.859774665137344,23.162712099394593
284880,9870.000783,27.859207801852076,23.163122327148308
284940,9876.735227153871,27.858495558149848,23.163332212750195
285000,9872.014908481444,27.857807725460006,23.16348904389693
285060,9860.434157008542,27.85711032490339,23.16361826620875
285120,9859.649252075842,27.85631621396234,23.16371239468907
285180,9856.474047189155,27.855338250119246,23.16376394434131
285240,9837.296377492463,27.853992903945116,23.163752012667292
285300,9836.130436,27.851719899746026,23.163595945866934
285360,9835.497309103524,27.848810432729046,23.16332151177553
285420,9820.854016954994,27.845706685123822,23.162974530169446
285480,9820.717564723274,27.842850839160086,23.16260082
285540,9829.220282613296,27.840531952554414,23.162225313631964
285600,9849.435182,27.838109356082022,23.161752736979004
285660,9844.485759974385,27.835746239784143,23.16120848068581
285720,9837.622581,27.833801861852372,23.160645560462818
285780,9826.187349693439,27.832635480478313,23.16011699202046
285840,9831.321112614805,27.83281031923271,23.159660923027857
285900,9840.259799596352,27.835461412124378,23.15921704855778
285960,9836.796602855971,27.83954844933128,23.158789565058406
286020,9835.176822,27.843681807322533,23.158400625329847
286080,9840.984493030903,27.846471862567288,23.158072382172264
286140,9858.408963295915,27.84680946090111,23.157814789481872
286200,9845.322219281205,27.845902556630296,23.15756772540295
286260,9827.246337060007,27.844504434554096,23.15734172429099
286320,9829.999823756298,27.84309046674223,23.157163468498016
286380,9833.519297812889,27.84213602526444,23.157059640376094
286440,9832.941789835719,27.842216531057783,23.157054724429727
286500,9827.236920819603,27.844063920512937,23.15714349510654
286560,9844.823906939462,27.84713766418243,23.157305147085502
286620,9885.456052244797,27.85070949514304,23.15751952526112
286680,9879.497103273614,27.85405114647159,23.15776647452795
286740,9881.217176287892,27.856555425784173,23.15804322460722
286800,9888.195333343589,27.858645829586624,23.158444806306267
286860,9863.642203256672,27.860599998345634,23.158962135802042
286920,9855.666425941356,27.862579625046006,23.159562843501863
286980,9869.876733679248,27.864746402672594,23.16021455981308
287040,9893.579931165568,27.867234539972593,23.160897860459617
287100,9898.625105324329,27.86996790245639,23.161675990144285
287160,9897.059245,27.872942613942303,23.162550976565075
287220,9894.049505300623,27.876184242708938,23.16350880962757
287280,9895.770274414543,27.879718357034946,23.164535479237358
287340,9919.535777350831,27.88382801038587,23.16562927975718
287400,9932.990895086827,27.889769408940943,23.166853217839115
287460,9932.038522726249,27.896469024695822,23.168189140442266
287520,9931.972590325178,27.90244558714302,23.16960181740988
287580,9941.138639591876,27.906217825775087,23.171056018585215
287640,9944.516986176204,27.90678744690499,23.17253048900607
287700,9942.262954464924,27.906536677851264,23.174085584950063
287760,9937.427256754965,27.906054651277294,23.17570292486235
287820,9937.995988900188,27.905371315967574,23.177345803964787
287880,9925.182860615681,27.90451662070664,23.17897751747925
287940,9924.103862659442,27.90328296952271,23.180585197686074
288000,9948.690517878289,27.900268169157716,23.182273199366733
288060,9943.320288833665,27.895727519911034,23.18397515640636
288120,9909.034604430211,27.890253240374662,23.185590542982677
288180,9875.011674056139,27.884437549140642,23.187018833273388
288240,9844.379391282348,27.878573842188104,23.18821299766208
288300,9819.294753,27.871321482760553,23.189421249246035
288360,9807.205225,27.863207377653428,23.19056196252596
288420,9789.917585,27.855164906127932,23.191481102684364
288480,9776.326547154255,27.848127447445304,23.192024634903806
288540,9766.161941583643,27.842829640041714,23.192081755172115
288600,9775.511996275793,27.83843564877246,23.191865016265776
288660,9783.437902613929,27.83455018127909,23.191460888309454
288720,9767.454595632385,27.83098431986724,23.190908535780153
288780,9751.162790308412,27.82754914684259,23.190247123154908
288840,9734.960169651713,27.823977442069907,23.189409973320195
288900,9733.066719376213,27.819855025148094,23.187813019481485
288960,9734.273709919553,27.815723062200295,23.18563537365082
289020,9727.147451665578,27.812266415571763,23.18320823450182
289080,9724.439085539436,27.810169947607804,23.180862800708123
289140,9734.567125450052,27.81047354132271,23.17885078883871
289200,9759.483512795923,27.815174727170998,23.176867217454717
289260,9774.427469260118,27.82242227460281,23.174901567494615
289320,9766.354798159586,27.82975196273086,23.17303529353803
289380,9779.179440003343,27.834699570667873,23.17134985016462
289440,9815.372173053536,27.83539610472533,23.16990160861729
289500,9823.272131545593,27.834450606858532,23.16857462419382
289560,9838.053302096494,27.83277900412334,23.167351463248497
289620,9828.701061929109,27.83064931,23.166244163155014
289680,9790.201708355145,27.82832954685757,23.165264761287062
289740,9780.343741902185,27.82583133405602,23.164418584274678
289800,9777.178827407752,27.82195187154135,23.163663716464512
289860,9770.808359272054,27.817401518573586,23.162982706592633
289920,9766.352547201144,27.813264190406553,23.162365837103227
289980,9762.235664454734,27.81062380229408,23.161803390440515
290040,9759.183759458501,27.81023058983568,23.161289890080802
290100,9760.473165932843,27.81044472455045,23.16083859603275
290160,9764.865138,27.810774843705964,23.160428882133953
290220,9784.736684,27.811108704295037,23.160033764356037
290280,9787.056541353533,27.81133406331053,23.15962625867067
290340,9767.573701380985,27.811178505174414,23.15918663022283
290400,9760.216276821015,27.809663346043163,23.15874307
290460,9736.234570068362,27.807091948436828,23.158292192001557
290520,9722.092089820324,27.80400797463507,23.157821846794143
290580,9734.152092455533,27.800955086917597,23.15731988384799
290640,9756.615501637001,27.79841833109402,23.156778701732463
290700,9748.931163899502,27.796235096637766,23.15621444
290760,9737.159721938546,27.794067048216853,23.15561294991482
290820,9729.649714456304,27.791612326814143,23.154953726821276
290880,9726.037055535266,27.78856907,23.15421627872174
290940,9718.189688173727,27.784051719643887,23.153363721022945
291000,9691.755626705824,27.774960845364348,23.152300108983766
291060,9679.588115642671,27.763465608094908,23.15108256700896
291120,9666.076163227082,27.752658477569454,23.14979455431475
291180,9649.855852114482,27.74563192352188,23.148519530117394
291240,9656.269620350939,27.745241848816793,23.14731576144635
291300,9680.739892860054,27.75084191858448,23.146082330352574
291360,9697.092106,27.759604501965054,23.144840254848695
291420,9709.657590040768,27.76873170660185,23.143641987062338
291480,9734.387902213939,27.77542564013826,23.142539979121146
291540,9756.954470305685,27.777604929921306,23.141559450755214
291600,9765.196488910406,27.778483001144224,23.140576644472457
291660,9762.365121,27.779076489035777,23.139637890254445
291720,9763.908901,27.779609428071094,23.13882655
291780,9755.152797258477,27.78030585272533,23.138225995184367
291840,9751.471317511921,27.781367489482513,23.137883591049874
291900,9760.204413424874,27.782786406942208,23.137611197753753
291960,9753.849003161384,27.784548815822717,23.137381479272186
292020,9749.299818197329,27.786659678153608,23.137210939699834
292080,9762.215907653463,27.789123955964484,23.137116083131392
292140,9777.447182,27.792089621865223,23.137138745719337
292200,9781.844494087632,27.796367540393007,23.137435820253646
292260,9779.041809467431,27.80167741573624,23.137967000287126
292320,9796.354532843676,27.807528670515246,23.138654418709006
292380,9822.120618192785,27.813430727350394,23.139420208408534
292440,9821.534642531187,27.819233137862152,23.140230237801486
292500,9824.620740423834,27.826434738750372,23.141302521599215
292560,9847.129656,27.834059667948917,23.14260326668519
292620,9848.878193004206,27.84064155337185,23.144040906536205
292680,9855.943000772106,27.84471402293325,23.145523874629074
292740,9866.376813232155,27.845261621951487,23.14698078790854
292800,9859.277676438465,27.844574108150173,23.148490746564374
292860,9862.923963744286,27.843514207723814,23.150073182709455
292920,9867.139023711821,27.84244229482567,23.15172537845973
292980,9847.34967,27.84171874360903,23.15344461593116
293040,9856.619490096684,27.842591499866298,23.155235728347023
293100,9872.867344121783,27.85007903379166,23.157137347674766
293160,9882.168428991545,27.861858345904814,23.159128498678687
293220,9913.558034612448,27.874255923358042,23.16117694401104
293280,9925.233526,27.88359825330364,23.163250446324085
293340,9919.523942,27.887190680694925,23.165333725350912
293400,9918.377223358666,27.889374310838157,23.16750024692421
293460,9928.312651,27.89116170341318,23.16971090698786
293520,9925.816236686704,27.892456493248737,23.17190300949378
293580,9910.320577832095,27.89316231517363,23.174013858393902
293640,9883.520093621575,27.892821336166975,23.175997843995983
293700,9897.689744,27.889495092090336,23.177924844207226
293760,9912.479046007062,27.88432599358549,23.179794499086405
293820,9891.117842537993,27.879013718300893,23.181586123445303
293880,9860.827972096746,27.87525794388501,23.18327903209572
293940,9839.677556651233,27.874301194130414,23.184883678314975
294000,9823.189787641028,27.874054691427023,23.186547374247994
294060,9822.701579,27.87390894386971,23.188167459609033
294120,9831.897678717252,27.873766354329522,23.189594499787137
294180,9838.685179,27.873529325677556,23.190679060171384
294240,9836.17135,27.87285356259329,23.191333247190684
294300,9835.156019486674,27.870256399153842,23.191871256510836
294360,9817.705498260128,27.866145977288568,23.192331320689448
294420,9778.353023064066,27.861293861681133,23.192676631474068
294480,9779.732558162872,27.856471617015195,23.192870380612273
294540,9769.106293684825,27.852323386116154,23.192873714448172
294600,9767.600808977599,27.84841009437141,23.192666661927323
294660,9784.332074,27.844448663847412,23.192291857444108
294720,9778.142519994908,27.840278241660673,23.191798693494245
294780,9755.522407,27.835737974927763,23.19123656257348
294840,9753.643517,27.830425036605753,23.190615068230237
294900,9738.637876536672,27.82312574944648,23.189724682469937
294960,9711.783327621408,27.814987625345456,23.188601966591975
295020,9702.186112545505,27.80755506576755,23.187337398904873
295080,9693.227310977842,27.80237247217764,23.18602145771716
295140,9693.328128057034,27.80047455120269,23.184710569828308
295200,9711.220280575439,27.79935916894443,23.183258691746218
295260,9721.110840111516,27.798467331757863,23.181705633320004
295320,9711.125473990276,27.797834221687992,23.180135371632925
295380,9705.710212,27.79749502077987,23.17863188376827
295440,9707.565558,27.797736776855093,23.17725403533762
295500,9706.393210935963,27.800037660109847,23.175899148225973
295560,9699.771215586472,27.803993324661658,23.174581335973436
295620,9700.579623,27.80883221158527,23.173345666179227
295680,9733.065475579511,27.813782761955455,23.172237206442613
295740,9780.568311,27.818460115323205,23.171264592654325
295800,9803.212199881153,27.824536855910736,23.17025473614914
295860,9816.447349572541,27.83117418956221,23.169291220264153
295920,9814.616254659433,27.83699976453093,23.168509497523743
295980,9808.939033968583,27.84064122907022,23.168045020452315
296040,9799.969120267504,27.84116543648456,23.16798145623652
296100,9784.077013334967,27.840735341592342,23.168046106020956
296160,9782.973357,27.839919689799494,23.168168632127777
296220,9787.32827,27.838781624014853,23.16833945948909
296280,9792.671643857884,27.837384287147284,23.168549013037033
296340,9789.099909374472,27.835246230139603,23.16883681505661
296400,9769.811706115388,27.82949869652937,23.169479136988397
296460,9747.197862,27.821655173621675,23.170392835814525
296520,9729.478779942083,27.814048030650852,23.17142378872884
296580,9728.667350220578,27.80900963685127,23.17241787292518
296640,9746.261158,27.80816439578931,23.173280398616107
296700,9740.215818306384,27.80813941640089,23.17425874581773
296760,9740.070306776932,27.808120599719334,23.17525715297832
296820,9739.523991,27.808107966012297,23.176101272963166
296880,9732.567915589001,27.80810153554749,23.176616758637596
296940,9741.308895131122,27.808455715639834,23.17669472744348
297000,9745.768703854468,27.811285539001656,23.17667692113298
297060,9741.547670719894,27.816197532902347,23.176649470169743
297120,9748.790612,27.822292733213743,23.176621708088668
297180,9777.114422839608,27.82867217580772,23.176602968424678
297240,9781.279725522698,27.834747920519025,23.17661702462137
297300,9783.908574348021,27.84184506849865,23.17675926285974
297360,9819.561116781108,27.849696690560208,23.177022648634143
297420,9842.615668628201,27.857640859440405,23.17737953395165
297480,9848.637984,27.865015647875957,23.177802270819367
297540,9841.650993,27.871212823952476,23.17830421
297600,9830.391636579516,27.87637845646881,23.179122010280047
297660,9833.026539949075,27.881086397099477,23.18023461180661
297720,9847.670372396835,27.885898375206537,23.181565070898376
297780,9876.248333484355,27.89137612015206,23.18303644291147
297840,9892.520903220753,27.898111804876162,23.184615221404623
297900,9902.653605042537,27.906475581815464,23.186524017023032
297960,9927.125717535995,27.916003598158024,23.18874476451296
298020,9957.428291,27.926139219315775,23.19120276969789
298080,9968.706979966766,27.936325810700666,23.193823338401316
298140,9977.135528195768,27.946526730728745,23.19657686524569
298200,10009.825266565855,27.959070893450534,23.19967866537618
298260,10021.655933952401,27.972245552669797,23.20305955
298320,10019.872751066807,27.98356745148539,23.206588795381816
298380,10030.971151760687,27.99055333299617,23.210135657931122
298440,10033.533268982623,27.99129916164819,23.21360342498263
298500,10010.139451158879,27.98868656909832,23.217125039127005
298560,9992.579503939745,27.984658885650745,23.220693159074244
298620,9980.730642402827,27.980585554109684,23.224259941902982
298680,9960.221642266364,27.977836017279394,23.227777544691868
298740,9969.935265758333,27.978141587305082,23.231217768776105
298800,9978.285349,27.983805182041703,23.234663508110806
298860,9975.559976518285,27.99253641982146,23.238080973022537
298920,9976.302621393505,28.001366613828402,23.241410138512663
298980,9993.006349277759,28.007327077246615,23.24459097958257
299040,9999.350378759053,28.00818013290714,23.24757942915762
299100,9994.549205617139,28.007227923062246,23.25044428106545
299160,9998.469472553064,28.00575995599211,23.253197015837525
299220,9982.979528549407,28.00427535159212,23.25583079231024
299280,9960.943018074295,28.00327322975769,23.25833876932002
299340,9950.914589,28.003330036129185,23.260714705295875
299400,9955.588827209376,28.005082951603057,23.26296616330367
299460,9990.300878466262,28.008085887447095,23.265114400866395
299520,10003.848052664971,28.01173969182207,23.267181251770747
299580,9987.118215282262,28.015445212888807,23.26918854980341
299640,9964.514566037455,28.018883365848996,23.27115484122918
299700,9953.704708066078,28.02325301306579,23.273071275551498
299760,9955.639510830002,28.02798028,23.274933939344745
299820,9957.038263,28.032108532006365,23.276742145428813
299880,9971.775404452437,28.034681151429265,23.278495206623607
299940,9986.283227,28.034960137467067,23.280192615243045
300000,9974.351694760346,28.034013378075585,23.281836895438598
300060,9961.928106781394,28.03255381365553,23.283432847016716
300120,9950.63802,28.03107770713776,23.28498529674461
300180,9948.718600202856,28.03008132,23.286499071389507
300240,9960.842153715985,28.03012863579112,23.287985741188812
300300,9964.543981511202,28.031707085925586,23.289479095771625
300360,9951.791540390775,28.034140491578434,23.29094649576031
300420,9942.755580181098,28.036601476441543,23.29234419107713
300480,9956.758536791804,28.038262664206822,23.293628431644375
300540,9947.962388853079,28.03801115197421,23.294765904567164
300600,9913.951231,28.03408945339104,23.29580477266348
300660,9904.934967,28.028043596577042,23.296768405698863
300720,9888.791964474955,28.021929218529777,23.297669203102572
300780,9887.932399007082,28.017801956246853,23.298519564303884
300840,9908.418550780378,28.017599888144183,23.299331776348918
300900,9911.284334038606,28.021163467629215,23.30011090931947
300960,9900.371603071637,28.02665723285746,23.3008518
301020,9894.799958805857,28.032213262141923,23.301548546076393
301080,9926.072137102754,28.035963633795653,23.30219527361332
301140,9956.658584951532,28.036424288250714,23.302792077186467
301200,9949.433091902098,28.03518677046208,23.30336930143794
301260,9923.269526,28.03306178967127,23.303915736676636
301320,9894.757024649429,28.03046704,23.304411698866012
301380,9896.221132515002,28.027820212666818,23.304837503969548
301440,9907.061527,28.02533462,23.305181378954597
301500,9890.417201,28.022129345793715,23.30548443966699
301560,9897.370513109907,28.018639664722215,23.30575431731574
301620,9902.127317295817,28.015581950883735,23.30598915553365
301680,9886.071483,28.013672582078936,23.306187097953565
301740,9880.045286475919,28.01351001,23.306347533089593
301800,9884.090415,28.014554876755412,23.306480591821423
301860,9885.748665226683,28.016188063433624,23.30659514542054
301920,9895.134633048252,28.01788567026816,23.306698892151378
301980,9905.570509607038,28.019123800684977,23.306799530278376
302040,9909.087291207255,28.019521369301515,23.306906776276453
302100,9907.474727078768,28.01972232,23.307031884314164
302160,9910.366121313513,28.01988258555696,23.307157756388907
302220,9913.425669083752,28.019996091615297,23.307263293252618
302280,9898.450514422944,28.020056782145154,23.30732739565725
302340,9890.147359525608,28.019128837198505,23.30732012168792
302400,9891.241665280226,28.01212928946444,23.30718062317036
302460,9891.874183577615,28.00133848990005,23.30693222670218
302520,9873.951429109145,27.990425391889506,23.30661259420116
302580,9831.556342250944,27.983058948817025,23.306259387585087
302640,9814.72525,27.98184889594402,23.305882787668097
302700,9827.005623345241,27.981863935467718,23.305350285684877
302760,9820.784382942005,27.981894436677702,23.30471368698305
302820,9824.832662374072,27.981940297001497,23.30406318077973
302880,9836.566551988255,27.98200141386666,23.303488956292036
302940,9835.815976,27.98284270898239,23.303051309926083
303000,9846.213730965359,27.988705991060606,23.302621898619105
303060,9859.805122932576,27.997881317614365,23.302217478185753
303120,9879.154272573754,28.007524709975733,23.301892136648156
303180,9904.740066719376,28.014792189476818,23.30169996202845
303240,9900.571785900493,28.01759857841502,23.301674076528624
303300,9882.001228545741,28.01931097005494,23.301703855233704
303360,9879.225966941993,28.020713249849845,23.30176148157819
303420,9898.250926980794,28.021729440023833,23.301843809610595
303480,9906.739388534585,28.022283562801057,23.30194769337948
303540,9913.950384800632,28.02204656012251,23.302110993903934
303600,9920.744794,28.01967482806778,23.30256943468852
303660,9887.705814032432,28.01601846537188,23.303258757827845
303720,9863.945655277515,28.012320662977864,23.304055438438585
303780,9866.434744451617,28.009824611828826,23.304835951637465
303840,9873.271860885257,28.009422317262104,23.305507206631024
303900,9859.701087444457,28.00948431535346,23.30618636835312
303960,9855.566252089215,28.00957989,23.306873034191312
304020,9879.076144108647,28.00967655637757,23.307531200017245
304080,9882.700745,28.009741804223285,23.30812486170258
304140,9867.622592025233,28.009700165077177,23.308623059023994
304200,9874.265142674274,28.009308779537587,23.30904731934549
304260,9871.506335209984,28.008705402995197,23.30942891766776
304320,9872.187481,28.008095188033348,23.30979556
304380,9880.951877970248,28.007683287235423,23.310174958088993
304440,9838.463341869008,28.00810537745503,23.310586676490693
304500,9827.589254072345,28.011841823106646,23.310998530478564
304560,9841.742600920006,28.01783806387214,23.31141718177229
304620,9857.339135007853,28.02438654554932,23.31185940372235
304680,9899.701643948385,28.029779713936016,23.31234196967927
304740,9914.045252641097,28.032748720502454,23.31288694266712
304800,9913.447138169207,28.03514124341365,23.313527598318217
304860,9910.234579344864,28.037252242279923,23.31423480335468
304920,9915.142749,28.038874815430262,23.314969887078618
304980,9920.678849178308,28.03980206119369,23.31569417879217
305040,9916.136746772743,28.039463963951683,23.31638147680781
305100,9909.303380524554,28.035880060381537,23.31708233
305160,9901.346621031005,28.03029226,23.31778358227388
305220,9881.423775254118,28.024512451004917,23.318456222026516
305280,9862.450436566007,28.02035251878076,23.319071256342184
305340,9870.396362848947,28.019125572537597,23.31960847895504
305400,9891.413391371208,28.01856846824357,23.32010744211085
305460,9894.671519780493,28.01812875164171,23.320572118309958
305520,9895.998957019608,28.017820189473436,23.320996066874695
305580,9883.581902,28.017656548480158,23.321372847127407
305640,9876.829929,28.01773798852115,23.321695565227603
305700,9897.754467,28.018576637009833,23.32196534
305760,9892.713598901757,28.020044524745558,23.322203531447386
305820,9858.660412024918,28.021888173128197,23.322433476457785
305880,9861.120817131716,28.023854103557643,23.32267853013646
305940,9869.703687488018,28.025753267115505,23.32295455880631
306000,9876.239191226334,28.027862744924164,23.323232041415046
306060,9887.951790443518,28.030245545137173,23.323520837497334
306120,9885.176357773506,28.032892085340226,23.323840396987958
306180,9891.694164804749,28.035792783119053,23.324210169821725
306240,9893.618424219094,28.038944100502874,23.324655066268875
306300,9892.874679,28.042413682147764,23.32521805033981
306360,9894.495833580666,28.046294579568837,23.325888400111104
306420,9922.198592736924,28.050676664354185,23.326646405308633
306480,9945.169762710802,28.05564980809196,23.327472355658283
306540,9954.836038283303,28.06180929145154,23.328356897368923
306600,9985.712671101677,28.071691798618403,23.329355857994756
306660,9990.867899,28.08331281267735,23.330474507436293
306720,9989.690856160842,28.09389160274532,23.331705158754257
306780,10001.475920939756,28.100647437939315,23.333040125009376
306840,9997.077293683458,28.101674116299353,23.334487616196302
306900,9981.177014299516,28.101277080558646,23.336135211561572
306960,9984.386728794376,28.10066499342664,23.337958614359806
307020,9989.218587605534,28.10004596915297,23.339910904564384
307080,9984.054823714829,28.099628121987298,23.341945162148704
307140,9986.630271,28.099606292958015,23.34403520162873
307200,10013.506829758417,28.10000883069495,23.346274297431776
307260,10012.496205772775,28.100791423789925,23.348636212149408
307320,9997.958706028132,28.101915397668616,23.351067308052784
307380,9988.297105245774,28.103342077756775,23.353513947413102
307440,9992.029164560774,28.105751721142713,23.35593204195465
307500,10025.868757371096,28.11321199523631,23.358355509372693
307560,10046.602127043885,28.124396260341058,23.360801316604356
307620,10058.823797168036,28.136928034594053,23.363276850866104
307680,10064.196429810741,28.148430836132416,23.365789499374404
307740,10070.729129032194,28.157092547236488,23.368346
307800,10073.541752805062,28.165119739587908,23.370945461528247
307860,10077.274958378557,28.17273725610993,23.37358442519996
307920,10081.177550560966,28.179525585971867,23.376259769683305
307980,10081.468325255984,28.185065218343095,23.378968378375248
308040,10087.37476139784,28.189158051217216,23.381715937280493
308100,10083.887400947428,28.19292906430539,23.38454367848808
308160,10083.32695865058,28.196305697681925,23.387416960952365
308220,10081.60016,28.198929079103564,23.39028750529401
308280,10084.429261902094,28.200440336327063,23.39310703213368
308340,10084.372113538719,28.200494160543336,23.395842178599942
308400,10084.960936843028,28.19919733128192,23.398553736566164
308460,10085.159053074549,28.19719808430757,23.401230132827774
308520,10060.347177765949,28.19517617869731,23.40384116854591
308580,10046.474039481249,28.193811373528188,23.406356644881743
308640,10045.824808647469,28.19385874678852,23.408761314577674
308700,10059.68074808361,28.19589053740276,23.41112261
308760,10063.265188621637,28.199022831960654,23.413416041286343
308820,10054.729772600916,28.202190626645752,23.415596908302344
308880,10057.645703199953,28.204328917641636,23.41762050695805
308940,10043.981020007377,28.204543430226856,23.419473259661384
309000,10027.760289895095,28.20341295784525,23.42130262273274
309060,10026.655819554153,28.201343226498174,23.42304633708402
309120,10027.75877814892,28.198579064845134,23.42459859299468
309180,10021.004338280694,28.195365301545657,23.425853580744178
309240,9990.179977445492,28.191318272400636,23.426758205593604
309300,9980.818507106715,28.18326565718042,23.427580173078237
309360,9980.350144217635,28.17303691421094,23.428311660719665
309420,9974.208133001846,28.16340210520177,23.428877443772937
309480,9946.774107,28.157131291862505,23.429202297493116
309540,9921.879795857552,28.156160365997568,23.429243730611592
309600,9916.799482533232,28.156493789681754,23.429182192233952
309660,9911.407994,28.157079204295936,23.429066377532237
309720,9915.722560006512,28.157817772179122,23.428906267115163
309780,9935.322457562554,28.158610655670337,23.428711841591454
309840,9951.726910225962,28.15943848825535,23.428458747951293
309900,9952.149089134975,28.160667129565756,23.427951505191984
309960,9940.121893675376,28.162084011502113,23.427236739904792
310020,9940.986735447992,28.163361941187382,23.426409978075416
310080,9949.593924160325,28.164173725744554,23.425566745689583
310140,9930.666437249547,28.163578278463003,23.424778246362745
310200,9923.129258,28.157976358589362,23.423948538440783
310260,9916.958525,28.148763228008516,23.423077108352913
310320,9876.785106226353,28.138261594019948,23.422192011937398
310380,9864.154430196175,28.128794163923164,23.42132130503251
310440,9861.357580392612,28.122085164188718,23.420492689683176
310500,9834.642792272687,28.115743978863534,23.419710218688742
310560,9831.070860731408,28.109724742343612,23.41894417427768
310620,9856.052736325728,28.10468430427863,23.418162448570005
310680,9856.671764151113,28.101279514318293,23.417332933685728
310740,9852.581042412183,28.09989472172748,23.416425439709602
310800,9845.468084865313,28.099063571311824,23.415439026315326
310860,9830.150603734231,28.09842520989608,23.41439185513315
310920,9823.034871890386,28.097941768359156,23.413301959774632
310980,9829.588881,28.09757537757997,23.412187373851364
311040,9850.101006918143,28.097283051394495,23.411042425663698
311100,9864.057621832073,28.097013046910646,23.40975862041462
311160,9884.726201882924,28.09677745650923,23.408420027232662
311220,9890.344034429045,28.096597875090794,23.407146504535532
311280,9871.278906998941,28.0964959,23.40605791074096
311340,9864.095614151884,28.097516035736692,23.405226048008046
311400,9902.701636,28.105253285586553,23.404429299379572
311460,9896.111754013804,28.117181358010896,23.403695618969238
311520,9888.833678215366,28.129244618260213,23.403114278198718
311580,9936.851857027395,28.137387431585026,23.402774548489713
311640,9946.65291,28.13863073,23.402731936045956
311700,9919.193345675123,28.137866304043474,23.40280594
311760,9914.212951828595,28.136545278993204,23.40294194103654
311820,9915.150542637874,28.134916717929027,23.403124473867056
311880,9915.127607589699,28.133229687234543,23.403338061039033
311940,9919.240635735836,28.131700874068983,23.403599108208475
312000,9904.321263110673,28.13022062352401,23.404074352128774
312060,9884.359485617148,28.12863427161751,23.404691526513318
312120,9884.578975,28.12681145795949,23.405331827208425
312180,9896.449652101874,28.124621822159977,23.40587645006045
312240,9885.553061,28.12170245518369,23.406240734500326
312300,9840.87274,28.116781422142438,23.40657069056751
312360,9835.958870850396,28.11064098681254,23.406871793845802
312420,9856.194625,28.10442768428046,23.407108889829555
312480,9856.615299992558,28.099288049632687,23.407246824013168
312540,9851.529384135183,28.096083801427614,23.407246294946503
312600,9848.772462969402,28.093581964609132,23.407072734035857
312660,9848.978673882191,28.091439338544276,23.406762907672817
312720,9855.420502605155,28.08962910208416,23.40636284749064
312780,9841.989893279282,28.08812443407991,23.405918585122595
312840,9823.320803394683,28.08686385151066,23.40544531332778
312900,9818.453775371503,28.085637827860747,23.40479208429855
312960,9823.016236422018,28.084522221576435,23.404004815209614
313020,9838.764806,28.083645526850805,23.403171701456138
313080,9845.836397629466,28.08313623787695,23.40238094
313140,9839.925517,28.083413947473435,23.40168670191153
313200,9844.448135848657,28.086159583348245,23.400946221769203
313260,9828.639564521312,28.09068721955703,23.400211247122286
313320,9830.831967,28.095871266861668,23.39957835839479
313380,9864.745748663987,28.10058613602405,23.399144136010765
313440,9888.802806676462,28.104004494075934,23.39896763124185
313500,9903.974212,28.10731808971237,23.39885409297188
313560,9934.064526120123,28.110497834791186,23.39876281
313620,9946.561107629803,28.113160264138447,23.398697695448853
313680,9929.743097573244,28.114921912580215,23.398662662796315
313740,9881.859146034938,28.115542576583035,23.39868659726286
313800,9882.475164657742,28.115797705540132,23.398920685384734
313860,9896.591224,28.115952278317092,23.39933643201837
313920,9875.754532,28.116107115255517,23.399869489481027
313980,9876.840340473602,28.116363036697038,23.400455510089987
314040,9908.699729842394,28.117189867741605,23.401057741686945
314100,9907.949686784177,28.120724051457245,23.401809146317085
314160,9911.290355850293,28.126213945784663,23.402701400526052
314220,9915.823912,28.132359533173258,23.403691132119018
314280,9927.239822,28.13786079607243,23.40473496890119
314340,9939.858099423769,28.14177963,23.405816774262735
314400,9900.512496678115,28.145589373924903,23.40706107199431
314460,9901.712336042927,28.14921819262055,23.40840846843124
314520,9929.986367612013,28.152159132085256,23.409761429212004
314580,9946.116693189648,28.153905243259274,23.411022419975108
314640,9949.840849770682,28.153188445299364,23.41212259934782
314700,9922.891579167277,28.14583138942959,23.413181445376246
314760,9904.855069188528,28.134489440165012,23.41419117698779
314820,9892.513114898265,28.123018945952204,23.41510913819446
314880,9865.994029333613,28.115276255237774,23.415892673008287
314940,9865.493529315874,28.114119955768853,23.416516245873225
315000,9865.456755,28.115052750590646,23.417067167002614
315060,9847.900352,28.116664850550702,23.417557609455415
315120,9857.459034559677,28.118652441627816,23.417979000719274
315180,9883.077982,28.120711709800812,23.41832276828188
315240,9885.350390694319,28.122592078889312,23.418581351737917
315300,9884.067524411395,28.124491947695045,23.418768601440465
315360,9873.032320714512,28.126538570347254,23.418918349857268
315420,9869.341483280503,28.12880765814775,23.419065152088642
315480,9892.989951,28.131374922398365,23.41924356323495
315540,9914.865652565615,28.134512684757826,23.41948600657377
315600,9951.785978235383,28.13922572957189,23.41979748945673
315660,9989.222432710876,28.144722312479804,23.420170230014737
315720,9988.774870393205,28.149897941544136,23.420597262399728
315780,9953.243359608088,28.15364812482751,23.421071620763662
315840,9929.404347934227,28.15521234626577,23.421600131619822
315900,9920.739958728267,28.15623240173255,23.422256189997164
315960,9917.113564579518,28.157064274280213,23.423012326225283
316020,9907.712491408854,28.157664996475727,23.423821139189847
316080,9918.875558,28.157991600886117,23.424635227776527
316140,9935.560436234357,28.157747317852806,23.42541506716533
316200,9935.573893429364,28.155568500374116,23.426187975063456
316260,9945.122718351802,28.152209542968123,23.426971437509962
316320,9941.846080034242,28.148812516532207,23.427775370389387
316380,9908.150124534968,28.146519491963776,23.42860968958628
316440,9907.505319,28.14661288692173,23.429478041421287
316500,9918.862624209396,28.15035239755351,23.43035441309009
316560,9931.010629613931,28.15681126605819,23.43125963714682
316620,9961.636699348708,28.164767343023545,23.432223685781132
316680,9972.496260015469,28.172998479037386,23.43327653118276
316740,9990.300733478902,28.180648108249144,23.434448097411174
316800,10004.84121679233,28.189223071226394,23.43575578850301
316860,9991.710549256075,28.198549099981932,23.43719699941258
316920,9992.137012000661,28.208002815797936,23.438767569824552
316980,10015.942905671858,28.216960839956624,23.44046334
317040,10045.384192451358,28.225160607506602,23.44229977639343
317100,10061.16845737529,28.234187525061447,23.44438397439703
317160,10077.472622140678,28.24316483113981,23.446674327192852
317220,10072.222557420302,28.250708433861288,23.44910045187476
317280,10072.659603033393,28.255434241345487,23.451591965536654
317340,10084.455297089286,28.256511215031043,23.45410937894431
317400,10093.880155915105,28.256854032912877,23.456786268075117
317460,10097.183262614506,28.25711649782425,23.459569979241948
317520,10081.590563229995,28.257295527319844,23.462366382031515
317580,10066.952505423296,28.25738803895439,23.465081346030566
317640,10035.00744,28.257051651984035,23.46764491265605
317700,10009.189063393911,28.254441381878443,23.470152924693966
317760,10012.910658373954,28.250417278809433,23.472605874840415
317820,10007.870066920248,28.246347568225463,23.47497582229953
317880,9995.180935084732,28.243600475575022,23.47723482627548
317940,10006.808228488322,28.243677117978443,23.479367330995988
318000,10024.43296493494,28.247626895348834,23.48143082756166
318060,10035.843286804362,28.25371603961176,23.48341422
318120,10026.54921724731,28.25987419570992,23.485290287331534
318180,10026.897594643706,28.264031008586045,23.487031781785635
318240,10030.809729382374,28.264611942587553,23.48862557599506
318300,10003.634178882443,28.26378797231583,23.490141358879683
318360,10003.800606434137,28.26234514530007,23.491570135933788
318420,10018.678240151035,28.260531833028335,23.49288448405718
318480,10013.549658415472,28.258596406988694,23.494056980149686
318540,9971.784410704031,28.256600123690824,23.495072379197357
318600,9943.051889,28.253688115395885,23.49599557833301
318660,9950.117383880357,28.250352330643253,23.496837817477083
318720,9956.691825778551,28.247353397817495,23.497595563016844
318780,9956.678515,28.245451945303206,23.498265281339584
318840,9974.478428383492,28.24528364049535,23.49885333960363
318900,9987.007121385552,28.246288204475935,23.499414496901018
318960,9981.434769372527,28.24783688290146,23.499932111456733
319020,9971.842172932758,28.24940311340584,23.50037531396194
319080,9976.033690181785,28.25046033362303,23.50071323510783
319140,9982.284440772662,28.250262596295965,23.50092489789591
319200,9980.594896263654,28.247485226881103,23.501067576901676
319260,9956.064488762471,28.24320351643199,23.501176753537003
319320,9949.687662,28.238873278852733,23.501277647688525
319380,9948.113527,28.235950328047462,23.501395479242863
319440,9949.291947314094,28.23584084791537,23.50154876125499
319500,9949.506400511262,28.23880170274208,23.50171360818423
319560,9943.457276549701,28.243945174659867,23.50189856509424
319620,9979.773180319553,28.250334964799755,23.50212054309446
319680,9996.716743830473,28.257034774292798,23.502396453294352
319740,10009.891577860168,28.263636091918347,23.502766817410055
319800,10015.878929767276,28.272480496963507,23.503381188534064
319860,10022.211855808591,28.28238575101283,23.504208293095374
319920,10058.481797090766,28.29143371379993,23.505182086462945
319980,10069.736114178542,28.29770624505847,23.506236524005754
320040,10087.33191747361,28.299917569805025,23.50734382898967
320100,10094.421085200733,28.30117315499551,23.508685210648736
320160,10047.047269347107,28.302172924179477,23.510202265764462
320220,10016.583047116657,28.30288004221285,23.5117845
320280,10022.72085901619,28.303257673951563,23.51332142453532
320340,10060.973371139606,28.30244914884632,23.51473456388605
320400,10063.352954270533,28.296003646869554,23.516151993411043
320460,10036.484217383404,28.28606699,23.517553765296782
320520,10006.05927184534,28.276017710629425,23.518880532269147
320580,9975.054258378723,28.269234354734255,23.52007294705407
320640,9960.748390443012,28.268147361658237,23.521091529093244
320700,9970.237088697448,28.268387488354303,23.52202887737563
320760,9978.180133,28.26883426083998,23.522892277119038
320820,9982.590257853131,28.269443263235665,23.52366508989331
320880,9986.846371395608,28.27017007966179,23.524330677268317
320940,9967.512665411266,28.271161998182375,23.524892102031746
321000,9961.963852142913,28.27340862578422,23.525450758718986
321060,9975.146208152872,28.276360195760013,23.525969341040007
321120,9997.964288021201,28.279178941895566,23.526382501323052
321180,9996.195304361072,28.281027097976732,23.52662489189638
321240,9979.087104748642,28.280916033905083,23.526660924758474
321300,9954.045608975506,28.277665863582275,23.52665344745923
321360,9945.845655,28.27208961307882,23.526638479497947
321420,9948.698222212375,28.26528931605408,23.526616280890945
321480,9936.791035930797,28.258367006167447,23.526587111654553
321540,9917.139301144158,28.252083045977773,23.526511503264548
321600,9913.836452645699,28.245043835884893,23.526149104435813
321660,9902.666676052335,28.237517823220745,23.525534966993312
321720,9871.031311293225,28.230200443865208,23.524760346986707
321780,9862.544904567323,28.22378713369817,23.52391650046565
321840,9879.800260620104,28.21869274,23.52305371185833
321900,9886.942636991169,28.21365594107755,23.521979678525792
321960,9852.050227416643,28.208933895368524,23.52072742827957
322020,9852.452281262984,28.20514667812632,23.51938326827136
322080,9854.581851544426,28.202914362186483,23.518033505652866
322140,9855.328572516166,28.202841956743118,23.51673533690927
322200,9877.785158444507,28.20492087065298,23.515369737929884
322260,9899.149914346577,28.208356396338722,23.513971386700256
322320,9911.611511482528,28.212304071362844,23.512612306121678
322380,9898.932238,28.215919433287873,23.511364519095455
322440,9880.131920315021,28.21850273472161,23.510263786612203
322500,9880.156758,28.220573601686507,23.509146968569745
322560,9903.658245404924,28.222456506965667,23.508076535201365
322620,9913.696448448627,28.224335675158244,23.50716420090695
322680,9914.808481,28.22639533086342,23.506521680086415
322740,9915.144939,28.228932510355197,23.506213699139508
322800,9910.222460745288,28.232533264255906,23.50599231187843
322860,9910.646346833048,28.236535324088315,23.50581088394759
322920,9946.083520432867,28.240079615411545,23.505679326862367
322980,9955.462662493679,28.242307063784722,23.505607552138194
323040,9922.694920743397,28.242395804512476,23.505622393754194
323100,9896.470470026721,28.24042165969567,23.505826046397058
323160,9903.380678335889,28.23737823434326,23.506186484949385
323220,9906.815115746498,28.234300316070343,23.506646394451067
323280,9905.465615143092,28.232222692492023,23.507148459942034
323340,9920.108931047846,28.232147384926584,23.507658496965995
323400,9931.978164,28.234296928836656,23.50828552
323460,9936.558321785855,28.238103906461266,23.50902168
323520,9938.155817483395,28.242966090187423,23.509829878500938
323580,9954.085573,28.248281252402148,23.510673015587976
323640,9957.384844,28.25404529420187,23.511523149359714
323700,9946.950842674665,28.263077117836037,23.512418490054294
323760,9957.718000975021,28.27371565337883,23.513366643164616
323820,9996.950164863967,28.28342702724194,23.51436488183875
323880,10023.747494685265,28.28967736583709,23.51541047922479
323940,10034.424091229721,28.29077314041149,23.51650369
324000,10036.479320726412,28.29086835690842,23.517661150729634
324060,10029.962874409977,28.290940283455214,23.518880881254365
324120,10013.596559020363,28.290988709311502,23.520156861735206
324180,9991.830268,28.29101342373696,23.521483068299712
324240,10005.787510361974,28.29089829222239,23.522866878728802
324300,9998.887758819623,28.28999562862364,23.524372768971848
324360,9961.029876077197,28.28855182386301,23.525954639681082
324420,9950.98249,28.28698448726571,23.527546021756855
324480,9971.290859288276,28.285711228156956,23.52908044609952
324540,9975.977891,28.285064733611488,23.530513737897767
324600,9977.635246962494,28.284694578481755,23.531938412904054
324660,9992.954853351224,28.28441862082194,23.533332145891364
324720,9985.456467939885,28.28414131,23.534644240297293
324780,9972.170846,28.283767095219492,23.53582399955946
324840,9983.735768786833,28.283107861247043,23.53683282087117
324900,9986.449356771933,28.281652645411622,23.537728474845455
324960,9955.521880979884,28.279772747056807,23.538543261662245
325020,9943.452988015526,28.277989616767314,23.53929702993975
325080,9941.189780065772,28.276824705127883,23.540009628296215
325140,9957.094163578868,28.277092836987965,23.540692894077313
325200,10013.10596058968,28.280589988384225,23.541315841278557
325260,10048.452080565332,28.286246168783943,23.541899182543624
325320,10032.856739771274,28.29250993439294,23.542474657962963
325380,10000.99256591899,28.297829841417045,23.543074007627048
325440,9978.670431105793,28.30097031135419,23.543720670493926
325500,9964.406357996353,28.303190685927092,23.544383101126623
325560,9979.782147548716,28.30504834,23.545065739534184
325620,9983.073410487814,28.306772508090994,23.54578304897103
325680,9985.311307049757,28.30859242306879,23.54654949269159
325740,9994.109151163793,28.310699604844093,23.547380595503352
325800,9996.011056,28.31296755,23.548288807325505
325860,10003.456076588842,28.31532023570377,23.54926522981596
325920,9983.335708562689,28.31771813104331,23.550298346481856
325980,9986.509531,28.320121722740137,23.551376640830377
326040,10025.475318308962,28.322484382133513,23.552494032918492
326100,10040.080501019205,28.324764493519584,23.553676600954343
326160,10044.25283807773,28.32703762160743,23.55492047274532
326220,10041.047835786276,28.329394808405347,23.556214702347283
326280,10031.633987805115,28.331927095921657,23.557548343816112
326340,10032.322472394717,28.334858470325656,23.558917926130945
326400,10038.57418234683,28.33884846,23.560357992036906
326460,10036.664930640865,28.343242853974026,23.561851627901078
326520,10023.398613684292,28.347168046283986,23.56337137405249
326580,10028.389296629373,28.349750446112196,23.564889770820184
326640,10055.500859631285,28.35040507188622,23.56638516655605
326700,10059.195721525157,28.350582108191375,23.56787911238949
326760,10062.034992634595,28.35068519967868,23.569375822764947
326820,10049.763187961948,28.350785830786407,23.57087312492478
326880,10029.46575267145,28.350955485952866,23.572368846111384
326940,10030.076493008206,28.351622298945138,23.573866898639714
327000,10047.774677713598,28.354745530923765,23.575395421202543
327060,10059.252676355027,28.35936101666385,23.576929529624504
327120,10059.449702015527,28.363964039644745,23.57843486606917
327180,10069.987373543992,28.36704988334582,23.57987707270013
327240,10047.277757764614,28.36739225982699,23.581245674268075
327300,10024.543335708182,28.366055361299036,23.58264818851704
327360,10018.451936225196,28.36363583249191,23.584021991945107
327420,10013.48551282681,28.360453135914494,23.58527030837549
327480,10003.750586158054,28.356826734075682,23.586296361631415
327540,9993.834769077046,28.35249596546998,23.587047294934973
327600,9981.137039,28.344591070269008,23.58773901864906
327660,9982.691750604008,28.334801039054298,23.58836036
327720,9960.064913074375,28.32567844121332,23.58884419254801
327780,9932.963381,28.319775846133574,23.589123382341924
327840,9932.769667627506,28.318954391895844,23.589160357010456
327900,9958.303578266386,28.32000121811005,23.589117714413412
327960,9973.733191396821,28.32188200406392,23.58903721040921
328020,9978.974554416533,28.324331959269283,23.588925494035855
328080,9976.401708088368,28.327086293238036,23.588789214331378
328140,9978.292188709012,28.330270656719854,23.58860472
328200,9980.618404251429,28.335788290605745,23.588203289417038
328260,9973.648931767802,28.342510027302488,23.58763975967804
328320,9984.773805935758,28.34872833870095,23.587012909040567
328380,9995.788357276873,28.35273569669202,23.58642151666589
328440,10006.404236483244,28.352606464695256,23.58592984784646
328500,10002.791325684799,28.346830659267052,23.585395352532593
328560,9968.178592973549,28.337926432727482,23.58486121319949
328620,9933.348576857923,28.328921289377856,23.58441516824734
328680,9929.332151,28.32284273351952,23.584144956076365
328740,9934.261379620455,28.32241060749032,23.584113456306515
328800,9930.072377513934,28.32677831422688,23.58420094802212
328860,9941.676505,28.333900090897703,23.584365741431288
328920,9985.759824557217,28.341899537478216,23.584593789992873
328980,10018.364370278485,28.34890025394386,23.58487104716576
329040,10030.881936260077,28.353521074167343,23.58523522
329100,10026.315693510594,28.357781510671828,23.58597941277054
329160,10011.963310280846,28.36175371890652,23.587027615919826
329220,9994.311818337948,28.364927800511012,23.58822976873673
329280,10016.980845397424,28.366793857124907,23.589435812984053
329340,10035.761750518051,28.366989763622524,23.590533556726147
329400,10036.034760648818,28.366288688237557,23.59167025829401
329460,10039.959183045901,28.365082500279787,23.592843332855914
329520,10048.993311386781,28.36360533166621,23.594005615457345
329580,10018.914303617124,28.362091314313858,23.595109941143846
329640,10002.572710676002,28.360663422484897,23.596123670350266
329700,9993.933691223327,28.358842696967844,23.597107711686967
329760,9960.734870931567,28.356854658737127,23.598055591875465
329820,9949.173516,28.355076811143494,23.598942946620298
329880,9964.986842,28.353886657537718,23.599745411626024
329940,9980.592183320961,28.353540083497705,23.60045599776188
330000,9969.784137852446,28.353426025001287,23.601158448267817
330060,9968.925992942086,28.353358911401358,23.60182082664834
330120,9974.761909483797,28.353291902737915,23.602386996061185
330180,9974.851034293184,28.353178159050966,23.602800819664097
330240,9977.105120218564,28.352727774943435,23.603031368447887
330300,9967.238592656351,28.35050472227819,23.603212284026885
330360,9957.940027795441,28.346895315357486,23.603363956645694
330420,9950.887465826454,28.342640697974325,23.603476021989085
330480,9936.603666522644,28.33848201392173,23.60353811574186
330540,9937.895104924119,28.334881990694885,23.603521698178998
330600,9939.107056575447,28.33068744682095,23.603317411074574
330660,9924.775554,28.326330341426157,23.60296025575958
330720,9900.445446566466,28.322608989764195,23.602512412002675
330780,9899.766156006015,28.320321707088794,23.602036059572537
330840,9913.782962070913,28.31999384768096,23.60157526403564
330900,9926.317619037143,28.320218075109473,23.601051716981594
330960,9942.712399945925,28.32056375362042,23.600461673973058
331020,9945.442670528637,28.32091334990821,23.599822946556426
331080,9930.170785709823,28.321149330667282,23.59915334627811
331140,9915.783886505436,28.320729658332425,23.59846132038945
331200,9922.609677576598,28.317303287403284,23.597704059394175
331260,9922.635516,28.31202104870239,23.596897193785495
331320,9907.117862550447,28.30667894329917,23.59606909
331380,9898.526177298705,28.303072972263084,23.595248094959533
331440,9882.887051,28.30252012167058,23.59445821969804
331500,9891.423819211679,28.302821421266138,23.593684864201254
331560,9900.340945532693,28.303285917497618,23.59291631975846
331620,9902.704270177877,28.30375568,23.592144868668314
331680,9902.761212,28.30407277095509,23.59136279322949
331740,9905.656385113047,28.30365772350409,23.590559527007127
331800,9920.288166,28.30016620356103,23.58971993
331860,9925.248468154523,28.29478352837799,23.58886487417395
331920,9906.192153,28.289339848187197,23.58802058805659
331980,9869.002539993884,28.285665313220907,23.587213282104344
332040,9872.873479087859,28.285319376247323,23.58646440011005
332100,9887.934619739899,28.28725126,23.585755545164297
332160,9900.560623494286,28.290229534979733,23.585075353340365
332220,9907.410385608691,28.29324156406466,23.58441713241363
332280,9896.177215040403,28.295274711825765,23.58377419015953
332340,9908.282730678333,28.29525165609628,23.58313931008128
332400,9912.584975080494,28.292579996973064,23.582508195104165
332460,9904.780153704605,28.288461253991613,23.581889412669923
332520,9877.974995027225,28.284295830885693,23.58129300848589
332580,9865.526085637526,28.281484131389096,23.580729028259412
332640,9870.036594649828,28.28106441977477,23.58020088358541
332700,9874.596603406933,28.281412955364353,23.57967780775006
332760,9869.180570822311,28.28203958934847,23.579173972483005
332820,9872.720947673572,28.28285662,23.578712851042436
332880,9884.170635,28.283776363124264,23.578317916686576
332940,9888.995472702738,28.28484297108269,23.578003953436134
333000,9902.516990714244,28.28670017274229,23.577727412072612
333060,9903.756093606482,28.288966267180996,23.577481121856266
333120,9878.144750517295,28.29106412157477,23.577268301017092
333180,9886.307776700993,28.292416603099593,23.57709216778511
333240,9898.791125466623,28.29240779312155,23.576950763834304
333300,9881.067554753388,28.29071823070335,23.576815508119005
333360,9862.956286782482,28.288113529642807,23.57669296166061
333420,9846.849942133036,28.285479307980882,23.57659694953979
333480,9858.830507525592,28.28370118375858,23.576541296837263
333540,9868.700425158924,28.28353981524633,23.57653530929165
333600,9859.540861,28.284519740655625,23.576553377894264
333660,9866.684686811011,28.286030435214975,23.576581233218164
333720,9868.474949,28.28755825135981,23.576609404242745
333780,9889.457231701246,28.288589541525557,23.576628419947426
333840,9897.970582246002,28.28828844889683,23.576621821446118
333900,9891.661608,28.28477056474621,23.57654471612742
333960,9885.266033229334,28.27934724538297,23.576412084938845
334020,9880.439703,28.27386246,23.576249706951312
334080,9863.342779975857,28.27016017926102,23.57608336123578
334140,9845.105535897264,28.269692802552647,23.57592576
334200,9861.881609805712,28.270844232210212,23.575720322074957
334260,9885.615988136142,28.272908979379437,23.575495600134307
334320,9888.287134097667,28.27559156672939,23.575298211894975
334380,9895.766972942862,28.27859651692917,23.57517477121452
334440,9882.394837120377,28.282041278307215,23.57516519762363
334500,9862.938958513634,28.287930356381203,23.575246008263782
334560,9854.055737530847,28.295072986096855,23.57539115561747
334620,9874.384747,28.301667674636708,23.575580154800367
334680,9918.697462089607,28.30591292918332,23.575792520928175
334740,9918.175953129587,28.306298463067563,23.576021493660217
334800,9899.333304551512,28.30407548052543,23.576336742235508
334860,9913.521825529506,28.300612481605317,23.576724449555876
334920,9902.833478711604,28.297036446795076,23.577152312307444
334980,9888.933309935785,28.294474356582583,23.57758802717638
335040,9903.829764,28.293741891006153,23.57800810035488
335100,9911.716331275258,28.293423611639685,23.578447669112634
335160,9906.682039304394,28.29317328187104,23.578904144372522
335220,9891.313792561094,28.292998179386693,23.57936433691336
335280,9887.095655713787,28.29290558187315,23.579815057513976
335340,9897.855209898757,28.293029302840527,23.580248750246717
335400,9890.632710336704,28.294052065106523,23.580689277016198
335460,9888.942335435477,28.295628798780434,23.581126310320105
335520,9903.412431721059,28.297223402499753,23.581541941131203
335580,9912.853508,28.298299774902002,23.581918260422285
335640,9904.937116895664,28.298304033997606,23.582240425452508
335700,9901.718929729406,28.297012672255853,23.582522318194588
335760,9897.390557159957,28.29502185424164,23.58277847
335820,9886.231916905299,28.293008473121855,23.58302082753666
335880,9878.678759688457,28.291649422063415,23.583261329881314
335940,9878.207104998153,28.291559946433665,23.583505097149942
336000,9878.559465657838,28.29265877685847,23.583722615906822
336060,9905.735078984935,28.294654371273893,23.583931466544175
336120,9915.669313243461,28.29729152,23.584158866593913
336180,9914.804857121417,28.300315007526475,23.584432033587994
336240,9907.323129886376,28.303979316806593,23.584785112910527
336300,9919.02597,28.310823070795845,23.585271698049514
336360,9932.313922072077,28.319366085879324,23.585871538381088
336420,9925.393828464354,28.327368367839295,23.58655252200347
336480,9948.672897307837,28.33258992245806,23.58728253701493
336540,9979.910735,28.33350360021432,23.588043164535154
336600,9981.086257852845,28.333575058475216,23.588899026817632
336660,9959.084070126402,28.333629024985374,23.589842697913667
336720,9953.093323165003,28.33366535026058,23.590849205584732
336780,9952.811082821901,28.333683884816647,23.591893577592355
336840,9953.068643947954,28.332972656023394,23.59296540617202
336900,9948.360564477109,28.32763841,23.594130263963077
336960,9919.129026409326,28.319414898253978,23.595356633070622
337020,9899.256565368807,28.311098189374796,23.596592700145827
337080,9880.021586637602,28.30548433321317,23.597786651839904
337140,9890.511998214128,28.30515515554653,23.59890187
337200,9916.025910110742,28.30981929089518,23.60000006733707
337260,9945.283020451474,28.317704411805273,23.601073251289296
337320,9962.036993403832,28.327104571607695,23.60209477
337380,9968.465600723433,28.336313823633358,23.603037991622625
337440,9967.129600332115,28.344260139001065,23.603874079724047
337500,9979.690950467218,28.353565517875243,23.604592729050076
337560,10003.272314095946,28.363267348061346,23.6052476
337620,9994.776661234606,28.371570830867146,23.605899343848566
337680,9993.991999043235,28.37668116760044,23.606608593868728
337740,9992.600054139548,28.377429265863547,23.60742431103435
337800,9986.817839311589,28.37704023162892,23.60830925045311
337860,9994.972627286676,28.376440479957964,23.609262221486766
337920,9979.612887187217,28.375833930950336,23.61029497689907
337980,9983.158882,28.375424504705745,23.61141926945379
338040,9989.224100738238,28.375797963569376,23.612659796512382
338100,9976.919332617545,28.37912525,23.61409213551361
338160,9982.934622660345,28.384357737751557,23.615677982900177
338220,10004.741822458273,28.389860899851257,23.617358795328954
338280,10021.680683195122,28.394000217512737,23.61907602945682
338340,10029.727209652921,28.39557723864084,23.620796313162376
338400,10032.638869930746,28.39652777073245,23.622627247119137
338460,10035.05354669624,28.397304659831946,23.62452464
338520,10024.902712008548,28.39786672912492,23.626410497771122
338580,10020.25469076363,28.398172801797017,23.628206832467686
338640,10005.19737344608,28.397930791899974,23.62985805443994
338700,9982.691018422236,28.395701905647915,23.631456788713134
338760,9960.033839965588,28.391988814475695,23.63299825872799
338820,9951.205966619957,28.387665282865335,23.634450615155433
338880,9953.224430476892,28.38360507529888,23.635782008666443
338940,9947.114771575265,28.380453759622434,23.63698793127738
339000,9927.598293,28.377314837106233,23.638199383120565
339060,9940.082687185932,28.374230411305163,23.639353290146204
339120,9945.083056,28.371514082595066,23.64034753598105
339180,9933.710542163048,28.369479451351825,23.641080004251897
339240,9938.185865070653,28.368339236747378,23.641492979975407
339300,9943.675258664012,28.36756973535884,23.64181940049003
339360,9927.125331501278,28.366971532726872,23.64209401
339420,9926.279631,28.366458003954662,23.64229746751649
339480,9933.508559225638,28.36594252414544,23.642410456480278
339540,9927.540986239892,28.36533344829767,23.642394420357302
339600,9941.103685255808,28.364588903507332,23.64213612
339660,9947.235907039303,28.36382635166887,23.641692886779843
339720,9942.865277983126,28.363180294592073,23.641152224667458
339780,9920.231381,28.36278523408676,23.640601638012672
339840,9907.700591070692,28.363140154472564,23.640093625656935
339900,9905.699518966374,28.366253086489973,23.639480493070806
339960,9917.947843451995,28.371052114474885,23.63881877690304
340020,9944.469735730441,28.375905532652286,23.638211469404606
340080,9965.313298511319,28.379181635247196,23.637761562826523
340140,9975.569125396629,28.379720440329997,23.63753767854164
340200,9990.247369540726,28.379719685523682,23.637372704679873
340260,9979.011316,28.379718521882282,23.63723515493328
340320,9977.152613670834,28.379717345052633,23.63713397716899
340380,9966.165082077467,28.37971655068164,23.63707811925415
340440,9951.005078398071,28.380104712738742,23.637130592068555
340500,9959.873301338164,28.383055379641558,23.637612283701824
340560,9972.965443140241,28.387756574065815,23.638443649885517
340620,9992.624495528027,28.39282364898352,23.63946661530042
340680,10004.230002690096,28.396871957366717,23.640523104627366
340740,9990.492425192939,28.398812162841086,23.641493167635502
340800,9996.744820200767,28.39988530412419,23.642528249812084
340860,9998.974126162195,28.400672503401378,23.643645785190433
340920,9981.805576905508,28.401447805252598,23.64481966810947
340980,9981.631629582589,28.402485254257833,23.64602379290815
341040,10000.262120315108,28.40415933324959,23.647239294106168
341100,10022.51091349882,28.40713147354299,23.64849603
341160,10033.458321281356,28.41100080962655,23.649793729865184
341220,10035.31832644781,28.415195174641987,23.65112349614665
341280,10016.73690166758,28.41914240173104,23.652476421770135
341340,10023.856505657393,28.422325193392215,23.653841842058444
341400,10026.298265237565,28.424890418873364,23.655210189279295
341460,10017.160780771115,28.427245401230454,23.656600659890888
341520,10040.899168849617,28.42977097683307,23.658036262007844
341580,10038.870584739057,28.432847982050816,23.65954000374485
341640,10032.474587834513,28.43712804912852,23.661134196206604
341700,10052.072198281343,28.44415783661858,23.662824325480624
341760,10055.572654724358,28.452821015856603,23.664598669877755
341820,10056.650775094136,28.46155545449699,23.66644473500744
341880,10074.153121877878,28.468799020194165,23.668350026479146
341940,10089.282320997123,28.47327945378779,23.670304456052307
342000,10081.106475666575,28.476217205481834,23.672319382964474
342060,10066.08431224243,28.478525052181492,23.674404865672663
342120,10070.862955998598,28.480841486858274,23.676568785885415
342180,10084.885505151005,28.48380500248373,23.678819025311277
342240,10083.789266021504,28.488424785731706,23.681170478314094
342300,10084.543032926449,28.49683157686051,23.68366223333196
342360,10132.222865468346,28.507338986928552,23.686266100488343
342420,10162.409733397026,28.517636658264088,23.688942479523117
342480,10154.61732907901,28.525414233195406,23.691651770176215
342540,10165.293415223297,28.529034345884767,23.694372028592365
342600,10177.135703875332,28.531593471649373,23.697178622859305
342660,10176.857309883006,28.53372821782058,23.700037837867598
342720,10157.601780600666,28.53529909733472,23.702892042274176
342780,10137.237098519452,28.536166623128135,23.705683604736006
342840,10125.56168,28.536176275257635,23.70837001069295
342900,10096.557468119558,28.535299881896435,23.71101145270617
342960,10086.823563472355,28.53394879673215,23.713606863412952
343020,10096.336750370294,28.532582398929044,23.716137263472227
343080,10098.744674708038,28.53166006765142,23.718583673542952
343140,10111.33974879012,28.53176065532669,23.720925712684842
343200,10140.268077183677,28.533798568335364,23.723155690451566
343260,10163.487723778302,28.537415017814883,23.72530840429226
343320,10167.291215128034,28.542046684721008,23.72742324971661
343380,10140.36156900719,28.547130250009545,23.729539622234327
343440,10130.835976784485,28.552419020828772,23.73168241155316
343500,10159.471281157872,28.559423274274145,23.733791706708924
343560,10182.451305494436,28.56771686905155,23.735889173560285
343620,10183.446355433063,28.57644636,23.738015484870743
343680,10181.12778876701,28.58475829004094,23.74021131340383
343740,10195.505629399946,28.591916310549504,23.742506911101547
343800,10216.99024933827,28.598304910550542,23.744864271660905
343860,10230.013676831893,28.604373121639842,23.74729183
343920,10238.580819204386,28.610474249869196,23.749810717051613
343980,10229.62395957064,28.61696160129044,23.752442045748563
344040,10213.384982921778,28.624503115909743,23.755219313160318
344100,10198.326321443206,28.634675644145272,23.758211489775302
344160,10210.84101829861,28.645744864863175,23.761356905607627
344220,10258.971241013689,28.65544116044768,23.764572806657284
344280,10272.04132104059,28.66149491328304,23.76777643892428
344340,10268.474237975828,28.661996735264406,23.77090594190429
344400,10237.106856085693,28.658605501974865,23.77404217999141
344460,10212.801251195599,28.653377432949004,23.77718262272526
344520,10192.643021010084,28.648090111157444,23.78030008453692
344580,10187.592597427043,28.64452111957084,23.783367379857516
344640,10182.029897687562,28.64462608225626,23.786371530347246
344700,10181.959616255595,28.649797866603876,23.7893744
344760,10198.15872114927,28.657770908635413,23.792344364171893
344820,10197.525272366569,28.66583431381804,23.795230077813507
344880,10222.269444311405,28.671277187618937,23.79798020863548
344940,10239.108109673462,28.67203084,23.800562497167366
345000,10228.934580387338,28.670922904256585,23.803061978904093
345060,10218.224870213902,28.669061811164024,23.80546598340734
345120,10200.953009914772,28.666865519550342,23.80773760889966
345180,10191.928095421294,28.664751990157814,23.809839953603607
345240,10179.700344888986,28.66311927238507,23.811800886270678
345300,10172.849254625624,28.66196072800138,23.81392884141209
345360,10177.042831034694,28.660903997478037,23.81600547735395
345420,10184.645881839617,28.659564690558533,23.81771461433529
345480,10168.236477362158,28.65755841698639,23.818740072595173
345540,10154.423995745745,28.540851487901378,23.815276050995987
345600,6149.900516,27.679806734602952,23.785914707886292
345660,0,26.330466865546807,23.733509647504608
345720,0,24.917463391374202,23.66585692702953
345780,0,23.865427822726428,23.590752603639665
345840,0,23.490602787770168,23.51186291811294
345900,0,23.310517767836245,23.408780758184044
345960,0,23.178721855202845,23.28443915097548
346020,0,23.068957828976778,23.1471916
346080,0,22.95496846826484,23.005391594519978
346140,0,22.81567071610715,22.864734750537608
346200,0,22.66988019646529,22.71413256
346260,0,22.52330568751551,22.555378984690737
346320,0,22.376152390597913,22.393585855709063
346380,0,22.22862550705258,22.233864995563426
346440,0,22.080443686261997,22.080024167595525
346500,0,21.929362385590828,21.92699075002938
346560,0,21.777333444099835,21.774943163482526
346620,0,21.627062748284104,21.62560233884798
346680,0,21.481256184638767,21.480689207018816
346740,0,21.341933830756002,21.341438899116557
346800,0,21.20631359031003,21.205797720676614
346860,0,21.074156243872533,21.073700234762924
346920,0,20.94601633271971,20.945658194440792
346980,0,20.822448398127804,20.82218335277553
347040,0,20.703889447810774,20.703679319619393
347100,0,20.589732718121844,20.589574385198624
347160,0,20.479441408721357,20.47933646
347220,0,20.37258555985225,20.37252977014837
347280,0,20.26873521175748,20.26871856
347340,0,20.167495025804417,20.167502681513746
347400,0,20.06884222097479,20.06886331905772
347460,0,19.972841280623445,19.972868279596415
347520,0,19.87953382506603,19.87956159820961
347580,0,19.788961474618176,19.788987309977106
347640,0,19.701137308277527,19.70116009835662
347700,0,19.61584872024358,19.61586423793921
347760,0,19.53294612629192,19.532951603297054
347820,0,19.452309560258218,19.452304750514266
347880,0,19.373819055978142,19.37380623567501
347940,0,19.297369860127745,19.29735337217436
348000,0,19.22294477299829,19.222927242643983
348060,0,19.150438754517005,19.150421793005822
348120,0,19.07972665,19.07971130191525
348180,0,19.01068329974341,19.010670048027656
348240,0,18.94319430262758,18.943183285584215
348300,0,18.87723958,18.877231846813093
348360,0,18.812790761343063,18.812786895394993
348420,0,18.749809541144966,18.749809367772635
348480,0,18.688257620827954,18.688260200388783
348540,0,18.62808600045581,18.628089742657973
348600,0,18.56920012040926,18.569203843948852
348660,0,18.511593746039072,18.511596710512627
348720,0,18.45527690901002,18.45527872045682
348780,0,18.40025964,18.40026025188899
348840,0,18.346547930047954,18.346547517313976
348900,0,18.294091638345822,18.29408988306467
348960,0,18.242809536027476,18.24280629815216
349020,0,18.192621395711633,18.192616873018718
349080,0,18.143446990017054,18.143441718106637
349140,0,18.095233773822304,18.09522860187621
349200,0,18.048071693371075,18.048067405971057
349260,0,18.00186297251115,18.001860034141046
349320,0,17.956471005938095,17.956469561479786
349380,0,17.911759188347506,17.91175906308092
349440,0,17.86761809897264,17.867618881617183
349500,0,17.824134753453748,17.824136360287184
349560,0,17.781305453770223,17.781307791966547
349620,0,17.739095842892112,17.739098712113947
349680,0,17.697471563789506,17.69747465618807
349740,0,17.656388091642217,17.656390976026863
349800,0,17.61578108398744,17.615783241363122
349860,0,17.575709035782783,17.575710160612022
349920,0,17.53624900422455,17.536249042106547
349980,0,17.497478046509066,17.497477194179716
350040,0,17.459448768089516,17.459447420372832
350100,0,17.422049183819155,17.42204753285036
350160,0,17.385268950571273,17.385267133908936
350220,0,17.349126901960705,17.34912506010855
350280,0,17.313641871602307,17.313640148009195
350340,0,17.27884157811821,17.278840141927585
350400,0,17.244758356278485,17.24475747846108
350460,0,17.21129615445421,17.21129598565283
350520,0,17.178341021109226,17.178341554311597
350580,0,17.145779004707396,17.145780075246165
350640,0,17.11352924931903,17.113530560018834
350700,0,17.08171766369201,17.08171900646128
350760,0,17.05030605465277,17.050307292648046
350820,0,17.019214621096562,17.01921566563453
350880,0,16.98836356191868,16.98836437247613
350940,0,16.957674725991065,16.957675286235798
351000,0,16.92713683529714,16.92713702722114
351060,0,16.89682415996517,16.896823922303764
351120,0,16.86681637542067,16.86681573694431
351180,0,16.837193157089168,16.837192236603446
351240,0,16.808000382906258,16.807999379333566
351300,0,16.779090565070153,16.77908964660909
351360,0,16.750513266387152,16.75051253870341
351420,0,16.722362891602693,16.722362403835564
351480,0,16.69473384546226,16.694733590224594
351540,0,16.667709242960452,16.66770917433659
351600,0,16.641245387872324,16.641245532625575
351660,0,16.615261308359358,16.61526167464537
351720,0,16.589682784312874,16.589683338889383
351780,0,16.564435595624243,16.564436263851047
351840,0,16.53948008255929,16.539480749673775
351900,0,16.514957933986377,16.514958484591546
351960,0,16.490782195196722,16.490782559164792
352020,0,16.466817891167594,16.466818046204242
352080,0,16.442930046876295,16.442930018520638
352140,0,16.41900462211299,16.419004472283017
352200,0,16.39511131932156,16.395111065945887
352260,0,16.37130378093463,16.371303440158055
352320,0,16.34761633203477,16.34761593145471
352380,0,16.324083297704608,16.324082876371055
352440,0,16.300706558230043,16.300706170027222
352500,0,16.277339739338903,16.277339455888896
352560,0,16.254087557061485,16.254087420760563
352620,0,16.23110272,16.231102733747544
352680,0,16.20853792231668,16.20853806
352740,0,16.186511443891764,16.186511651855618
352800,0,16.164885511681746,16.164885755764058
352860,0,16.143625331699226,16.143625590875267
352920,0,16.122733994690115,16.122734249339054
352980,0,16.102214591400354,16.102214823305257
353040,0,16.08209424088884,16.082094429816806
353100,0,16.06247904469076,16.062479155353866
353160,0,16.04323809053998,16.0432381
353220,0,16.024200851486498,16.024200767953406
353280,0,16.005196800580354,16.00519664331531
353340,0,15.986097544602716,15.986097354454069
353400,0,15.967065199646973,15.967065008294473
353460,0,15.94809816701917,15.948097995380113
353520,0,15.929145484465478,15.929145345033186
353580,0,15.910156189732097,15.910156086575919
353640,0,15.891060931813923,15.89106086426614
353700,0,15.87176259337456,15.871762576348587
353760,0,15.852399591797488,15.852399633006492
353820,0,15.833144982525251,15.833145077487833
353880,0,15.814171821000395,15.814171953040601
353940,0,15.795603812696697,15.795603953984273
354000,0,15.77724127285177,15.777241398343014
354060,0,15.759104232462963,15.759104327074043
354120,0,15.74127277192365,15.741272830206826
354180,0,15.723826971627215,15.723826997770852
354240,0,15.706848643799074,15.706848649474088
354300,0,15.69035382151699,15.690353810169096
354360,0,15.674223024660304,15.674222998454093
354420,0,15.65832446708015,15.658324429308554
354480,0,15.642526362627676,15.642526317711965
354540,0,15.626734164980165,15.626734118700679
354600,0,15.61109428,15.611094241884551
354660,0,15.595582224505236,15.595582194118334
354720,0,15.580127779649779,15.580127761090164
354780,0,15.564660736582763,15.564660728488192
354840,0,15.54911571219583,15.549115710861862
354900,0,15.53350070732064,15.533500711335908
354960,0,15.51787139815675,15.517871406591386
355020,0,15.502283105796954,15.502283117523909
355080,0,15.486791151334074,15.486791165029116
355140,0,15.471429924033625,15.47142993806742
355200,0,15.456112047469862,15.456112059681864
355260,0,15.440868856880474,15.440868865856544
355320,0,15.425759193934029,15.425759199201373
355380,0,15.41084190029912,15.410841902326265
355440,0,15.39616458266516,15.396164582661665
355500,0,15.381684165993041,15.381684164415118
355560,0,15.36737932850083,15.367379325641952
355620,0,15.353240163482882,15.353240159693495
355680,0,15.339256764233577,15.339256759921101
355740,0,15.325426942951777,15.325426938611253
355800,0,15.31178289377158,15.311782890044036
355860,0,15.298295600897708,15.298295598197704
355920,0,15.284924513963913,15.28492451242341
355980,0,15.271629082603967,15.271629082072334
356040,0,15.258378416790443,15.258378416892253
356100,0,15.245208855728693,15.245208856302538
356160,0,15.232120232808715,15.232120233749386
356220,0,15.219101145666317,15.219101146862405
356280,0,15.206140191937331,15.206140193271212
356340,0,15.193225069597846,15.19322507093275
356400,0,15.18034884707905,15.180348848217292
356460,0,15.167527266188182,15.167527267000258
356520,0,15.154778653153734,15.154778653599775
356580,0,15.142121334204216,15.142121334333988
356640,0,15.129567665756175,15.129567665690981
356700,0,15.117092709507887,15.11709270930215
356760,0,15.104701130743361,15.104701130432355
356820,0,15.092405100237942,15.092405099857165
356880,0,15.080216788766979,15.080216788352176
356940,0,15.06814662639596,15.068146625987218
357000,0,15.056187919427456,15.056187919083515
357060,0,15.04433225110961,15.044332250868672
357120,0,15.032572566845735,15.032572566718805
357180,0,15.020901812039146,15.020901812010036
357240,0,15.009315931762432,15.009315931793143
357300,0,14.997826748947547,14.997826749019929
357360,0,14.986426469567771,14.98642646967003
357420,0,14.97510315,14.975103150000196
357480,0,14.963844846137954,14.963844846267182
357540,0,14.952642062566872,14.952642062693016
357600,0,14.941503347112478,14.941503347217653
357660,0,14.93042966659257,14.930429666665098
357720,0,14.919419273875594,14.919419273912261
357780,0,14.908470421830003,14.908470421836075
357840,0,14.897580561996952,14.897580561984526
357900,0,14.886745159456222,14.886745159431477
357960,0,14.875968656534813,14.875968656501753
358020,0,14.865256902307742,14.865256902269898
358080,0,14.85461574585005,14.854615745810486
358140,0,14.844049402223915,14.844049402185707
358200,0,14.83355088710836,14.833550887076722
358260,0,14.823119676368629,14.823119676346991
358320,0,14.812757169130236,14.81275716911952
358380,0,14.802464764518724,14.802464764517325
358440,0,14.79224393150724,14.792243931511534
358500,0,14.782094742207331,14.782094742215504
358560,0,14.772013884681861,14.77201388469271
358620,0,14.76199771676981,14.761997716782233
358680,0,14.75204259631018,14.752042596323163
358740,0,14.742145894459291,14.74214589447177
358800,0,14.732311170502848,14.732311170513082
358860,0,14.722536723036521,14.722536723043376
358920,0,14.712819557857454,14.712819557860646
358980,0,14.703156680762797,14.70315668
359040,0,14.693545578119126,14.693545578117389
359100,0,14.683987522758763,14.68398752275586
359160,0,14.674482703938901,14.67448270393527
359220,0,14.665030810426874,14.665030810422895
359280,0,14.655631530990025,14.655631530986016
359340,0,14.646284278302216,14.646284278298484
359400,0,14.636987347685373,14.636987347682487
359460,0,14.62774141015962,14.627741410157943
359520,0,14.61854756418693,14.618547564186532
359580,0,14.60940691,14.609406908229955
359640,0,14.600320265546747,14.600320265547985
359700,0,14.591286215813733,14.591286215815256
359760,0,14.582303834556143,14.582303834557761
359820,0,14.573372473960955,14.57337247396254
359880,0,14.564491486215156,14.56449148621664
359940,0,14.555660406109594,14.55566040611094
360000,0,14.546879623575427,14.546879623576492
360060,0,14.538148149743899,14.538148149744597
360120,0,14.529464728400514,14.52946472840084
360180,0,14.520828103330784,14.52082810333082
360240,0,14.512237301699695,14.512237301699594
360300,0,14.503693095776585,14.503693095776459
360360,0,14.495194810780504,14.495194810780426
360420,0,14.48674141231817,14.486741412318182
360480,0,14.478331865996307,14.478331865996426
360540,0,14.469965282494163,14.469965282494385
360600,0,14.461641859728951,14.461641859729326
360660,0,14.453361376039672,14.453361376040226
360720,0,14.445123451299922,14.445123451300642
360780,0,14.43692770538332,14.43692770538415
360840,0,14.428773730172846,14.428773730173692
360900,0,14.420661061704998,14.420661061705763
360960,0,14.412589572032672,14.412589572033296
361020,0,14.40455918,14.404559184137977
361080,0,14.396569821001128,14.396569821001494
361140,0,14.38862137991783,14.38862137991817
361200,0,14.380713479052885,14.380713479053284
361260,0,14.37284566733883,14.37284566733933
361320,0,14.365017510313558,14.365017510314152
361380,0,14.357228573514973,14.357228573515611
361440,0,14.349478509739921,14.349478509740509
361500,0,14.341767407776468,14.34176740777691
361560,0,14.334094742867443,14.334094742867688
361620,0,14.326459866119137,14.32645986611918
361680,0,14.318862128637871,14.318862128637754
361740,0,14.311300997680847,14.311300997680647
361800,0,14.303776671067052,14.30377667106683
361860,0,14.296288778825634,14.296288778825426
361920,0,14.288836805609522,14.28883680560935
361980,0,14.281420236071668,14.281420236071536
362040,0,14.274038655269191,14.274038655269093
362100,0,14.26669222968429,14.266692229684248
362160,0,14.259380551978927,14.259380551978946
362220,0,14.252103082523728,14.252103082523805
362280,0,14.24485928168934,14.244859281689452
362340,0,14.237648637562486,14.237648637562593
362400,0,14.230470984472614,14.230470984472667
362460,0,14.223326306129932,14.223326306129911
362520,0,14.216214574287353,14.216214574287251
362580,0,14.209135760697794,14.209135760697635
362640,0,14.202089838189005,14.202089838188833
362700,0,14.195076627560141,14.195076627559983
362760,0,14.188095681238625,14.188095681238504
362820,0,14.181146529309691,14.181146529309617
362880,0,14.174228701858581,14.174228701858556
362940,0,14.16734178765283,14.167341787652854
363000,0,14.160485798203611,14.160485798203686
363060,0,14.153660547052983,14.153660547053114
363120,0,14.146865781388993,14.146865781389186
363180,0,14.140101248399713,14.140101248399965
363240,0,14.133366779143826,14.133366779144138
363300,0,14.126662556989443,14.126662556989832
363360,0,14.119988064974068,14.119988064974537
363420,0,14.113342657992268,14.113342657992805
363480,0,14.10672569093863,14.10672569
363540,0,14.100136598830332,14.100136598830883
363600,0,14.093575479798806,14.093575479799268
363660,0,14.087042304040867,14.087042304041201
363720,0,14.08053696251687,14.080536962517074
363780,0,14.074059346187177,14.074059346187305
363840,0,14.067609332551571,14.067609332551696
363900,0,14.061186696993225,14.061186696993422
363960,0,14.054791251776246,14.054791251776557
364020,0,14.048422823704405,14.048422823704843
364080,0,14.042081239581492,14.042081239582028
364140,0,14.035766371554908,14.035766371555491
364200,0,14.029478263662515,14.029478263663103
364260,0,14.023216550527435,14.023216550528007
364320,0,14.016980795036853,14.016980795037398
364380,0,14.010770560077972,14.010770560078493
364440,0,14.004585475087616,14.004585475088122
364500,0,13.998425638378457,13.99842563837895
364560,0,13.992290906282252,13.992290906282735
364620,0,13.98618105848675,13.98618105848722
364680,0,13.98009587,13.980095874680163
364740,0,13.974035163859837,13.974035163860286
364800,0,13.967998900689594,13.96799890069003
364860,0,13.96198688556942,13.961986885569843
364920,0,13.955998879741578,13.955998879741989
364980,0,13.95003464444834,13.950034644448742
365040,0,13.944093970799837,13.944093970800237
365100,0,13.938176838274211,13.938176838274622
365160,0,13.932283081182808,13.932283081183234
365220,0,13.926412496520824,13.926412496521257
365280,0,13.920564881283477,13.920564881283898
365340,0,13.914740084097838,13.914740084098204
365400,0,13.908938199476278,13.908938199476534
365460,0,13.903158938850442,13.903158938850565
365520,0,13.89740193860007,13.89740193860006
365580,0,13.891666835104907,13.891666835104811
365640,0,13.885953305209643,13.885953305209531
365700,0,13.880261364876247,13.880261364876183
365760,0,13.874590972446768,13.874590972446793
365820,0,13.868942046803788,13.868942046803921
365880,0,13.86331450682991,13.863314506830148
365940,0,13.857708266158454,13.857708266158776
366000,0,13.852123188089026,13.852123188089445
366060,0,13.846559132887045,13.846559132887563
366120,0,13.841015965098139,13.841015965098743
366180,0,13.835493549267953,13.835493549268616
366240,0,13.829991765665893,13.82999176566658
366300,0,13.824510568539258,13.824510568539937
366360,0,13.819049793977042,13.819049793977685
366420,0,13.813609255092796,13.81360925509339
366480,0,13.808188765000086,13.808188765000626
366540,0,13.802788202715867,13.802788202716352
366600,0,13.797407751905311,13.797407751905723
366660,0,13.792047092017711,13.792047092018041
366720,0,13.786705805488582,13.786705805488836
366780,0,13.781383474753465,13.781383474753657
366840,0,13.776079751921744,13.77607975
366900,0,13.770794797608225,13.770794797608382
366960,0,13.765528548279915,13.765528548280086
367020,0,13.760280862491278,13.760280862491465
367080,0,13.755051598796816,13.7550516
367140,0,13.749840608159285,13.749840608159435
367200,0,13.74464774924521,13.744647749245289
367260,0,13.739473009720747,13.73947300972074
367320,0,13.734316394086697,13.734316394086603
367380,0,13.72917790684387,13.729177906843713
367440,0,13.72405753657542,13.724057536575247
367500,0,13.718955134613001,13.718955134612845
367560,0,13.713870568569023,13.71387056856891
367620,0,13.708803721068472,13.708803721068406
367680,0,13.703754474736346,13.703754474736327
367740,0,13.69872274550462,13.69872274550463
367800,0,13.693708593405912,13.693708593405935
367860,0,13.688711807298663,13.688711807298699
367920,0,13.683732125706868,13.68373212570692
367980,0,13.678769287154516,13.678769287154601
368040,0,13.673823082855492,13.673823082855641
368100,0,13.668893638513909,13.668893638514154
368160,0,13.663980827374536,13.663980827374898
368220,0,13.659084457142379,13.65908445714286
368280,0,13.654204335522454,13.654204335523037
368340,0,13.649340302852533,13.649340302853188
368400,0,13.644492408707457,13.644492408708162
368460,0,13.63966054974343,13.639660549744171
368520,0,13.634844582299891,13.63484458230066
368580,0,13.63004436,13.630044362717086
368640,0,13.625259746575184,13.625259746575988
368700,0,13.62049063962959,13.620490639630413
368760,0,13.615737042355239,13.615737042356074
368820,0,13.610998963438847,13.610998963439682
368880,0,13.60627641156715,13.606276411567967
368940,0,13.601569395099096,13.601569395099869
369000,0,13.59687785453974,13.596877854540434
369060,0,13.592201622977075,13.59220162297767
369120,0,13.587540525209546,13.587540525210038
369180,0,13.582894386035603,13.582894386035992
369240,0,13.578263063588235,13.578263063588533
369300,0,13.573646621268562,13.57364662126877
369360,0,13.569044952237773,13.569044952237894
369420,0,13.564457907353454,13.564457907353493
369480,0,13.559885337473197,13.559885337473167
369540,0,13.55532713000181,13.555327130001736
369600,0,13.55078337164135,13.550783371641247
369660,0,13.546253919771678,13.54625391977156
369720,0,13.541738581986468,13.541738581986346
369780,0,13.537237165879414,13.537237165879297
369840,0,13.53274949678605,13.532749496785941
369900,0,13.528275567187984,13.52827557
369960,0,13.523815374892267,13.523815374892209
370020,0,13.519368902845956,13.519368902845928
370080,0,13.51493613399612,13.514936133996114
370140,0,13.510517051426906,13.510517051426907
370200,0,13.506111602556265,13.506111602556276
370260,0,13.50171967360373,13.501719673603747
370320,0,13.497341145787058,13.497341145787061
370380,0,13.492975900324023,13.492975900323994
370440,0,13.48862384,13.488623835044502
370500,0,13.484284955678625,13.484284955678396
370560,0,13.47995919240441,13.479959192404015
370620,0,13.475646455059454,13.475646455058918
370680,0,13.47134665348128,13.471346653480659
370740,0,13.467059721716122,13.467059721715524
370800,0,13.462785708950815,13.462785708950358
370860,0,13.458524484511022,13.458524484510772
370920,0,13.454275882513086,13.45427588251305
370980,0,13.450039737073363,13.450039737073489
371040,0,13.445815897637234,13.445815897637415
371100,0,13.441604358435322,13.44160435843547
371160,0,13.437405118913201,13.43740511891326
371220,0,13.433218165726315,13.433218165726275
371280,0,13.429043485530125,13.42904348553002
371340,0,13.42488067,13.424880665871996
371400,0,13.420727786360196,13.420727786360144
371460,0,13.416586538522361,13.41658653852239
371520,0,13.412459245958932,13.41245924595905
371580,0,13.408348232270265,13.408348232270464
371640,0,13.404255716670754,13.404255716671004
371700,0,13.400181622150422,13.40018162215072
371760,0,13.396123665018074,13.396123665018415
371820,0,13.392079475418784,13.392079475419152
371880,0,13.38804668349765,13.38804668349801
371940,0,13.384023419489921,13.384023419490232
372000,0,13.380011497628123,13.380011497628315
372060,0,13.376011179900905,13.376011179900942
372120,0,13.37202217358955,13.372022173589443
372180,0,13.368044185975366,13.368044185975156
372240,0,13.364076978476001,13.364076978475781
372300,0,13.360120708176288,13.36012070817614
372360,0,13.356175358926912,13.356175358926887
372420,0,13.35224085411484,13.352240854114946
372480,0,13.348317117127053,13.348317117127257
372540,0,13.344404081355732,13.344404081355961
372600,0,13.34050174304701,13.340501743047191
372660,0,13.336610049411002,13.33661005
372720,0,13.332728935125017,13.332728935125035
372780,0,13.328858334866386,13.328858334866371
372840,0,13.324998194124861,13.324998194124898
372900,0,13.321148516468737,13.321148516468924
372960,0,13.317309236158305,13.317309236158689
373020,0,13.313480272607906,13.31348027260848
373080,0,13.309661545231899,13.30966154523261
373140,0,13.305852984636946,13.305852984637683
373200,0,13.302054594284222,13.30205459
373260,0,13.29826632699479,13.298266326995352
373320,0,13.294488121906193,13.29448812190661
373380,0,13.29071991815598,13.290719918156267
373440,0,13.28696166540453,13.286961665404707
373500,0,13.28321336915452,13.283213369154584
373560,0,13.279474966329234,13.279474966329184
373620,0,13.275746379313661,13.275746379313512
373680,0,13.272027530492796,13.272027530492583
373740,0,13.268318353220138,13.268318353219913
373800,0,13.26461885279777,13.26461885
373860,0,13.260928985813097,13.260928985813017
373920,0,13.257248695516472,13.257248695516495
373980,0,13.253577925158265,13.25357792515836
374040,0,13.249916625485877,13.249916625485994
374100,0,13.246264790820742,13.246264790820835
374160,0,13.242622372902728,13.242622372902774
374220,0,13.238989313614814,13.23898931361481
374280,0,13.235365554839998,13.235365554839953
374340,0,13.231751047021193,13.231751047021133
374400,0,13.228145790146467,13.228145790146424
374460,0,13.224549735243079,13.224549735243063
374520,0,13.220962822056615,13.220962822056626
374580,0,13.217384990332699,13.217384990332711
374640,0,13.213816187683248,13.213816187683223
374700,0,13.210256411347851,13.210256411347736
374760,0,13.206705620361621,13.206705620361394
374820,0,13.203163763933937,13.203163763933603
374880,0,13.199630791274187,13.199630791273792
374940,0,13.196106661560975,13.196106661560595
375000,0,13.192591384736328,13.19259138473604
375060,0,13.189084902222962,13.189084902222811
375120,0,13.185587141387025,13.185587141387025
375180,0,13.182098029594677,13.182098029594803
375240,0,13.178617503839755,13.178617503839952
375300,0,13.175145568926798,13.17514556892703
375360,0,13.171682194618134,13.171682194618379
375420,0,13.16822733958525,13.168227339585501
375480,0,13.164780962499647,13.164780962499915
375540,0,13.161343029233667,13.161343029233974
375600,0,13.157913540445392,13.157913540445763
375660,0,13.154492444183868,13.154492444184317
375720,0,13.151079678096233,13.151079678096751
375780,0,13.147675179829635,13.147675179830198
375840,0,13.144278894023183,13.144278894023744
375900,0,13.14089081685073,13.14089081685125
375960,0,13.137510922828929,13.13751092282938
376020,0,13.134139178722444,13.134139178722819
376080,0,13.130775551295958,13.130775551296267
376140,0,13.12742001259491,13.127420012595179
376200,0,13.124072557441732,13.124072557441979
376260,0,13.120733137548807,13.120733137549037
376320,0,13.117401696638815,13.117401696639032
376380,0,13.114078178434456,13.114078178434648
376440,0,13.110762535768407,13.110762535768549
376500,0,13.107454777439163,13.107454777439226
376560,0,13.104154865501856,13.104154865501824
376620,0,13.100862750433016,13.100862750432901
376680,0,13.09757838,13.097578382709033
376740,0,13.094301719039905,13.094301719039748
376800,0,13.091032756839883,13.091032756839802
376860,0,13.087771465542524,13.087771465542556
376920,0,13.084517806978457,13.084517806978612
376980,0,13.081271742978334,13.081271742978586
377040,0,13.078033241969358,13.078033241969662
377100,0,13.074802306051579,13.074802306051915
377160,0,13.07157889212382,13.071578892124169
377220,0,13.068362947794746,13.068362947795086
377280,0,13.065154420673027,13.065154420673338
377340,0,13.061953264589832,13.061953264590082
377400,0,13.05875947763202,13.058759477632156
377460,0,13.055573035948399,13.055573035948393
377520,0,13.052393908576295,13.05239390857615
377580,0,13.049222064553051,13.049222064552797
377640,0,13.046057478816723,13.046057478816426
377700,0,13.042900152934502,13.042900152934214
377760,0,13.039750042254465,13.03975004225421
377820,0,13.036607093352751,13.036607093352552
377880,0,13.033471252805533,13.033471252805393
377940,0,13.030342473772244,13.030342473772153
378000,0,13.027220757030099,13.027220757030065
378060,0,13.02410608146569,13.024106081465723
378120,0,13.02099842,13.020998418547194
378180,0,13.017897739742414,13.017897739742564
378240,0,13.014804020777962,13.014804020778147
378300,0,13.011717257178097,13.01171725717831
378360,0,13.008637412076418,13.00863741207665
378420,0,13.005564442353148,13.005564442353384
378480,0,13.002498304888523,13.002498304888757
378540,0,12.999438963692455,12.999438963692668
378600,0,12.996386425314851,12.996386425315007
378660,0,12.99334065763518,12.993340657635265
378720,0,12.990301619304624,12.990301619304642
378780,0,12.987269268974362,12.987269268974353
378840,0,12.984243569887557,12.984243569887584
378900,0,12.981224517597441,12.981224517597578
378960,0,12.978212090889626,12.978212090889915
379020,0,12.975206263255584,12.975206263256025
379080,0,12.972207008186796,12.972207008187342
379140,0,12.969214303773466,12.969214303774033
379200,0,12.966228149122513,12.966228149123015
379260,0,12.963248507756383,12.963248507756772
379320,0,12.960275336395952,12.960275336396222
379380,0,12.957308591762112,12.95730859
379440,0,12.954348236592523,12.95434823659269
379500,0,12.951394273702672,12.951394273702869
379560,0,12.948446680197172,12.948446680197431
379620,0,12.945505425945322,12.945505425945656
379680,0,12.942570480816432,12.942570480816848
379740,0,12.93964181892228,12.939641818922773
379800,0,12.936719437922271,12.936719437922859
379860,0,12.933803309539563,12.93380330954026
379920,0,12.930893399772605,12.930893399773405
379980,0,12.927989674619859,12.927989674620738
380040,0,12.92509210465776,12.92509210465869
380100,0,12.922200688767626,12.922200688768584
380160,0,12.919315402640494,12.91931540264147
380220,0,12.916436216172789,12.916436216173755
380280,0,12.913563099260921,12.913563099261857
380340,0,12.910696026807608,12.910696026808484
380400,0,12.90783500093579,12.907835000936533
380460,0,12.904979992223202,12.904979992223788
380520,0,12.90213096441723,12.902130964417672
380580,0,12.899287881265277,12.899287881265625
380640,0,12.896450711914671,12.896450711915035
380700,0,12.893619459508487,12.89361945950898
380760,0,12.890794100844648,12.89079410084533
380820,0,12.887974605966551,12.887974605967424
380880,0,12.885160944917612,12.885160944918612
380940,0,12.882353090775283,12.882353090776297
381000,0,12.87955103727902,12.87955103727994
381060,0,12.876754765952283,12.876754765953052
381120,0,12.873964254729787,12.873964254730383
381180,0,12.87117948154625,12.87117948
381240,0,12.868400428700864,12.868400428701232
381300,0,12.865627098159923,12.86562709816024
381360,0,12.862859457655551,12.862859457655846
381420,0,12.86009746842789,12.860097468428167
381480,0,12.857341091717089,12.85734109171734
381540,0,12.854590293914924,12.854590293915127
381600,0,12.851845077647852,12.851845077647988
381660,0,12.849105426709071,12.849105426709132
381720,0,12.846371318950624,12.846371318950611
381780,0,12.843642732224577,12.843642732224495
381840,0,12.84091964657331,12.840919646573168
381900,0,12.838202054495676,12.83820205449545
381960,0,12.835489935595707,12.835489935595405
382020,0,12.832783266561416,12.832783266561057
382080,0,12.830082024080816,12.83008202408045
382140,0,12.827386189292474,12.82738618929218
382200,0,12.82469577,12.824695765387885
382260,0,12.822010723960469,12.822010723960586
382320,0,12.81933103024712,12.819331030247467
382380,0,12.816656649485207,12.816656649485727
382440,0,12.81398755158856,12.813987551589145
382500,0,12.81132373881597,12.811323738816533
382560,0,12.808665195420868,12.808665195421353
382620,0,12.806011900190864,12.806011900191244
382680,0,12.803363831913583,12.803363831913858
382740,0,12.80072097194416,12.800720971944349
382800,0,12.798083315752868,12.798083315752953
382860,0,12.795450842888647,12.795450842888627
382920,0,12.79282352941793,12.79282352941781
382980,0,12.790201351407163,12.790201351406965
383040,0,12.787584288680499,12.787584288680254
383100,0,12.784972342034804,12.78497234203453
383160,0,12.782365489486168,12.782365489485885
383220,0,12.779763703995409,12.779763703995133
383280,0,12.777166958523368,12.777166958523118
383340,0,12.774575229758199,12.774575229757998
383400,0,12.77198851802626,12.771988518026136
383460,0,12.769406805754928,12.769406805754906
383520,0,12.766830070732055,12.766830070732142
383580,0,12.76425829074551,12.764258290745694
383640,0,12.761691446699837,12.76169145
383700,0,12.75912953734113,12.75912953734147
383760,0,12.756572543260726,12.75657254326114
383820,0,12.754020440916102,12.754020440916577
383880,0,12.751473206764757,12.751473206765263
383940,0,12.748930819855364,12.748930819855866
384000,0,12.746393276471247,12.746393276471695
384060,0,12.74386056178103,12.743860561781393
384120,0,12.741332657833993,12.741332657834274
384180,0,12.738809546679436,12.738809546679665
384240,0,12.736291213747183,12.736291213747428
384300,0,12.73377766043703,12.73377766043736
384360,0,12.731268862853096,12.73126886285354
384420,0,12.728764792168464,12.728764792169034
384480,0,12.72626541955625,12.72626541955691
384540,0,12.72377072062201,12.723770720622696
384600,0,12.72128069974802,12.721280699748682
384660,0,12.718795341136449,12.718795341137056
384720,0,12.71631462356042,12.716314623560958
384780,0,12.713838525793069,12.713838525793545
384840,0,12.711367028240135,12.711367028240574
384900,0,12.708900123970896,12.708900123971302
384960,0,12.706437802042068,12.706437802042448
385020,0,12.703980049783624,12.703980049783983
385080,0,12.701526854525557,12.701526854525904
385140,0,12.699078205945776,12.699078205946117
385200,0,12.696634102450826,12.696634102451181
385260,0,12.694194520962554,12.694194520962936
385320,0,12.691759434665535,12.691759434665942
385380,0,12.689328816744348,12.689328816744757
385440,0,12.686902643957856,12.686902643958234
385500,0,12.684480917802555,12.68448091780288
385560,0,12.682063626041158,12.68206362604141
385620,0,12.679650752261086,12.679650752261255
385680,0,12.677242280049768,12.677242280049864
385740,0,12.67483819576358,12.674838195763606
385800,0,12.67243849949716,12.672438499497094
385860,0,12.670043171715351,12.670043171715193
385920,0,12.667652188931019,12.667652188930793
385980,0,12.665265527657047,12.66526553
386040,0,12.662883167010861,12.662883167010675
386100,0,12.660505105088594,12.660505105088586
386160,0,12.658131331556962,12.658131331557179
386220,0,12.655761833166098,12.655761833166544
386280,0,12.653396596666171,12.653396596666768
386340,0,12.651035610130984,12.651035610131599
386400,0,12.648678867956049,12.648678867956546
386460,0,12.646326354746074,12.64632635474638
386520,0,12.643978053184107,12.643978053184208
386580,0,12.64163394595319,12.64163394595313
386640,0,12.639294018684598,12.63929401868446
386700,0,12.636958272759394,12.636958272759236
386760,0,12.634626690517255,12.634626690517107
386820,0,12.632299250238384,12.632299250238276
386880,0,12.62997593020299,12.62997593020295
386940,0,12.627656712223374,12.62765671222342
387000,0,12.625341599733499,12.625341599733698
387060,0,12.623030577916328,12.623030577916706
387120,0,12.620723627455414,12.620723627455963
387180,0,12.618420729034316,12.618420729034977
387240,0,12.616121865391234,12.616121865391912
387300,0,12.613827033730496,12.61382703
387360,0,12.611536223769162,12.611536223769635
387420,0,12.609249422856678,12.60924942
387480,0,12.60696661834251,12.606966618342685
387540,0,12.60468779933613,12.604687799336196
387600,0,12.60241296321227,12.602412963212222
387660,0,12.60014209409426,12.600142094094101
387720,0,12.597875173531643,12.597875173531392
387780,0,12.595612183073994,12.595612183073673
387840,0,12.593353106894881,12.593353106894531
387900,0,12.591097945413484,12.591097945413152
387960,0,12.58884668579289,12.588846685792602
388020,0,12.586599311877697,12.586599311877466
388080,0,12.584355807512516,12.584355807512331
388140,0,12.582116158145931,12.582116158145764
388200,0,12.579880360063447,12.579880360063276
388260,0,12.57764840294951,12.577648402949329
388320,0,12.575420274579928,12.575420274579734
388380,0,12.573195962730514,12.57319596273033
388440,0,12.570975457621655,12.570975457621504
388500,0,12.568758760460657,12.568758760460565
388560,0,12.56654585,12.566545853232284
388620,0,12.564336714281355,12.564336714281415
388680,0,12.56213132195258,12.562131321952716
388740,0,12.559929657850894,12.559929657851093
388800,0,12.557731725254019,12.557731725254282
388860,0,12.555537513437022,12.555537513437347
388920,0,12.553347007748854,12.553347007749228
388980,0,12.551160193538488,12.551160193538886
389040,0,12.548977057501151,12.54897705750154
389100,0,12.546797595547524,12.546797595547854
389160,0,12.544621798246272,12.54462179824652
389220,0,12.542449654579913,12.542449654580073
389280,0,12.54028115353099,12.540281153531073
389340,0,12.538116285776193,12.538116285776233
389400,0,12.535955049755248,12.53595504975528
389460,0,12.533797430832598,12.533797430832637
389520,0,12.53164341,12.53164341186974
389580,0,12.529492975728024,12.529492975728047
389640,0,12.527346107060007,12.527346107059973
389700,0,12.5252028,12.525202803652542
389760,0,12.523063057636534,12.52306305763623
389820,0,12.520926859147574,12.520926859147137
389880,0,12.518794198321897,12.518794198321386
389940,0,12.516665066972363,12.516665066971878
390000,0,12.514539463993641,12.514539463993295
390060,0,12.51241737434236,12.512417374342212
390120,0,12.51029878,12.51029878041836
390180,0,12.50818366462124,12.50818366462147
390240,0,12.506072011955018,12.506072011955329
390300,0,12.503963824224254,12.503963824224579
390360,0,12.501859091203029,12.50185909120333
390420,0,12.49975779946193,12.499757799462193
390480,0,12.497659935571557,12.49765993557179
390540,0,12.495565487728188,12.495565487728419
390600,0,12.493474454153265,12.493474454153514
390660,0,12.491386824789794,12.491386824790075
390720,0,12.489302587519596,12.489302587519894
390780,0,12.487221730224492,12.48722173022479
390840,0,12.485144242465164,12.485144242465426
390900,0,12.483070123118244,12.483070123118424
390960,0,12.480999360792673,12.48099936079275
391020,0,12.478931941831654,12.478931941831622
391080,0,12.476867852578401,12.476867852578271
391140,0,12.474807080502035,12.474807080501833
391200,0,12.47274962169834,12.472749621698052
391260,0,12.470695469319045,12.470695469318681
391320,0,12.46864461531094,12.468644615310525
391380,0,12.466597051620829,12.466597051620408
391440,0,12.464552771752826,12.464552771752471
391500,0,12.462511775103422,12.46251177510322
391560,0,12.460474046989209,12.460474046989207
391620,0,12.458439570261516,12.458439570261726
391680,0,12.456408327771692,12.456408327772081
391740,0,12.454380305255453,12.454380305255949
391800,0,12.452355506599812,12.452355506600362
391860,0,12.450333921607104,12.45033392160768
391920,0,12.448315536470746,12.448315536471325
391980,0,12.446300337384171,12.446300337384743
392040,0,12.444288312115237,12.44428831
392100,0,12.442279459229034,12.44227945922958
392160,0,12.440273771076258,12.440273771076772
392220,0,12.438271238155263,12.43827123815574
392280,0,12.436271850964431,12.436271850964859
392340,0,12.434275601263245,12.434275601263616
392400,0,12.432282487150538,12.43228248715083
392460,0,12.43029249792099,12.430292497921192
392520,0,12.428305621080218,12.428305621080332
392580,0,12.426321844133854,12.426321844133888
392640,0,12.424341155722225,12.424341155722196
392700,0,12.422363552846807,12.422363552846717
392760,0,12.42038902899055,12.42038903
392820,0,12.418417576378031,12.418417576377845
392880,0,12.416449187233844,12.416449187233658
392940,0,12.414483925086309,12.414483925086168
393000,0,12.412522117717582,12.412522117717552
393060,0,12.410563439076755,12.410563439076872
393120,0,12.408607449507135,12.408607449507405
393180,0,12.406653709352044,12.406653709352447
393240,0,12.404701827173337,12.404701827173826
393300,0,12.402751934361538,12.40275193436208
393360,0,12.40080429038893,12.400804290389505
393420,0,12.398859123407545,12.398859123408142
393480,0,12.396916661569437,12.39691666157005
393540,0,12.394977064711634,12.394977064712272
393600,0,12.393040055215947,12.393040055216614
393660,0,12.391105676539036,12.391105676539736
393720,0,12.389174056614218,12.389174056614934
393780,0,12.38724532337482,12.387245323375524
393840,0,12.385319571603285,12.385319571603937
393900,0,12.38339666725607,12.383396667256608
393960,0,12.381476604681676,12.381476604682065
394020,0,12.379559417034471,12.37955941703472
394080,0,12.377645137468837,12.377645137468981
394140,0,12.375733790933909,12.375733790934014
394200,0,12.373825340616449,12.373825340616573
394260,0,12.371919772989266,12.371919772989443
394320,0,12.370017083452376,12.370017083452627
394380,0,12.368117267405815,12.36811726740613
394440,0,12.366220318240519,12.36622031824088
394500,0,12.364326220427198,12.364326220427616
394560,0,12.362434974415882,12.362434974416358
394620,0,12.360546583662599,12.360546583663114
394680,0,12.358661051623397,12.358661051623923
394740,0,12.356778380989843,12.356778380990328
394800,0,12.354898563783616,12.35489856378398
394860,0,12.353021586050628,12.353021586050836
394920,0,12.35114743401854,12.351147434018594
394980,0,12.349276093915003,12.349276093914963
395040,0,12.347407553062611,12.347407553062572
395100,0,12.345541808736522,12.345541808736602
395160,0,12.343678857939368,12.343678857939624
395220,0,12.341818696708712,12.34181869670914
395280,0,12.339961321082141,12.33996132108266
395340,0,12.33810672883852,12.338106728838984
395400,0,12.336254922402425,12.336254922402675
395460,0,12.334405885236105,12.334405885236059
395520,0,12.33255959778843,12.332559597788082
395580,0,12.330716040508282,12.330716040507712
395640,0,12.328875195988317,12.328875195987683
395700,0,12.327037065435064,12.32703706543449
395760,0,12.325201648075833,12.325201648075401
395820,0,12.323368941133076,12.323368941132815
395880,0,12.321538941829255,12.321538941829143
395940,0,12.319711646704404,12.31971164670438
396000,0,12.317887047245115,12.317887047245158
396060,0,12.316065137012718,12.31606513701281
396120,0,12.31424591032201,12.314245910322139
396180,0,12.312429361487807,12.312429361487963
396240,0,12.310615488662465,12.310615488662647
396300,0,12.3088043,12.308804304030287
396360,0,12.306995784270232,12.30699578427042
396420,0,12.30518989992297,12.305189899923151
396480,0,12.303386621528437,12.303386621528611
396540,0,12.301585924567576,12.30158592456774
396600,0,12.29978782163901,12.299787821639152
396660,0,12.297992311198776,12.297992311198893
396720,0,12.29619938631769,12.296199386317792
396780,0,12.294409040066594,12.294409040066693
396840,0,12.292621264099882,12.292621264100017
396900,0,12.290836045929142,12.290836045929353
396960,0,12.289053387887463,12.289053387887776
397020,0,12.287273294710962,12.287273294711378
397080,0,12.285495771135777,12.285495771136265
397140,0,12.283720816185227,12.283720816185753
397200,0,12.281948399627996,12.281948399628526
397260,0,12.280178530223735,12.280178530224253
397320,0,12.278411224765284,12.278411224765772
397380,0,12.276646500045493,12.276646500045928
397440,0,12.274884374900184,12.27488437490054
397500,0,12.27312485799726,12.273124857997482
397560,0,12.271367909876757,12.271367909876824
397620,0,12.269613485478018,12.26961348547793
397680,0,12.267861539740387,12.26786153974019
397740,0,12.266112034662987,12.26611203466275
397800,0,12.264364989836238,12.264364989836032
397860,0,12.262620412190884,12.262620412190747
397920,0,12.260878301565274,12.260878301565223
397980,0,12.259138657797765,12.259138657797791
398040,0,12.257401483782505,12.257401483782582
398100,0,12.255666789717402,12.25566679
398160,0,12.25393455111644,12.253934551116549
398220,0,12.25220473809317,12.252204738093303
398280,0,12.250477320761156,12.250477320761341
398340,0,12.24875226725676,12.248752267257043
398400,0,12.24702955810625,12.247029558106705
398460,0,12.245309224638477,12.245309224639138
398520,0,12.243591303939743,12.2435913
398580,0,12.241875833096366,12.241875833097355
398640,0,12.24016284812067,12.240162848121694
398700,0,12.23845234761253,12.23845234761349
398760,0,12.236744284621794,12.236744284622635
398820,0,12.235038609488655,12.235038609489349
398880,0,12.233335272553306,12.23333527255387
398940,0,12.231634225504324,12.23163423
399000,0,12.229935460482737,12.229935460483137
399060,0,12.228239016015607,12.228239016015939
399120,0,12.226544933169945,12.226544933170224
399180,0,12.224853253012792,12.22485325301303
399240,0,12.223164015188056,12.22316401518828
399300,0,12.221477217590806,12.221477217591046
399360,0,12.21979281072609,12.219792810726364
399420,0,12.21811074254323,12.218110742543544
399480,0,12.216430960991564,12.216430960991906
399540,0,12.214753418606131,12.214753418606467
399600,0,12.213078122352444,12.213078122352735
399660,0,12.211405099178384,12.21140509917862
399720,0,12.209734373675756,12.209734373675943
399780,0,12.208065970436373,12.208065970436538
399840,0,12.20639991,12.20639991305629
399900,0,12.204736198195944,12.204736198196215
399960,0,12.203074793133739,12.203074793134117
400020,0,12.201415663660542,12.201415663661038
400080,0,12.199758775567425,12.199758775568016
400140,0,12.198104099948807,12.198104099949454
400200,0,12.196451650976565,12.196451650977249
400260,0,12.194801433004928,12.194801433005633
400320,0,12.193153445035712,12.193153445036419
400380,0,12.19150768607074,12.191507686071436
400440,0,12.189864156776963,12.18986415677763
400500,0,12.188222861206958,12.188222861207574
400560,0,12.186583783529045,12.186583783529588
400620,0,12.184946904890193,12.184946904890657
400680,0,12.18331221,12.183312206437781
400740,0,12.181679665027552,12.181679665027854
400800,0,12.180049253120734,12.18004925312094
400860,0,12.178421001575645,12.178421001575748
400920,0,12.176794949607217,12.17679494960723
400980,0,12.175171136430397,12.17517113643035
401040,0,12.173549599317589,12.173549599317536
401100,0,12.171930333718402,12.171930333718398
401160,0,12.170313295522469,12.170313295522547
401220,0,12.168698439136039,12.168698439136211
401280,0,12.167085718965366,12.16708571896562
401340,0,12.16547509779019,12.165475097790493
401400,0,12.163866602060828,12.163866602061166
401460,0,12.162260235527603,12.16226023552797
401520,0,12.160655992915443,12.16065599291583
401580,0,12.159053868949284,12.159053868949682
401640,0,12.157453856450742,12.157453856451136
401700,0,12.155855942065013,12.155855942065392
401760,0,12.15426013,12.154260131344353
401820,0,12.152666432988106,12.152666432988427
401880,0,12.151074855697745,12.15107485569804
401940,0,12.149485406361494,12.149485406361773
402000,0,12.147898074953849,12.147898074954114
402060,0,12.146312851162572,12.146312851162827
402120,0,12.144729726213445,12.144729726213694
402180,0,12.143148691332284,12.143148691332518
402240,0,12.141569668349597,12.141569668349812
402300,0,12.13999232609989,12.139992326100076
402360,0,12.138416976685686,12.138416976685836
402420,0,12.136844043328002,12.136844043328122
402480,0,12.135273949247864,12.135273949247972
402540,0,12.133707097692383,12.133707097692513
402600,0,12.132143477515344,12.13214347751554
402660,0,12.13058269672453,12.13058269672481
402720,0,12.12902435014391,12.129024350144268
402780,0,12.127468032597484,12.127468032597887
402840,0,12.12591342395654,12.125913423956911
402900,0,12.124360835799418,12.124360835799665
402960,0,12.122810324326984,12.122810324327064
403020,0,12.121261852090926,12.121261852090848
403080,0,12.119715381642948,12.119715381642779
403140,0,12.118170883068794,12.118170883068657
403200,0,12.116628380862993,12.116628380863014
403260,0,12.115087874325216,12.115087874325468
403320,0,12.113549354253827,12.113549354254321
403380,0,12.112012811447201,12.112012811447883
403440,0,12.110478238976118,12.110478238976883
403500,0,12.108945642586665,12.10894564258745
403560,0,12.107415014236071,12.107415014236828
403620,0,12.105886342823457,12.105886342824155
403680,0,12.104359617247963,12.104359617248578
403740,0,12.102834828160484,12.102834828161003
403800,0,12.10131197853868,12.10131197853905
403860,0,12.099791064965219,12.099791064965412
403920,0,12.098272082003255,12.098272082003277
403980,0,12.096755024215959,12.096755024215838
404040,0,12.09523988668467,12.095239886684473
404100,0,12.093726667821263,12.09372666782103
404160,0,12.092215363622582,12.092215363622346
404220,0,12.090705969446313,12.090705969446097
404280,0,12.089198480650166,12.089198480649978
404340,0,12.087692892853267,12.087692892853111
404400,0,12.086189203468617,12.086189203468495
404460,0,12.084687408878898,12.084687408878823
404520,0,12.083187505159334,12.083187505159323
404580,0,12.081689488385171,12.081689488385235
404640,0,12.08019340134854,12.080193401348707
404700,0,12.078699459929231,12.078699459929563
404760,0,12.07720745,12.07720745155062
404820,0,12.075717089195368,12.07571708919606
404880,0,12.07422808584928,12.074228085850065
404940,0,12.072740180903555,12.072740180904328
405000,0,12.071253436859767,12.07125344
405060,0,12.069768047303926,12.069768047304343
405120,0,12.068284193532056,12.068284193532246
405180,0,12.066802056840203,12.066802056840208
405240,0,12.06532176971618,12.065321769716089
405300,0,12.06384313846011,12.063843138459982
405360,0,12.062366176157907,12.062366176157779
405420,0,12.06089095444633,12.060890954446226
405480,0,12.059417544962155,12.05941754496208
405540,0,12.057946004182323,12.057946004182286
405600,0,12.056476273254727,12.056476273254743
405660,0,12.055008334331118,12.055008334331207
405720,0,12.05354218589585,12.05354218589601
405780,0,12.05207782643329,12.052077826433504
405840,0,12.05061525665156,12.05061525665179
405900,0,12.049154484101665,12.049154484101882
405960,0,12.047695493626179,12.047695493626367
406020,0,12.046238266339712,12.046238266339863
406080,0,12.044782783356878,12.044782783356998
406140,0,12.04332902292796,12.043329022928075
406200,0,12.041876965169331,12.041876965169454
406260,0,12.040426637144346,12.04042663714449
406320,0,12.03897807213041,12.038978072130577
406380,0,12.037531303404956,12.03753130340513
406440,0,12.036086353036433,12.036086353036596
406500,0,12.034643172697661,12.03464317269779
406560,0,12.033201769030988,12.03320176903107
406620,0,12.031762162722078,12.031762162722117
406680,0,12.030324374456624,12.030324374456631
406740,0,12.028888425277515,12.028888425277517
406800,0,12.027454318484292,12.027454318484319
406860,0,12.026022022506117,12.026022022506186
406920,0,12.024591502681737,12.024591502681846
406980,0,12.02316272,12.02316272435002
407040,0,12.021735660346112,12.021735660346206
407100,0,12.020310336126688,12.020310336126714
407160,0,12.018886749561462,12.018886749561394
407220,0,12.017464889860234,12.017464889860067
407280,0,12.016044746232803,12.016044746232552
407340,0,12.014626251316033,12.014626251315724
407400,0,12.013209134582718,12.01320913458236
407460,0,12.011793655027864,12.011793655027459
407520,0,12.010380162641308,12.010380162640882
407580,0,12.008969007412901,12.008969007412484
407640,0,12.00756052046126,12.007560520460892
407700,0,12.00615468193372,12.006154681933454
407760,0,12.004751179340689,12.004751179340557
407820,0,12.003349693097915,12.003349693097935
407880,0,12.001949903621167,12.001949903621323
407940,0,12.000551560007338,12.000551560007624
408000,0,11.999154915575282,11.99915491557572
408060,0,11.997760007597245,11.99776000759784
408120,0,11.996366796934694,11.996366796935414
408180,0,11.994975244449094,11.994975244449884
408240,0,11.993585318886172,11.993585318886948
408300,0,11.992197046758234,11.992197046758898
408360,0,11.990810429584723,11.99081042958522
408420,0,11.989425460098191,11.989425460098497
408480,0,11.988042131031195,11.988042131031326
408540,0,11.986660436047236,11.986660436047234
408600,0,11.985280375701027,11.985280375700896
408660,0,11.983901947712702,11.983901947712447
408720,0,11.982525148774148,11.982525148773796
408780,0,11.98114997557726,11.981149975576862
408840,0,11.979776425024253,11.979776425023879
408900,0,11.978404495140897,11.978404495140637
408960,0,11.97703418,11.977034182594508
409020,0,11.975665483763175,11.975665483763262
409080,0,11.974298395024437,11.974298395024674
409140,0,11.972932913157104,11.972932913157413
409200,0,11.971569037046867,11.971569037047178
409260,0,11.970206762932797,11.970206762933078
409320,0,11.968846086497368,11.968846086497622
409380,0,11.967487003423079,11.967487003423335
409440,0,11.966129510061622,11.966129510061954
409500,0,11.964773606447118,11.964773606447613
409560,0,11.963419288469353,11.963419288470055
409620,0,11.96206655111086,11.962066551111752
409680,0,11.96071538935417,11.96071538935518
409740,0,11.959365798883196,11.959365798884198
409800,0,11.958017779772732,11.958017779773607
409860,0,11.956671328634762,11.95667132863544
409920,0,11.95532644120067,11.955326441201123
409980,0,11.953983113201849,11.953983113202101
410040,0,11.952641341027897,11.95264134102801
410100,0,11.951301124739537,11.95130112473952
410160,0,11.949962460402944,11.949962460402816
410220,0,11.948625343198456,11.948625343198241
410280,0,11.947289768306431,11.94728976830616
410340,0,11.945955731282384,11.945955731282101
410400,0,11.944623230776164,11.94462323077593
410460,0,11.943292264820904,11.943292264820752
410520,0,11.941962831077287,11.94196283107723
410580,0,11.940634927206007,11.940634927206034
410640,0,11.939308587881333,11.939308587881412
410700,0,11.937983984446712,11.937983984446822
410760,0,11.936660948006947,11.936660948007082
410820,0,11.935339250627703,11.935339250627854
410880,0,11.934018664374646,11.934018664374811
410940,0,11.932698984403542,11.932698984403713
411000,0,11.931380270368487,11.931380270368654
411060,0,11.93006266667897,11.930062666679122
411120,0,11.928746304615393,11.928746304615538
411180,0,11.927431315458195,11.927431315458348
411240,0,11.926117794665931,11.926117794666126
411300,0,11.924805599729751,11.924805599730032
411360,0,11.923494742279892,11.923494742280273
411420,0,11.922185277108179,11.922185277108662
411480,0,11.920877259006462,11.920877259007012
411540,0,11.919570724482398,11.919570724482972
411600,0,11.918265597212324,11.918265597212883
411660,0,11.916961893851413,11.916961893851935
411720,0,11.915659654226761,11.915659654227227
411780,0,11.914358918165481,11.914358918165869
411840,0,11.91305972149058,11.913059721490866
411900,0,11.911762051679936,11.911762051680054
411960,0,11.910465877407844,11.910465877407756
412020,0,11.909171169297652,11.909171169297394
412080,0,11.907877897972739,11.90787789797239
412140,0,11.906586038319139,11.90658603831885
412200,0,11.905295602326238,11.905295602326177
412260,0,11.904006598199976,11.904006598200242
412320,0,11.902719030171989,11.902719030172587
412380,0,11.901432902473921,11.901432902474767
412440,0,11.900148216470578,11.900148216471498
412500,0,11.898864957673133,11.898864957673984
412560,0,11.897583129216072,11.897583129216766
412620,0,11.896302738110043,11.896302738110558
412680,0,11.89502379136571,11.895023791366087
412740,0,11.89374628947404,11.893746289474375
412800,0,11.892470201343489,11.892470201343853
412860,0,11.891195543370301,11.891195543370737
412920,0,11.889922341357112,11.889922341357622
412980,0,11.88865062110656,11.888650621107121
413040,0,11.88738041281451,11.88738041281507
413100,0,11.88611174049067,11.886111740491181
413160,0,11.884844550630854,11.884844550631295
413220,0,11.883578779760368,11.883578779760729
413280,0,11.882314364404523,11.882314364404825
413340,0,11.88105120134786,11.881051201348138
413400,0,11.879789088847572,11.879789088847838
413460,0,11.878528270356624,11.87852827
413520,0,11.877269059092294,11.877269059092589
413580,0,11.876011768271855,11.876011768272178
413640,0,11.874756690401325,11.874756690401687
413700,0,11.87350379036323,11.873503790363667
413760,0,11.872252807263218,11.872252807263742
413820,0,11.87100348003297,11.871003480033568
413880,0,11.869755547604182,11.869755547604813
413940,0,11.868508804447252,11.868508804447847
414000,0,11.867263454984696,11.867263454985174
414060,0,11.86601953260465,11.866019532604957
414120,0,11.864777009198907,11.864777009199049
414180,0,11.863535856659283,11.863535856659308
414240,0,11.862296053133266,11.86229605313327
414300,0,11.861057620337412,11.86105762
414360,0,11.859820556404516,11.859820556404738
414420,0,11.85858485219597,11.85858485219633
414480,0,11.857350498573176,11.857350498573622
414540,0,11.856117488607502,11.856117488607936
414600,0,11.854885829022983,11.854885829023297
414660,0,11.853655515330255,11.853655515330392
414720,0,11.852426540241169,11.852426540241133
414780,0,11.85119889646759,11.851198896467439
414840,0,11.849972577928982,11.84997257792882
414900,0,11.848747587067347,11.848747587067269
414960,0,11.847523921957558,11.847523921957622
415020,0,11.84630157928561,11.846301579285827
415080,0,11.845080555737503,11.845080555737855
415140,0,11.843860847958453,11.843860847958881
415200,0,11.842642453379211,11.842642453379684
415260,0,11.841425371356687,11.841425371357184
415320,0,11.840209601436625,11.840209601437131
415380,0,11.838995143164778,11.83899514316529
415440,0,11.837781995835696,11.83778199583621
415500,0,11.836570156500532,11.836570156501038
415560,0,11.835359622339295,11.835359622339787
415620,0,11.834150390758708,11.834150390759174
415680,0,11.832942459165487,11.832942459165913
415740,0,11.831735825474492,11.831735825474857
415800,0,11.83053048987741,11.830530489877663
415860,0,11.829326448558824,11.829326448558945
415920,0,11.828123696945765,11.828123696945772
415980,0,11.826922230465287,11.82692223046523
416040,0,11.825722045234638,11.825722045234608
416100,0,11.824523141915146,11.824523141915252
416160,0,11.823325518130163,11.823325518130469
416220,0,11.82212917066597,11.822129170666473
416280,0,11.820934096308868,11.820934096309513
416340,0,11.819740291979942,11.819740291980628
416400,0,11.818547756037322,11.818547756037965
416460,0,11.817356487156246,11.817356487156793
416520,0,11.816166483921108,11.816166483921538
416580,0,11.81497774491631,11.814977744916636
416640,0,11.813790268833225,11.813790268833479
416700,0,11.812604054289665,11.812604054289865
416760,0,11.811419098143764,11.811419098143913
416820,0,11.810235397021055,11.810235397021161
416880,0,11.809052947547086,11.809052947547158
416940,0,11.80787175,11.807871746948448
417000,0,11.8066918,11.806691795776947
417060,0,11.805513090892967,11.80551309089302
417120,0,11.804335628344608,11.804335628344663
417180,0,11.80315940417985,11.803159404179878
417240,0,11.801984444997451,11.801984444997407
417300,0,11.800810891977452,11.800810891977259
417360,0,11.799638608411321,11.799638608410941
417420,0,11.798467409094796,11.798467409094256
417480,0,11.79729710882363,11.79729711
417540,0,11.796127539546067,11.796127539545484
417600,0,11.794958742258558,11.794958742258169
417660,0,11.793790841739355,11.793790841739245
417720,0,11.792623954675314,11.79262395467549
417780,0,11.791458197753304,11.791458197753698
417840,0,11.790293655501635,11.790293655502108
417900,0,11.789130199963125,11.789130199963564
417960,0,11.787967843456116,11.787967843456457
418020,0,11.786806637198227,11.786806637198438
418080,0,11.78564663240708,11.785646632407179
418140,0,11.78448787287924,11.784487872879264
418200,0,11.783330333004054,11.783330333004004
418260,0,11.782173985782977,11.782173985782855
418320,0,11.781018810500091,11.78101881049992
418380,0,11.779864786439493,11.779864786439306
418440,0,11.778711890119043,11.778711890118903
418500,0,11.777560102844925,11.777560102844912
418560,0,11.776409456210512,11.776409456210672
418620,0,11.775259988205267,11.775259988205596
418680,0,11.774111736818657,11.774111736819126
418740,0,11.772964734469024,11.772964734469554
418800,0,11.771818961414741,11.771818961415274
418860,0,11.770674396781518,11.770674396782015
418920,0,11.769531024404301,11.769531024404753
418980,0,11.76838882811806,11.768388828118468
419040,0,11.767247792270677,11.767247792271075
419100,0,11.766107914455441,11.766107914455851
419160,0,11.764969206360089,11.76496920636052
419220,0,11.763831680355201,11.763831680355645
419280,0,11.76269534881136,11.762695348811784
419340,0,11.761560230788147,11.761560230788504
419400,0,11.760426358823196,11.760426358823404
419460,0,11.759293685374324,11.75929368537435
419520,0,11.758162150746235,11.758162150746092
419580,0,11.757031695243642,11.75703169524338
419640,0,11.755902263899474,11.75590226
419700,0,11.75477386520953,11.754773865209359
419760,0,11.753646540436863,11.753646540436854
419820,0,11.752520329385872,11.752520329386028
419880,0,11.751395271860984,11.751395271861254
419940,0,11.75027138384237,11.75027138384264
420000,0,11.749148560328033,11.749148560328203
420060,0,11.748026860610896,11.748026860610906
420120,0,11.74690637761973,11.746906377619574
420180,0,11.745787204283335,11.745787204283038
420240,0,11.74466943001457,11.744669430014202
420300,0,11.743553055953544,11.743553055953154
420360,0,11.742437990801331,11.74243799080094
420420,0,11.741324138911336,11.741324138910961
420480,0,11.740211404636982,11.74021140463663
420540,0,11.73909972150951,11.739099721509179
420600,0,11.73798921,11.737989205264784
420660,0,11.736879826825707,11.73687982682542
420720,0,11.735771520419776,11.735771520419526
420780,0,11.734664220275755,11.734664220275555
420840,0,11.733557867347832,11.733557867347695
420900,0,11.732452478382283,11.732452478382243
420960,0,11.73134809273906,11.73134809273913
421020,0,11.730244745788339,11.730244745788516
421080,0,11.729142472900298,11.729142472900557
421140,0,11.72804125409615,11.728041254096444
421200,0,11.726940835480569,11.726940835480857
421260,0,11.725841422982791,11.725841422983043
421320,0,11.724743306910476,11.724743306910685
421380,0,11.723646777571306,11.723646777571483
421440,0,11.722552105913934,11.722552105914101
421500,0,11.721459259115623,11.721459259115782
421560,0,11.72036799739659,11.720367997396751
421620,0,11.719278081139942,11.719278081140112
421680,0,11.71818927,11.718189270729003
421740,0,11.717101379008525,11.717101379008785
421800,0,11.716014600962167,11.716014600962534
421860,0,11.714928961551921,11.714928961552413
421920,0,11.71384442697495,11.713844426975566
421980,0,11.71276096342844,11.712760963429151
422040,0,11.711678543729318,11.71167854373007
422100,0,11.710597190650295,11.710597190651043
422160,0,11.709516908389078,11.709516908389798
422220,0,11.708437693958038,11.708437693958707
422280,0,11.707359544369558,11.707359544370162
422340,0,11.70628245701238,11.70628245701291
422400,0,11.705206431786428,11.705206431786854
422460,0,11.704131466990225,11.704131466990523
422520,0,11.703057560470219,11.703057560470397
422580,0,11.701984710072884,11.701984710072969
422640,0,11.700912913804776,11.700912913804821
422700,0,11.699842170738533,11.699842170738584
422760,0,11.698772479262153,11.69877247926224
422820,0,11.697703837571073,11.697703837571204
422880,0,11.696636243860729,11.696636243860894
422940,0,11.695569696367585,11.695569696367752
423000,0,11.694504193690745,11.694504193690895
423060,0,11.693439734402311,11.693439734402428
423120,0,11.692376317036876,11.692376317036961
423180,0,11.691313940129039,11.69131394
423240,0,11.690252602187048,11.690252602187105
423300,0,11.689192301576023,11.689192301576071
423360,0,11.688133036827377,11.68813303682743
423420,0,11.687074806508495,11.687074806508559
423480,0,11.686017609186777,11.68601760918687
423540,0,11.684961443247852,11.68496144324799
423600,0,11.68390631,11.683906306345115
423660,0,11.682852197700191,11.682852197700502
423720,0,11.681799116817794,11.681799116818196
423780,0,11.680747063201784,11.680747063202267
423840,0,11.679696036222186,11.679696036222717
423900,0,11.67864603395998,11.678646033960542
423960,0,11.677597054412459,11.677597054413042
424020,0,11.676549095685719,11.676549095686308
424080,0,11.675502155885868,11.675502155886448
424140,0,11.674456233365964,11.674456233366516
424200,0,11.673411327717858,11.673411327718352
424260,0,11.672367436804942,11.672367436805358
424320,0,11.671324558139892,11.671324558140233
424380,0,11.670282689235405,11.670282689235696
424440,0,11.669241827965262,11.669241827965555
424500,0,11.668201974348708,11.668201974349055
424560,0,11.667163126431308,11.667163126431735
424620,0,11.666125281790032,11.666125281790542
424680,0,11.665088438001863,11.665088438002426
424740,0,11.664052593009254,11.664052593009814
424800,0,11.663017746880273,11.663017746880803
424860,0,11.661983897609428,11.66198389760989
424920,0,11.660951042710838,11.66095104271122
424980,0,11.65991917969866,11.659919179698944
425040,0,11.658888306372894,11.65888830637306
425100,0,11.657858422429255,11.657858422429241
425160,0,11.65682952632805,11.656829526327828
425220,0,11.655801616184709,11.655801616184307
425280,0,11.654774690114685,11.654774690114179
425340,0,11.653748746391205,11.653748746390727
425400,0,11.652723784246513,11.652723784246207
425460,0,11.651699802086114,11.651699802086068
425520,0,11.650676798113606,11.650676798113835
425580,0,11.649654770532594,11.64965477053304
425640,0,11.648633717804676,11.648633717805218
425700,0,11.64761364,11.647613639664057
425760,0,11.646594534000322,11.646594534000844
425820,0,11.645576398337099,11.645576398337552
425880,0,11.644559230195796,11.644559230196174
425940,0,11.643543027360346,11.643543027360652
426000,0,11.642527789455013,11.642527789455224
426060,0,11.641513515142616,11.64151351514272
426120,0,11.640500202783553,11.640500202783546
426180,0,11.639487850738227,11.639487850738139
426240,0,11.638476457433917,11.63847645743379
426300,0,11.637466021764888,11.63746602176475
426360,0,11.636456542375187,11.636456542375061
426420,0,11.635448017831264,11.635448017831173
426480,0,11.634440446699587,11.63444044669955
426540,0,11.633433827710055,11.633433827710098
426600,0,11.63242816026421,11.632428160264384
426660,0,11.631423442373958,11.631423442374293
426720,0,11.63041967,11.630419671799988
426780,0,11.629416846301044,11.629416846301643
426840,0,11.62841498551867,11.628414985519301
426900,0,11.627414190737161,11.627414190737758
426960,0,11.626414363532913,11.626414363533431
427020,0,11.62541537069553,11.625415370695949
427080,0,11.624417079014638,11.624417079014963
427140,0,11.623419370730224,11.623419370730474
427200,0,11.62242228996534,11.622422289965519
427260,0,11.621425912531562,11.621425912531665
427320,0,11.620430303458399,11.62043030345843
427380,0,11.619435527775387,11.619435527775357
427440,0,11.618441630267096,11.618441630267021
427500,0,11.617448528601447,11.617448528601344
427560,0,11.616456239774779,11.61645623977466
427620,0,11.615464806151307,11.615464806151174
427680,0,11.614474270095261,11.614474270095108
427740,0,11.613484662733503,11.61348466273331
427800,0,11.612495939176391,11.612495939176124
427860,0,11.611508100624643,11.611508100624295
427920,0,11.610521161638225,11.610521161637804
427980,0,11.60953514,11.60953513677664
428040,0,11.60855003642539,11.608550036424951
428100,0,11.60756584300998,11.607565843009615
428160,0,11.606582556566785,11.606582556566533
428220,0,11.605600182134504,11.605600182134374
428280,0,11.604618724751836,11.604618724751832
428340,0,11.603638187838438,11.603638187838547
428400,0,11.60265856382956,11.602658563829788
428460,0,11.601679851747589,11.60167985174794
428520,0,11.600702052535391,11.600702052535862
428580,0,11.599725167135848,11.599725167136423
428640,0,11.598749196489761,11.59874919649043
428700,0,11.59777413977464,11.597774139775412
428760,0,11.596799993277688,11.596799993278562
428820,0,11.595826753057246,11.595826753058184
428880,0,11.594854415171651,11.594854415172595
428940,0,11.593882977018664,11.593882977019515
429000,0,11.592912443076523,11.592912443077147
429060,0,11.591942809048614,11.591942809048938
429120,0,11.590974068784131,11.590974068784165
429180,0,11.590006216132293,11.590006216132117
429240,0,11.589039215125812,11.589039215125585
429300,0,11.58807292341621,11.58807292341609
429360,0,11.587107478889308,11.587107478889374
429420,0,11.586143067481231,11.586143067481505
429480,0,11.585179875128125,11.585179875128548
429540,0,11.584218077461578,11.584218077462026
429600,0,11.583257663204055,11.583257663204401
429660,0,11.582298469134514,11.58229847
429720,0,11.581340328784314,11.581340328784341
429780,0,11.580383075684816,11.58038307568476
429840,0,11.579426579035466,11.579426579035452
429900,0,11.578470970591248,11.578470970591416
429960,0,11.577516271065758,11.577516271066182
430020,0,11.576562461582666,11.576562461583347
430080,0,11.575609523265658,11.575609523266523
430140,0,11.574657441528137,11.574657441529046
430200,0,11.57370623163138,11.57370623163221
430260,0,11.572755892616792,11.572755892617467
430320,0,11.57180641853572,11.571806418536214
430380,0,11.570857803439532,11.57085780343987
430440,0,11.569910042663526,11.569910042663775
430500,0,11.568963140075253,11.568963140075452
430560,0,11.568017094022476,11.568017094022641
430620,0,11.567071901306317,11.567071901306463
430680,0,11.56612755872792,11.566127558728049
430740,0,11.565184063521084,11.565184063521183
430800,0,11.564241416144148,11.564241416144215
430860,0,11.563299615774223,11.563299615774259
430920,0,11.562358661113423,11.562358661113436
430980,0,11.561418550863873,11.561418550863872
431040,0,11.560479283683547,11.560479283683554
431100,0,11.559540858196714,11.559540858196748
431160,0,11.558603273647508,11.558603273647583
431220,0,11.557666529367546,11.557666529367667
431280,0,11.556730624688464,11.556730624688623
431340,0,11.555795558810562,11.55579555881074
431400,0,11.554861330086524,11.554861330086705
431460,0,11.553927937474977,11.553927937475155
431520,0,11.552995380096052,11.552995380096222
431580,0,11.55206365706988,11.552063657070047
431640,0,11.551132767493002,11.551132767493174
431700,0,11.550202710187156,11.550202710187332
431760,0,11.549273483879736,11.54927348387992
431820,0,11.548345087310908,11.548345087311104
431880,0,11.547417519220856,11.547417519221069
431940,0,11.546490778443903,11.546490778444147
432000,0,11.545564864283882,11.545564864284184
432060,0,11.544639775381068,11.544639775381443
432120,0,11.543715510241672,11.543715510242107
432180,0,11.542792067371911,11.542792067372371
432240,0,11.54186944542862,11.541869445429054
432300,0,11.540947643941198,11.54094764394154
432360,0,11.540026661578683,11.54002666
432420,0,11.53910649681168,11.539106496811762
432480,0,11.538187148110808,11.538187148110785
432540,0,11.537268614103569,11.53726861410349
432600,0,11.536350894350534,11.536350894350436
432660,0,11.535433987556306,11.535433987556207
432720,0,11.534517892222002,11.534517892221924
432780,0,11.533602606848756,11.533602606848724
432840,0,11.532688130083644,11.532688130083685
432900,0,11.531774461451256,11.531774461451427
432960,0,11.530861599695584,11.530861599695916
433020,0,11.529949543372576,11.529949543373064
433080,0,11.529038291038196,11.52903829103879
433140,0,11.528127841385054,11.52812784138568
433200,0,11.527218193914303,11.52721819391488
433260,0,11.52630935,11.52630934737498
433320,0,11.52540130033639,11.525401300336764
433380,0,11.524494051370734,11.524494051371034
433440,0,11.523587617455583,11.523587617455874
433500,0,11.522682083951695,11.522682083952041
433560,0,11.521777367703507,11.52177736770394
433620,0,11.520873356249496,11.520873356250014
433680,0,11.51996993712816,11.519969937128726
433740,0,11.519067010709268,11.519067010709817
433800,0,11.518164613278577,11.518164613279032
433860,0,11.517262809882359,11.517262809882682
433920,0,11.51636165680759,11.51636165680777
433980,0,11.51546121034124,11.515461210341325
434040,0,11.514561509260526,11.514561509260577
434100,0,11.513662482423163,11.513662482423243
434160,0,11.512764144633861,11.512764144634005
434220,0,11.51186653264094,11.511866532641157
434280,0,11.510969683192736,11.510969683193007
434340,0,11.510073623435972,11.510073623436258
434400,0,11.509178315184954,11.509178315185231
434460,0,11.508283759003566,11.508283759003815
434520,0,11.507389966819872,11.507389966820089
434580,0,11.506496950561955,11.50649695056214
434640,0,11.505604719089915,11.505604719090076
434700,0,11.504713259689282,11.504713259689428
434760,0,11.50382257086884,11.50382257086897
434820,0,11.502932654676092,11.502932654676204
434880,0,11.502043513158565,11.502043513158645
434940,0,11.501155147751914,11.501155147751943
435000,0,11.500267555212108,11.500267555212034
435060,0,11.499380733908687,11.499380733908495
435120,0,11.498494682867083,11.498494682866788
435180,0,11.497609401112735,11.497609401112387
435240,0,11.496724887778633,11.496724887778319
435300,0,11.495841142375768,11.495841142375573
435360,0,11.494958163394713,11.494958163394688
435420,0,11.494075949151943,11.494075949152109
435480,0,11.493194497963945,11.493194497964275
435540,0,11.49231380838129,11.492313808381736
435600,0,11.49143388037042,11.491433880370971
435660,0,11.49055471265977,11.490554712660412
435720,0,11.48967630367729,11.489676303677998
435780,0,11.488798651850946,11.488798651851685
435840,0,11.487921755788932,11.487921755789658
435900,0,11.48704561523671,11.487045615237367
435960,0,11.48617022906453,11.486170229065083
436020,0,11.48529559591751,11.485295595917949
436080,0,11.484421714440778,11.484421714441106
436140,0,11.483548557700004,11.483548557700253
436200,0,11.482676004457428,11.482676004457597
436260,0,11.481804168850873,11.48180416885097
436320,0,11.480933205838436,11.480933205838474
436380,0,11.48006327037823,11.480063270378235
436440,0,11.479194509686133,11.479194509686142
436500,0,11.478326918416968,11.478326918417032
436560,0,11.477460356966894,11.477460356967049
436620,0,11.476594681688253,11.47659468168849
436680,0,11.47572974893338,11.475729748933666
436740,0,11.474865445602319,11.474865445602584
436800,0,11.474001884392186,11.474001884392358
436860,0,11.473139084445531,11.473139084445581
436920,0,11.472277031121768,11.472277031121685
436980,0,11.47141570978031,11.47141570978012
437040,0,11.470555108766176,11.470555108765925
437100,0,11.469695238306333,11.46969523830604
437160,0,11.468836099174988,11.46883609917467
437220,0,11.467977688819849,11.467977688819532
437280,0,11.467120004688631,11.46712000468836
437340,0,11.466263044648434,11.466263044648267
437400,0,11.465406809408316,11.465406809408345
437460,0,11.464551297965446,11.46455129796572
437520,0,11.463696508819067,11.463696508819579
437580,0,11.462842440468435,11.462842440469124
437640,0,11.461989091584357,11.461989091585108
437700,0,11.46113646193943,11.461136461940132
437760,0,11.460284550505254,11.460284550505847
437820,0,11.45943335604169,11.459433356042155
437880,0,11.458582877308618,11.458582877308984
437940,0,11.457733113177225,11.457733113177563
438000,0,11.456884063198707,11.456884063199068
438060,0,11.456035726346688,11.45603573
438120,0,11.45518810145279,11.455188101453261
438180,0,11.45434118734866,11.454341187349169
438240,0,11.453494982968813,11.453494982969318
438300,0,11.452649487846683,11.45264948784715
438360,0,11.451804700932888,11.451804700933291
438420,0,11.450960621042881,11.450960621043222
438480,0,11.45011724699213,11.450117246992427
438540,0,11.44927457770732,11.449274577707603
438600,0,11.448432612764542,11.44843261276485
438660,0,11.447591351113072,11.447591351113424
438720,0,11.446750791556326,11.44675079155672
438780,0,11.445910932897746,11.445910932898155
438840,0,11.445071774056137,11.445071774056514
438900,0,11.444233314631504,11.444233314631793
438960,0,11.443395553585903,11.443395553586084
439020,0,11.442558489731082,11.44255848973115
439080,0,11.441722121878792,11.441722121878767
439140,0,11.440886448952078,11.440886448952003
439200,0,11.440051470540276,11.440051470540165
439260,0,11.43921719,11.439217185632474
439320,0,11.438383593074478,11.438383593074361
439380,0,11.437550691711357,11.437550691711271
439440,0,11.436718480497493,11.436718480497476
439500,0,11.435886959024236,11.43588695902435
439560,0,11.435056126272405,11.435056126272682
439620,0,11.434225981080338,11.434225981080772
439680,0,11.433396522286381,11.433396522286923
439740,0,11.432567748839595,11.432567748840167
439800,0,11.431739660345356,11.431739660345881
439860,0,11.43091225580132,11.430912255801763
439920,0,11.43008553406126,11.43008553406159
439980,0,11.429259493978943,11.429259493979165
440040,0,11.428434150138056,11.428434150138182
440100,0,11.427609575543263,11.427609575543265
440160,0,11.426785699168663,11.426785699168537
440220,0,11.425962424943007,11.425962424942771
440280,0,11.425139656795057,11.42513965679477
440340,0,11.424317309615736,11.424317309615482
440400,0,11.423495414432264,11.423495414432153
440460,0,11.42267402687432,11.422674026874416
440520,0,11.421853195090744,11.421853195091048
440580,0,11.421032967230381,11.421032967230847
440640,0,11.420213376479428,11.420213376479953
440700,0,11.419394362088696,11.419394362089191
440760,0,11.418575936743881,11.418575936744295
440820,0,11.417758131881426,11.41775813188174
440880,0,11.416940978937781,11.416940978938026
440940,0,11.41612450114745,11.41612450114768
441000,0,11.415308665939879,11.415308665940142
441060,0,11.41449347385148,11.414493473851804
441120,0,11.413678935126743,11.413678935127127
441180,0,11.412865060010182,11.412865060010587
441240,0,11.412051856121348,11.412051856121721
441300,0,11.411239312631933,11.411239312632208
441360,0,11.410427428334696,11.410427428334836
441420,0,11.409616205051593,11.40961621
441480,0,11.408805644604586,11.408805644604497
441540,0,11.407995748284012,11.40799574828389
441600,0,11.407186513332517,11.407186513332412
441660,0,11.40637793842526,11.406377938425202
441720,0,11.405570022809712,11.40557002280972
441780,0,11.40476276573336,11.404762765733437
441840,0,11.40395616652555,11.403956166525695
441900,0,11.40315022477817,11.403150224778406
441960,0,11.402344939264582,11.40234493926492
442020,0,11.40154030862227,11.401540308622703
442080,0,11.400736331488744,11.40073633148924
442140,0,11.399933006693052,11.399933006693566
442200,0,11.399130334221804,11.39913033422229
442260,0,11.398328313046893,11.39832831304732
442320,0,11.397526941894204,11.397526941894567
442380,0,11.396726219489638,11.396726219489944
442440,0,11.395926122499379,11.395926122499649
442500,0,11.395126546383615,11.395126546383853
442560,0,11.39432758979117,11.39432758979138
442620,0,11.393529386590279,11.393529386590478
442680,0,11.392732070649195,11.392732070649407
442740,0,11.391935769156484,11.39193576915674
442800,0,11.391140477605076,11.391140477605434
442860,0,11.390346075535362,11.390346075535852
442920,0,11.389552438989341,11.389552438989952
442980,0,11.388759444009015,11.388759444009693
443040,0,11.38796699300395,11.387966993004607
443100,0,11.387175183295419,11.387175183295955
443160,0,11.386384031472891,11.386384031473249
443220,0,11.385593524967206,11.385593524967382
443280,0,11.384803651209214,11.38480365120925
443340,0,11.384014400199305,11.384014400199295
443400,0,11.383225780779561,11.383225780779583
443460,0,11.382437793671702,11.382437793671803
443520,0,11.381650436735724,11.381650436735915
443580,0,11.380863707831626,11.38086370783189
443640,0,11.38007760516872,11.380077605169014
443700,0,11.37929212934737,11.379292129347672
443760,0,11.378507279581653,11.378507279581946
443820,0,11.377723054674068,11.377723054674341
443880,0,11.376939453427127,11.376939453427372
443940,0,11.376156474781034,11.376156474781242
444000,0,11.375374118545055,11.375374118545205
444060,0,11.374592383860284,11.374592383860362
444120,0,11.373811269695851,11.373811269695858
444180,0,11.373030775020895,11.373030775020853
444240,0,11.37225089890482,11.372250898904758
444300,0,11.37147164,11.371471641021351
444360,0,11.370693000510814,11.370693000510796
444420,0,11.369914976384269,11.369914976384287
444480,0,11.369137567652981,11.369137567653027
444540,0,11.368360773420077,11.36836077342014
444600,0,11.36758459333431,11.367584593334374
444660,0,11.36680902654125,11.366809026541317
444720,0,11.366034072067132,11.366034072067196
444780,0,11.365259728938195,11.365259728938256
444840,0,11.364485996272734,11.364485996272784
444900,0,11.363712873728604,11.363712873728634
444960,0,11.362940360448306,11.362940360448313
445020,0,11.362168455453899,11.362168455453885
445080,0,11.361397157767446,11.361397157767433
445140,0,11.360626466502763,11.360626466502783
445200,0,11.359856381320677,11.359856381320778
445260,0,11.359086901383703,11.359086901383911
445320,0,11.35831802573553,11.358318025735837
445380,0,11.357549753419857,11.357549753420237
445440,0,11.356782083566538,11.356782083566937
445500,0,11.35601501581987,11.356015015820239
445560,0,11.355248549357352,11.355248549357661
445620,0,11.354482683244997,11.354482683245235
445680,0,11.353717416548822,11.353717416549006
445740,0,11.352952762168025,11.35295276216819
445800,0,11.352188784349513,11.352188784349687
445860,0,11.351425420629136,11.351425420629335
445920,0,11.350662586513566,11.350662586513785
445980,0,11.349900197509484,11.349900197509717
446040,0,11.349138178763015,11.349138178763228
446100,0,11.34837655757174,11.348376557571903
446160,0,11.34761538291432,11.347615382914416
446220,0,11.346854697194999,11.346854697195031
446280,0,11.346094542818022,11.34609454281802
446340,0,11.345334949015214,11.345334949015228
446400,0,11.344575862332311,11.344575862332404
446460,0,11.343817293980948,11.343817293981145
446520,0,11.343059271681408,11.34305927168171
446580,0,11.342301823154001,11.342301823154381
446640,0,11.341544968890474,11.341544968890872
446700,0,11.340788680216418,11.34078868021679
446760,0,11.340032957661863,11.340032957662174
446820,0,11.339277810314888,11.339277810315131
446880,0,11.338523247263586,11.338523247263774
446940,0,11.33776927527128,11.337769275271441
447000,0,11.337015884782552,11.337015884782703
447060,0,11.336263074795117,11.336263074795266
447120,0,11.335510846992056,11.33551084699221
447180,0,11.334759203056453,11.334759203056615
447240,0,11.334008144188235,11.334008144188413
447300,0,11.33325766793328,11.333257667933488
447360,0,11.33250777318001,11.332507773180252
447420,0,11.331758459340206,11.331758459340477
447480,0,11.331009725825675,11.331009725825963
447540,0,11.330261572114388,11.330261572114665
447600,0,11.329513997862215,11.329513997862461
447660,0,11.328767002006456,11.328767002006662
447720,0,11.328020583370058,11.328020583370208
447780,0,11.32727474077597,11.32727474077606
447840,0,11.326529453497688,11.326529453497708
447900,0,11.325784628906023,11.325784628905948
447960,0,11.325040354542429,11.325040354542244
448020,0,11.32429674916828,11.324296749168004
448080,0,11.323553931544977,11.323553931544645
448140,0,11.322812014529855,11.322812014529525
448200,0,11.322070994272824,11.322070994272561
448260,0,11.321330763931664,11.321330763931511
448320,0,11.320591213531786,11.320591213531753
448380,0,11.319852233098604,11.319852233098679
448440,0,11.319113736036982,11.31911373603712
448500,0,11.318375808651325,11.31837580865153
448560,0,11.317638465789857,11.317638465790113
448620,0,11.31690169645669,11.316901696456984
448680,0,11.31616548965596,11.316165489656257
448740,0,11.315429836634005,11.315429836634266
448800,0,11.314694745115517,11.314694745115691
448860,0,11.313960215800307,11.313960215800357
448920,0,11.313226246895855,11.313226246895779
448980,0,11.31249283660967,11.312492836609483
449040,0,11.311759983445372,11.311759983445114
449100,0,11.311027687915871,11.311027687915564
449160,0,11.310295949329419,11.310295949329072
449220,0,11.309564766642996,11.309564766642632
449280,0,11.308834138813596,11.30883413881324
449340,0,11.308104064924144,11.30810406492383
449400,0,11.307374544849633,11.307374544849408
449460,0,11.306645577849308,11.306645577849206
449520,0,11.305917163024779,11.305917163024802
449580,0,11.305189299477659,11.305189299477789
449640,0,11.304461986393537,11.304461986393735
449700,0,11.303735223485049,11.30373522348529
449760,0,11.303009010052447,11.303009010052719
449820,0,11.302283345290723,11.302283345291011
449880,0,11.301558228394882,11.30155822839517
449940,0,11.300833658616625,11.30083366
450000,0,11.300109635564265,11.300109635564509
450060,0,11.29938615856879,11.299386158568986
450120,0,11.298663226890186,11.298663226890323
450180,0,11.297940839788453,11.297940839788536
450240,0,11.297218996569653,11.297218996569683
450300,0,11.29649769680974,11.296497696809709
450360,0,11.295776939826569,11.295776939826476
450420,0,11.295056724877702,11.295056724877554
450480,0,11.294337051220705,11.294337051220532
450540,0,11.293617918164978,11.29361791816482
450600,0,11.292899325317068,11.292899325316982
450660,0,11.292181271982379,11.292181271982393
450720,0,11.291463757397606,11.291463757397725
450780,0,11.29074678079946,11.290746780799658
450840,0,11.290030341489373,11.29003034148961
450900,0,11.289314439134248,11.28931443913449
450960,0,11.288599073015396,11.288599073015618
451020,0,11.28788424232758,11.287884242327776
451080,0,11.287169946265568,11.287169946265742
451140,0,11.286456184098736,11.286456184098911
451200,0,11.285742955535765,11.285742955535975
451260,0,11.285030259870954,11.28503025987121
451320,0,11.284318096301252,11.284318096301533
451380,0,11.283606464023606,11.28360646402387
451440,0,11.282895362305156,11.282895362305323
451500,0,11.282184790838391,11.282184790838352
451560,0,11.281474748946017,11.281474748945707
451620,0,11.280765235860738,11.280765235860184
451680,0,11.280056250815287,11.28005625081457
451740,0,11.279347793102492,11.279347793101776
451800,0,11.278639862379011,11.278639862378448
451860,0,11.277932457983932,11.277932457983614
451920,0,11.277225579179197,11.277225579179154
451980,0,11.276519225226762,11.276519225226957
452040,0,11.275813395441885,11.27581339544223
452100,0,11.275108089459211,11.275108089459659
452160,0,11.27440330662652,11.274403306627038
452220,0,11.273699046222758,11.27369904622333
452280,0,11.272995307526887,11.272995307527497
452340,0,11.272292089875465,11.272292089876101
452400,0,11.271589392930716,11.271589392931357
452460,0,11.270887216012557,11.27088721601319
452520,0,11.270185558363966,11.270185558364572
452580,0,11.269484419227922,11.269484419228501
452640,0,11.268783797912736,11.268783797913294
452700,0,11.268083694113342,11.26808369411388
452760,0,11.267384107164979,11.267384107165489
452820,0,11.266685036317881,11.266685036318357
452880,0,11.26598648,11.265986480822725
452940,0,11.265288451823015,11.265288451823377
453000,0,11.264591004602027,11.264591004602298
453060,0,11.263894085464155,11.263894085464324
453120,0,11.263197621770406,11.263197621770471
453180,0,11.262501540881791,11.262501540881766
453240,0,11.261805778438383,11.261805778438308
453300,0,11.261110357886523,11.261110357886437
453360,0,11.26041532141145,11.260415321411374
453420,0,11.259720705561177,11.259720705561111
453480,0,11.259026546883739,11.259026546883653
453540,0,11.258332870578645,11.258332870578489
453600,0,11.25763963,11.257639630617902
453660,0,11.25694683670279,11.256946836702319
453720,0,11.256254512756875,11.256254512756245
453780,0,11.255562682704936,11.255562682704209
453840,0,11.254871364238593,11.254871364237873
453900,0,11.254180532663753,11.254180532663156
453960,0,11.253490188481294,11.253490188480884
454020,0,11.252800339572389,11.252800339572175
454080,0,11.252110993818205,11.252110993818151
454140,0,11.251422157095769,11.251422157095792
454200,0,11.250733821203974,11.250733821203996
454260,0,11.250045985298787,11.250045985298765
454320,0,11.249358650849878,11.249358650849816
454380,0,11.24867181932693,11.248671819326853
454440,0,11.24798549178926,11.24798549178924
454500,0,11.247299666180854,11.24729966618096
454560,0,11.246614341566373,11.246614341566637
454620,0,11.245929517453428,11.245929517453849
454680,0,11.245245193349646,11.245245193350183
454740,0,11.24456136881438,11.244561368814958
454800,0,11.243878043555492,11.243878043556034
454860,0,11.243195216734797,11.243195216735266
454920,0,11.24251288742597,11.242512887426349
454980,0,11.241831054702685,11.241831054702992
455040,0,11.241149717756027,11.241149717756302
455100,0,11.240468876515893,11.240468876516168
455160,0,11.239788530338858,11.239788530339146
455220,0,11.239108678434583,11.239108678434885
455280,0,11.23842932001275,11.238429320013047
455340,0,11.237750454352273,11.237750454352538
455400,0,11.237072081189027,11.237072081189233
455460,0,11.236394199955873,11.236394199955999
455520,0,11.235716810001817,11.235716810001861
455580,0,11.235039910675878,11.235039910675852
455640,0,11.234363501378223,11.234363501378143
455700,0,11.233687581792228,11.233687581792106
455760,0,11.233012151287458,11.23301215
455820,0,11.23233720916436,11.23233720916417
455880,0,11.23166275472339,11.231662754723178
455940,0,11.230988787338335,11.230988787338095
456000,0,11.230315306790109,11.23031530678985
456060,0,11.229642312411693,11.22964231241142
456120,0,11.228969803437149,11.228969803436858
456180,0,11.228297779100535,11.228297779100245
456240,0,11.227626238709169,11.227626238708895
456300,0,11.226955182033446,11.226955182033201
456360,0,11.226284608489562,11.226284608489362
456420,0,11.225614517402333,11.225614517402175
456480,0,11.224944908096587,11.224944908096465
456540,0,11.224275763400312,11.22427576
456600,0,11.223607005248773,11.223607005248635
456660,0,11.22293870725415,11.222938707253968
456720,0,11.22227096934485,11.22227096934464
456780,0,11.221603891449297,11.221603891449098
456840,0,11.220937568489873,11.220937568489749
456900,0,11.220271997103925,11.220271997103964
456960,0,11.219607087713763,11.219607087714008
457020,0,11.218942748174484,11.218942748174927
457080,0,11.218278886341187,11.218278886341771
457140,0,11.217615429688887,11.21761542968952
457200,0,11.216952450705486,11.216952450706078
457260,0,11.21628996177448,11.216289961774976
457320,0,11.215627953580059,11.215627953580436
457380,0,11.214966416806417,11.214966416806684
457440,0,11.214305344042474,11.214305344042673
457500,0,11.21364474189008,11.213644741890223
457560,0,11.212984611008078,11.212984611008173
457620,0,11.212324949940081,11.212324949940133
457680,0,11.211665757229722,11.211665757229738
457740,0,11.211007031649093,11.211007031649082
457800,0,11.210348773573184,11.210348773573148
457860,0,11.209690982534802,11.20969098253475
457920,0,11.209033657802705,11.209033657802648
457980,0,11.208376798645663,11.208376798645602
458040,0,11.20772040439909,11.20772040439904
458100,0,11.207064474832706,11.207064474832679
458160,0,11.206409009415355,11.206409009415363
458220,0,11.205754007534447,11.20575400753449
458280,0,11.205099468577405,11.205099468577464
458340,0,11.204445391976655,11.204445391976707
458400,0,11.203791777428172,11.20379177742819
458460,0,11.20313862437533,11.20313862
458520,0,11.202485932202562,11.202485932202478
458580,0,11.201833700294316,11.201833700294172
458640,0,11.201181928086905,11.201181928086704
458700,0,11.200530615311022,11.200530615310734
458760,0,11.199879761390722,11.19987976139034
458820,0,11.199229365680896,11.199229365680441
458880,0,11.198579427536437,11.198579427535963
458940,0,11.197929946369918,11.197929946369506
459000,0,11.19728092193622,11.197280921935976
459060,0,11.196632353674318,11.19663235
459120,0,11.195984240948267,11.195984240948478
459180,0,11.195336583122137,11.195336583122533
459240,0,11.194689379612376,11.194689379612859
459300,0,11.19404263,11.194042630154494
459360,0,11.193396334207858,11.19339633420832
459420,0,11.192750491167791,11.19275049
459480,0,11.192105100427643,11.192105100428002
459540,0,11.191460171817907,11.191460171818239
459600,0,11.190815753875182,11.190815753875503
459660,0,11.190171799480808,11.190171799481124
459720,0,11.18952824489141,11.18952824489171
459780,0,11.188885026363616,11.188885026363875
459840,0,11.188242087413542,11.188242087413727
459900,0,11.187599448600812,11.187599448600857
459960,0,11.186957147000271,11.186957147000152
460020,0,11.186315214750497,11.186315214750223
460080,0,11.185673683990068,11.18567368398969
460140,0,11.185032576886606,11.185032576886213
460200,0,11.184391853020543,11.184391853020225
460260,0,11.183751520925851,11.183751520925657
460320,0,11.183111601633176,11.183111601633122
460380,0,11.182472116173177,11.182472116173246
460440,0,11.181833080107594,11.181833080107737
460500,0,11.181194471794553,11.181194471794743
460560,0,11.180556291677762,11.180556291677984
460620,0,11.179918546674935,11.179918546675182
460680,0,11.179281243703798,11.179281243704068
460740,0,11.178644387926235,11.178644387926532
460800,0,11.178007972177788,11.178007972178118
460860,0,11.177371995751955,11.17737199575232
460920,0,11.17673645997026,11.17673645997065
460980,0,11.176101366154235,11.176101366154636
461040,0,11.175466715250636,11.175466715251023
461100,0,11.174832505411311,11.174832505411665
461160,0,11.174198735895075,11.174198735895379
461220,0,11.17356540637193,11.173565406372175
461280,0,11.172932516511901,11.172932516512095
461340,0,11.172300065996456,11.172300065996609
461400,0,11.171668054449011,11.171668054449114
461460,0,11.171036481221373,11.171036481221424
461520,0,11.17040534563379,11.170405345633807
461580,0,11.169774647006532,11.169774647006532
461640,0,11.16914438473948,11.16914438473949
461700,0,11.168514558706285,11.168514558706338
461760,0,11.167885168346608,11.167885168346729
461820,0,11.167256212996886,11.16725621299708
461880,0,11.166627691993565,11.166627691993826
461940,0,11.16599958993636,11.165999589936662
462000,0,11.165371837088124,11.165371837088458
462060,0,11.164744499303321,11.164744499303675
462120,0,11.164117665952649,11.164117665953022
462180,0,11.163491426406821,11.163491426407212
462240,0,11.162865865593991,11.162865865594396
462300,0,11.162240980692761,11.162240980693182
462360,0,11.161616691497166,11.161616691497603
462420,0,11.16099291545326,11.160992915453706
462480,0,11.160369570007106,11.160369570007559
462540,0,11.159746590160655,11.15974659016111
462600,0,11.159124040767212,11.15912404076767
462660,0,11.158501933054376,11.158501933054831
462720,0,11.157880258845632,11.157880258846074
462780,0,11.157259009964463,11.157259009964882
462840,0,11.156638179906244,11.156638179906617
462900,0,11.156017774470223,11.156017774470524
462960,0,11.15539779424587,11.155397794246076
463020,0,11.154778237966541,11.154778237966653
463080,0,11.154159104365599,11.15415910436563
463140,0,11.153540392393541,11.153540392393516
463200,0,11.15292210246408,11.152922102464009
463260,0,11.152304234090888,11.152304234090776
463320,0,11.15168678652874,11.151686786528607
463380,0,11.15106975903243,11.151069759032298
463440,0,11.15045315094825,11.150453150948161
463500,0,11.149836962211893,11.149836962211909
463560,0,11.149221192334377,11.149221192334522
463620,0,11.148605840713966,11.148605840714241
463680,0,11.14799090674894,11.147990906749314
463740,0,11.147376389891031,11.147376389891432
463800,0,11.146762289929807,11.146762289930182
463860,0,11.146148606396277,11.146148606396588
463920,0,11.14553533875475,11.145535338754991
463980,0,11.144922486469541,11.144922486469726
464040,0,11.144310049044877,11.144310049045046
464100,0,11.14369802622308,11.143698026223268
464160,0,11.143086417529966,11.143086417530192
464220,0,11.142475222439684,11.142475222439947
464280,0,11.141864440426389,11.141864440426675
464340,0,11.141254071003754,11.141254071004028
464400,0,11.140644113916895,11.140644113917118
464460,0,11.14003456868923,11.140034568689384
464520,0,11.139425434792429,11.13942543479252
464580,0,11.138816711698176,11.138816711698231
464640,0,11.138208408360416,11.138208408360487
464700,0,11.137600568894726,11.137600568894861
464760,0,11.136993150500277,11.136993150500505
464820,0,11.136386095271098,11.136386095271426
464880,0,11.135779345301227,11.135779345301644
464940,0,11.135172849285903,11.135172849286384
465000,0,11.134566625939948,11.134566625940476
465060,0,11.133960708933342,11.133960708933905
465120,0,11.133355127442417,11.133355127443009
465180,0,11.132749910643517,11.132749910644133
465240,0,11.132145078665097,11.13214507866573
465300,0,11.131540594841729,11.131540594842374
465360,0,11.13093646692831,11.13093646692896
465420,0,11.130332714019401,11.13033271402005
465480,0,11.129729355209596,11.129729355210234
465540,0,11.12912640462491,11.129126404625527
465600,0,11.128523842612685,11.128523842613266
465660,0,11.12792166962001,11.127921669620553
465720,0,11.127319891978459,11.127319891978951
465780,0,11.126718516019613,11.126718516020047
465840,0,11.126117546465878,11.126117546466237
465900,0,11.125516976764459,11.125516976764722
465960,0,11.12491680631663,11.124916806316783
466020,0,11.124317036385115,11.124317036385163
466080,0,11.12371766823265,11.123717668232619
466140,0,11.1231187,11.12311870277573
466200,0,11.122520138333767,11.122520138333696
466260,0,11.121921974221872,11.12192197422182
466320,0,11.121324210133135,11.121324210133121
466380,0,11.120726845760597,11.120726845760629
466440,0,11.120129880831009,11.120129880831092
466500,0,11.11953332,11.119533315122261
466560,0,11.118937147979791,11.118937147980045
466620,0,11.11834137868648,11.118341378686816
466680,0,11.11774600652458,11.117746006524973
466740,0,11.117151030882777,11.117151030883168
466800,0,11.11655645,11.116556451797118
466860,0,11.115962268747321,11.115962268747538
466920,0,11.115368481079141,11.11536848107926
466980,0,11.114775088137078,11.114775088137137
467040,0,11.114182075794872,11.114182075794954
467100,0,11.113589380308477,11.113589380308683
467160,0,11.112997061967043,11.112997061967425
467220,0,11.112405202563211,11.112405202563757
467280,0,11.111813883889635,11.111813883890267
467340,0,11.111223183647864,11.111223183648443
467400,0,11.110633099160852,11.110633099161229
467460,0,11.110043557199697,11.11004355719979
467520,0,11.109454482429978,11.109454482429785
467580,0,11.108865799517273,11.108865799516874
467640,0,11.108277449161692,11.10827744916123
467700,0,11.107689490623494,11.107689490623121
467760,0,11.107101934120802,11.107101934120596
467820,0,11.10651477214408,11.106514772144047
467880,0,11.105927997183795,11.105927997183887
467940,0,11.105341603275523,11.105341603275622
468000,0,11.104755595804978,11.104755595804976
468060,0,11.104169975308873,11.104169975308713
468120,0,11.103584740605818,11.103584740605497
468180,0,11.102999890514447,11.102999890514015
468240,0,11.102415424052259,11.102415424051813
468300,0,11.101831341607177,11.101831341606808
468360,0,11.101247642792812,11.101247642792567
468420,0,11.100664326989623,11.100664326989516
468480,0,11.10008139357808,11.100081393578092
468540,0,11.099498842010801,11.099498842010883
468600,0,11.098916672200286,11.098916672200405
468660,0,11.09833488371645,11.098334883716593
468720,0,11.097753476039719,11.097753476039872
468780,0,11.097172448650511,11.097172448650673
468840,0,11.096591801074778,11.09659180107496
468900,0,11.096011533123173,11.096011533123376
468960,0,11.095431644381016,11.09543164438124
469020,0,11.094852134376406,11.094852134376648
469080,0,11.09427300263747,11.094273002637708
469140,0,11.093694248728706,11.09369424872892
469200,0,11.09311587242999,11.093115872430147
469260,0,11.092537873320868,11.09253787332095
469320,0,11.09196025093353,11.091960250933539
469380,0,11.091383004800191,11.091383004800148
469440,0,11.090806134491405,11.090806134491347
469500,0,11.09022963979932,11.09022963979928
469560,0,11.089653520295876,11.089653520295869
469620,0,11.089077775502368,11.089077775502407
469680,0,11.088502404940114,11.0885024
469740,0,11.087927416775818,11.087927416775958
469800,0,11.087352851243253,11.087352851243454
469860,0,11.086778669345088,11.08677866934536
469920,0,11.086204818313131,11.086204818313467
469980,0,11.085631245379195,11.08563124537958
470040,0,11.085057903790876,11.085057903791274
470100,0,11.084484810610174,11.084484810610546
470160,0,11.08391199653527,11.083911996535592
470220,0,11.083339488169784,11.083339488170065
470280,0,11.082767312117355,11.082767312117621
470340,0,11.082195486732507,11.082195486732827
470400,0,11.081623978595955,11.081623978596419
470460,0,11.081052794797124,11.08105279479777
470520,0,11.08048195276479,11.080481952765606
470580,0,11.07991146992775,11.079911469928657
470640,0,11.07934135918479,11.079341359185658
470700,0,11.078771602631976,11.078771602632655
470760,0,11.078202200681758,11.078202200682167
470820,0,11.077633159110917,11.07763315911105
470880,0,11.077064483696244,11.077064483696176
470940,0,11.076496178752457,11.076496178752341
471000,0,11.075928238340223,11.075928238340206
471060,0,11.075360661914123,11.075360661914283
471120,0,11.074793450618769,11.074793450619117
471180,0,11.07422660559878,11.074226605599263
471240,0,11.073660127691614,11.07366012769212
471300,0,11.07309401541362,11.07309401541405
471360,0,11.072528268137813,11.072528268138111
471420,0,11.071962885570175,11.07196288557034
471480,0,11.071397867416707,11.071397867416778
471540,0,11.070833213419533,11.07083321
471600,0,11.070268923408824,11.07026892340897
471660,0,11.069704996807266,11.069704996807527
471720,0,11.069141432973876,11.069141432974265
471780,0,11.06857823126769,11.068578231268175
471840,0,11.068015378710667,11.06801537871119
471900,0,11.067452816925162,11.067452816925677
471960,0,11.066890601194173,11.066890601194658
472020,0,11.066328806499511,11.066328806499946
472080,0,11.065767507822988,11.065767507823363
472140,0,11.065206776414644,11.06520677641495
472200,0,11.064646609924964,11.064646609925164
472260,0,11.06408694118406,11.064086941184136
472320,0,11.063527701064329,11.063527701064295
472380,0,11.062968820438176,11.062968820438073
472440,0,11.062410244879084,11.062410244878981
472500,0,11.06185203,11.061852028716869
472560,0,11.061294181409949,11.061294181410037
472620,0,11.060736696170514,11.060736696170729
472680,0,11.060179566210882,11.060179566211195
472740,0,11.059622786135968,11.05962278613632
472800,0,11.059066360800177,11.059066360800516
472860,0,11.058510290719525,11.058510290719827
472920,0,11.057954574864047,11.057954574864306
472980,0,11.057399212203782,11.057399212204013
473040,0,11.056844201880285,11.056844201880518
473100,0,11.056289544218039,11.05628954
473160,0,11.055735238875654,11.055735238875949
473220,0,11.055181285310798,11.05518128531114
473280,0,11.054627682981183,11.054627682981566
473340,0,11.054074431403105,11.054074431403519
473400,0,11.053521530474722,11.053521530475182
473460,0,11.052968979829624,11.05296897983013
473520,0,11.052416779029768,11.05241678
473580,0,11.05186492763713,11.051864927637661
473640,0,11.051313425244494,11.051313425244972
473700,0,11.050762271643208,11.05076227164357
473760,0,11.050211466481707,11.050211466481914
473820,0,11.049661009370467,11.049661009370517
473880,0,11.049110899919972,11.049110899919901
473940,0,11.04856114,11.048561137760766
474000,0,11.048011722646615,11.048011722646459
474060,0,11.047462654224539,11.047462654224391
474120,0,11.046913932116233,11.046913932116116
474180,0,11.046365555943266,11.046365555943188
474240,0,11.045817533306845,11.04581753330681
474300,0,11.045269901363294,11.045269901363323
474360,0,11.044722624068784,11.044722624068884
474420,0,11.044175652663434,11.044175652663613
474480,0,11.043628938387393,11.043628938387643
474540,0,11.043082438033373,11.043082438033686
474600,0,11.042536167342558,11.042536167342927
474660,0,11.041990154721333,11.041990154721756
474720,0,11.041444424803107,11.041444424803577
474780,0,11.040899002221304,11.040899002221805
474840,0,11.040353903974626,11.040353903975138
474900,0,11.039809099141499,11.039809099141998
474960,0,11.039264594287726,11.039264594288193
475020,0,11.038720405548062,11.038720405548492
475080,0,11.038176549057273,11.038176549057676
475140,0,11.037633036756555,11.037633036756953
475200,0,11.03708985207921,11.037089852079616
475260,0,11.036546995426427,11.036546995426843
475320,0,11.036004472166255,11.03600447216669
475380,0,11.035462287666762,11.035462287667213
475440,0,11.034920445932137,11.034920445932594
475500,0,11.034378941427258,11.034378941427716
475560,0,11.033837773692087,11.033837773692543
475620,0,11.033296943846569,11.03329694384702
475680,0,11.032756453010661,11.032756453011116
475740,0,11.03221630199641,11.032216301996872
475800,0,11.03167648933991,11.031676489340397
475860,0,11.031137014520178,11.031137014520699
475920,0,11.030597877356746,11.030597877357287
475980,0,11.030059077669142,11.030059077669677
476040,0,11.029520615283976,11.029520615284456
476100,0,11.028982489946598,11.02898248994696
476160,0,11.028444701159334,11.028444701159545
476220,0,11.027907248399009,11.027907248399066
476280,0,11.027370131142455,11.02737013114239
476340,0,11.02683334894109,11.026833348940947
476400,0,11.026296901787793,11.026296901787614
476460,0,11.02576078926521,11.025760789265018
476520,0,11.025225010858998,11.02522501085881
476580,0,11.024689566054816,11.024689566054638
476640,0,11.024154442923901,11.024154442923736
476700,0,11.023619587479907,11.023619587479766
476760,0,11.023085050808573,11.023085050808463
476820,0,11.02255090221418,11.022550902214109
476880,0,11.022017211001016,11.022017211000987
476940,0,11.021484042994318,11.021484042994349
477000,0,11.02095139589723,11.020951395897342
477060,0,11.020419207799318,11.020419207799527
477120,0,11.019887415030222,11.019887415030515
477180,0,11.019355953919595,11.019355953919934
477240,0,11.018824774341772,11.018824774342091
477300,0,11.018293926364692,11.018293926364901
477360,0,11.017763418701131,11.017763418701188
477420,0,11.017233245094681,11.017233245094593
477480,0,11.016703399288936,11.016703399288765
477540,0,11.016173876311765,11.01617387631163
477600,0,11.015644680647824,11.015644680647855
477660,0,11.015115812788803,11.015115812789064
477720,0,11.01458727,11.014587271801792
477780,0,11.01405905675193,11.014059056752583
477840,0,11.013531166860544,11.013531166861211
477900,0,11.013003602413706,11.01300360241425
477960,0,11.012476363119552,11.01247636311989
478020,0,11.01194944850803,11.011949448508155
478080,0,11.011422858109102,11.011422858109075
478140,0,11.010896591501142,11.010896591501092
478200,0,11.010370648577025,11.010370648577076
478260,0,11.009845029009476,11.00984502900969
478320,0,11.00931973241193,11.009319732412314
478380,0,11.00879475839784,11.008794758398336
478440,0,11.00827010660718,11.008270106607672
478500,0,11.007745776849118,11.007745776849498
478560,0,11.007221768806971,11.00722176880718
478620,0,11.006698082131136,11.006698082131171
478680,0,11.00617471647203,11.006174716471941
478740,0,11.005651678886283,11.005651678886178
478800,0,11.005129003867198,11.005129003867186
478860,0,11.004606657976927,11.004606657977062
478920,0,11.004084595976066,11.004084595976352
478980,0,11.003562772625221,11.003562772625603
479040,0,11.003041147833498,11.003041147833883
479100,0,11.002519736194442,11.002519736194737
479160,0,11.001998564087831,11.001998564087982
479220,0,11.001477654398444,11.001477654398444
479280,0,11.00095703001107,11.000957030010941
479340,0,11.00043670672279,11.000436706722597
479400,0,10.999916655835982,10.999916655835781
479460,0,10.999396883441708,10.999396883441523
479520,0,10.998877404513374,10.99887740451321
479580,0,10.998358234024392,10.998358234024233
479640,0,10.997839383062763,10.997839383062573
479700,0,10.997320836289825,10.99732083628956
479760,0,10.996802594065475,10.99680259406512
479820,0,10.99628466,10.996284661349257
479880,0,10.995767043102498,10.99576704
479940,0,10.995249743025674,10.995249743025164
480000,0,10.994732756019616,10.994732756019134
480060,0,10.994216081664355,10.994216081663932
480120,0,10.993699720997316,10.993699720996966
480180,0,10.993183675055931,10.99318367505566
480240,0,10.992667944590835,10.992667944590648
480300,0,10.992152528244535,10.992152528244464
480360,0,10.991637425557217,10.99163742555728
480420,0,10.991122636387772,10.99112263638795
480480,0,10.990608160595084,10.990608160595349
480540,0,10.990094,10.990093998040587
480600,0,10.989580148478556,10.989580148478812
480660,0,10.98906661145489,10.98906661145508
480720,0,10.988553386495633,10.988553386495742
480780,0,10.988040473127121,10.988040473127155
480840,0,10.987527870948067,10.987527870948043
480900,0,10.987015579975393,10.987015579975312
480960,0,10.986503599810822,10.986503599810685
481020,0,10.985991929960589,10.985991929960404
481080,0,10.985480569930926,10.985480569930706
481140,0,10.984969508633203,10.984969508632974
481200,0,10.984458695960008,10.984458695959797
481260,0,10.983948179363486,10.983948179363306
481320,0,10.983438023208766,10.983438023208624
481380,0,10.982928291860986,10.982928291860867
481440,0,10.982419046458755,10.98241904645864
481500,0,10.981910284901739,10.981910284901604
481560,0,10.981401949701315,10.981401949701153
481620,0,10.98089398172855,10.980893981728357
481680,0,10.980386321854532,10.980386321854311
481740,0,10.979878923530002,10.979878923529768
481800,0,10.979371833263276,10.979371833263018
481860,0,10.97886505915805,10.97886505915777
481920,0,10.978358595415662,10.978358595415376
481980,0,10.977852436237471,10.977852436237212
482040,0,10.977346577015872,10.97734657701569
482100,0,10.976841021916464,10.976841021916437
482160,0,10.976335771406466,10.976335771406626
482220,0,10.97583082463182,10.975830824632165
482280,0,10.975326180738493,10.975326180738971
482340,0,10.974821839015796,10.974821839016313
482400,0,10.974317799743417,10.97431779974388
482460,0,10.973814062647156,10.97381406264751
482520,0,10.97331062728511,10.973310627285347
482580,0,10.97280749321539,10.97280749321553
482640,0,10.972304660042923,10.97230466004303
482700,0,10.971802127681775,10.971802127681897
482760,0,10.971299895841058,10.971299895841225
482820,0,10.97079796417317,10.97079796417338
482880,0,10.97029633233052,10.97029633233075
482940,0,10.969794999987458,10.969794999987668
483000,0,10.969293966962303,10.969293966962432
483060,0,10.96879323297575,10.96879323297577
483120,0,10.968292797721782,10.968292797721709
483180,0,10.967792660894398,10.967792660894279
483240,0,10.96729282220105,10.967292822200973
483300,0,10.966793281430235,10.966793281430297
483360,0,10.96629403829848,10.966294038298745
483420,0,10.965795092504981,10.96579509250544
483480,0,10.96529644374893,10.965296443749528
483540,0,10.964798091744942,10.96479809174556
483600,0,10.964300036293107,10.964300036293643
483660,0,10.963802277099022,10.963802277099415
483720,0,10.96330481384745,10.963304813847682
483780,0,10.962807646223157,10.962807646223258
483840,0,10.96231077393133,10.962310773931367
483900,0,10.961814196793886,10.961814196793911
483960,0,10.961317914513526,10.961317914513565
484020,0,10.96082192676583,10.96082192676589
484080,0,10.96032623,10.960326233226464
484140,0,10.959830840365822,10.959830840365864
484200,0,10.959335779837044,10.959335779837039
484260,0,10.958841020984785,10.958841020984718
484320,0,10.95834652,10.958346522327368
484380,0,10.957852242383659,10.957852242383462
484440,0,10.95735814439513,10.957358144394869
484500,0,10.95686424175937,10.956864241759016
484560,0,10.956370558664279,10.956370558663822
484620,0,10.955877116089525,10.955877116088995
484680,0,10.955383935014783,10.955383935014241
484740,0,10.954891029917915,10.954891029917462
484800,0,10.954398374476254,10.954398374476012
484860,0,10.953905974306736,10.953905974306773
484920,0,10.953413843176524,10.953413843176847
484980,0,10.952921994852787,10.95292199485334
485040,0,10.95243043952692,10.952430439527582
485100,0,10.951939163086939,10.951939163087635
485160,0,10.951448165897066,10.951448165897743
485220,0,10.950957452557322,10.950957452557944
485280,0,10.950467027667738,10.950467027668289
485340,0,10.949976894670515,10.949976894670986
485400,0,10.949487048887558,10.949487048887914
485460,0,10.948997489912339,10.948997489912554
485520,0,10.948508218676675,10.948508218676752
485580,0,10.948019236112394,10.94801923611237
485640,0,10.947530542904756,10.947530542904687
485700,0,10.947042137888618,10.947042137888566
485760,0,10.946554020607712,10.946554020607712
485820,0,10.946066190874745,10.946066190874806
485880,0,10.945578648502442,10.945578648502549
485940,0,10.945091393316883,10.94509139331699
486000,0,10.944604425141232,10.944604425141296
486060,0,10.944117743589105,10.944117743589109
486120,0,10.94363134824588,10.94363134824583
486180,0,10.943145238696937,10.943145238696866
486240,0,10.94265941457423,10.942659414574207
486300,0,10.942173875810987,10.942173875811093
486360,0,10.941688622126417,10.941688622126698
486420,0,10.941203653182514,10.941203653182958
486480,0,10.940718968641285,10.940718968641836
486540,0,10.940234568189071,10.940234568189627
486600,0,10.939750451672023,10.939750451672474
486660,0,10.939266618828274,10.939266618828562
486720,0,10.938783069366355,10.938783069366469
486780,0,10.93829980299481,10.938299802994793
486840,0,10.937816819444349,10.937816819444281
486900,0,10.937334118561848,10.937334118561806
486960,0,10.936851700047297,10.936851700047315
487020,0,10.936369563569851,10.936369563569947
487080,0,10.93588770879868,10.935887708798834
487140,0,10.93540613543375,10.935406135433928
487200,0,10.934924843355647,10.934924843355828
487260,0,10.934443832272542,10.93444383227271
487320,0,10.933963101852282,10.93396310185243
487380,0,10.933482651762741,10.933482651762867
487440,0,10.933002472043201,10.93300247
487500,0,10.932522517188971,10.932522517189021
487560,0,10.93204283021807,10.932042830218062
487620,0,10.931563469507868,10.931563469507816
487680,0,10.931084493435748,10.93108449343568
487740,0,10.930605957451442,10.93060595745141
487800,0,10.930127859657839,10.930127859657894
487860,0,10.929650147956915,10.929650147957092
487920,0,10.929172768766815,10.92917276876712
487980,0,10.928695668505682,10.928695668506096
488040,0,10.928218805000784,10.928218805001263
488100,0,10.927742220450247,10.927742220450773
488160,0,10.92726592217559,10.927265922176138
488220,0,10.926789904885956,10.926789904886517
488280,0,10.926314163290508,10.926314163291075
488340,0,10.925838693187764,10.925838693188332
488400,0,10.925363498399667,10.925363498400225
488460,0,10.924888579364238,10.924888579364781
488520,0,10.924413935310955,10.924413935311474
488580,0,10.923939565469302,10.923939565469782
488640,0,10.92346546919507,10.923465469195499
488700,0,10.922991646732893,10.922991646733243
488760,0,10.922518097866199,10.922518097866455
488820,0,10.922044822232781,10.922044822232943
488880,0,10.921571819470438,10.921571819470525
488940,0,10.921099089250811,10.92109908925085
489000,0,10.920626631470773,10.920626631470784
489060,0,10.920154445882297,10.92015444588229
489120,0,10.919682532196619,10.919682532196608
489180,0,10.919210890124996,10.919210890124992
489240,0,10.918739525650846,10.918739525650853
489300,0,10.918268467999487,10.918268467999518
489360,0,10.917797688877547,10.917797688877613
489420,0,10.917327149998028,10.91732714999813
489480,0,10.916856813073938,10.916856813074086
489540,0,10.916386644176963,10.916386644177159
489600,0,10.915916655671474,10.915916655671737
489660,0,10.915446869895614,10.915446869895948
489720,0,10.91497730622834,10.91497730622874
489780,0,10.914507984048617,10.914507984049065
489840,0,10.914038916737251,10.914038916737702
489900,0,10.913570080019943,10.913570080020362
489960,0,10.913101479062854,10.913101479063213
490020,0,10.91263312654904,10.91263312654933
490080,0,10.91216503516155,10.912165035161793
490140,0,10.911697214293886,10.911697214294112
490200,0,10.911229650971935,10.911229650972173
490260,0,10.910762345523235,10.910762345523503
490320,0,10.910295302170825,10.91029530217112
490380,0,10.909828525137755,10.909828525138051
490440,0,10.909362017580229,10.909362017580484
490500,0,10.908895775189697,10.908895775189865
490560,0,10.908429797622277,10.908429797622329
490620,0,10.907964085769562,10.907964085769498
490680,0,10.907498640523144,10.907498640522997
490740,0,10.907033462536141,10.907033462535967
490800,0,10.906568550693887,10.906568550693756
490860,0,10.906103904603809,10.906103904603752
490920,0,10.905639524136392,10.905639524136408
490980,0,10.905175409162142,10.905175409162199
491040,0,10.904711559561715,10.90471155956175
491100,0,10.904247975176036,10.904247975175979
491160,0,10.903784655624465,10.903784655624277
491220,0,10.903321600499904,10.903321600499591
491280,0,10.902858809395271,10.90285880939488
491340,0,10.90239628196599,10.902396281965608
491400,0,10.901934018242292,10.901934018241988
491460,0,10.901472017918374,10.901472017918202
491520,0,10.901010280607775,10.901010280607746
491580,0,10.900548805924027,10.900548805924135
491640,0,10.900087593520796,10.90008759352102
491700,0,10.899626643328872,10.899626643329224
491760,0,10.899165955123719,10.899165955124198
491820,0,10.89870552863381,10.898705528634391
491880,0,10.898245363587638,10.898245363588268
491940,0,10.897785450732323,10.897785450732917
492000,0,10.897325747634696,10.89732574763514
492060,0,10.89686629439168,10.896866294391911
492120,0,10.896407145423744,10.896407145423764
492180,0,10.895948355151372,10.895948355151239
492240,0,10.89548997527792,10.895489975277751
492300,0,10.895032004100159,10.89503200410006
492360,0,10.89457439301971,10.89457439301974
492420,0,10.894117092036792,10.894117092036973
492480,0,10.893660051151631,10.893660051151935
492540,0,10.893203231007401,10.893203231007764
492600,0,10.892746670970201,10.892746670970597
492660,0,10.89229037790115,10.892290377901562
492720,0,10.89183434689834,10.89183434689874
492780,0,10.891378573059864,10.89137857306023
492840,0,10.890923052491122,10.890923052491427
492900,0,10.890467788727287,10.890467788727472
492960,0,10.890012782192256,10.890012782192288
493020,0,10.889558032193825,10.889558032193712
493080,0,10.889103538039791,10.889103538039581
493140,0,10.88864929915251,10.888649299152293
493200,0,10.888195315754905,10.888195315754771
493260,0,10.88774158764245,10.887741587642449
493320,0,10.887288114477792,10.887288114477935
493380,0,10.886834895923604,10.886834895923858
493440,0,10.88638193167852,10.886381931678814
493500,0,10.885929221671656,10.885929221671946
493560,0,10.885476765663245,10.885476765663507
493620,0,10.885024563369047,10.885024563369257
493680,0,10.88457261450482,10.884572614504968
493740,0,10.88412092464609,10.884120924646167
493800,0,10.883669521098275,10.883669521098254
493860,0,10.883218377456918,10.883218377456782
493920,0,10.882767457983169,10.88276745798292
493980,0,10.882316726938193,10.88231672693787
494040,0,10.881866152656249,10.881866152655904
494100,0,10.88141574670269,10.881415746702377
494160,0,10.88096552991592,10.880965529915672
494220,0,10.88051552036527,10.880515520365101
494280,0,10.880065736120082,10.88006573611999
494340,0,10.879616189655504,10.879616189655476
494400,0,10.879166858334681,10.879166858334722
494460,0,10.878717746990038,10.878717746990151
494520,0,10.878268867465565,10.87826886746574
494580,0,10.87782023160526,10.877820231605476
494640,0,10.877371848180587,10.877371848180815
494700,0,10.876923705077324,10.87692370507753
494760,0,10.87647580261541,10.876475802615575
494820,0,10.876028144754063,10.876028144754182
494880,0,10.875580735452518,10.875580735452592
494940,0,10.875133577673905,10.875133577673948
495000,0,10.874686667403223,10.874686667403232
495060,0,10.874240004313364,10.874240004313338
495120,0,10.87379358922967,10.873793589229617
495180,0,10.87334742297749,10.873347422977428
495240,0,10.872901506166828,10.87290150616678
495300,0,10.872455837794424,10.872455837794407
495360,0,10.872010417480622,10.87201041748065
495420,0,10.871565245081042,10.871565245081136
495480,0,10.871120320451311,10.871120320451487
495540,0,10.870675643460434,10.87067564346072
495600,0,10.870231213977764,10.870231213978213
495660,0,10.869787031668288,10.86978703166893
495720,0,10.869343096169148,10.869343096169965
495780,0,10.868899407117487,10.868899407118427
495840,0,10.868455964197395,10.86845596419836
495900,0,10.868012767391408,10.868012767392306
495960,0,10.867569816458035,10.867569816458815
496020,0,10.867127111097473,10.867127111098107
496080,0,10.866684651009916,10.866684651010422
496140,0,10.866242427521758,10.866242427522176
496200,0,10.865800401063474,10.865800401063817
496260,0,10.865358609078882,10.865358609079154
496320,0,10.864917102371686,10.864917102371901
496380,0,10.864475931745604,10.864475931745782
496440,0,10.864035145470169,10.864035145470341
496500,0,10.86359474197295,10.86359474197315
496560,0,10.863154675892053,10.863154675892307
496620,0,10.862714900554414,10.86271490055472
496680,0,10.862275369286975,10.862275369287312
496740,0,10.861836045356215,10.861836045356547
496800,0,10.86139696553454,10.861396965534833
496860,0,10.860958136214219,10.860958136214451
496920,0,10.860519552800044,10.860519552800206
496980,0,10.86008121069682,10.860081210696912
497040,0,10.85964310625601,10.859643106256032
497100,0,10.859205242806551,10.859205242806482
497160,0,10.858767620745176,10.858767620745006
497220,0,10.858330239419045,10.858330239418791
497280,0,10.857893098175323,10.85789309817503
497340,0,10.857456196472638,10.857456196472379
497400,0,10.85701953454197,10.857019534541829
497460,0,10.856583112187604,10.856583112187625
497520,0,10.85614692908372,10.856146929083916
497580,0,10.855710984904531,10.855710984904876
497640,0,10.855275279362722,10.855275279363156
497700,0,10.854839812415966,10.854839812416454
497760,0,10.854404583838509,10.854404583839028
497820,0,10.853969593356787,10.853969593357316
497880,0,10.853534840697248,10.853534840697774
497940,0,10.853100325612647,10.853100325613147
498000,0,10.852666048015342,10.85266605
498060,0,10.852232007679365,10.852232007679762
498120,0,10.851798204345029,10.851798204345348
498180,0,10.851364637752662,10.851364637752889
498240,0,10.850931313117592,10.850931313117702
498300,0,10.850498255957744,10.85049825595768
498360,0,10.850065441606905,10.850065441606647
498420,0,10.849632836677312,10.849632836676872
498480,0,10.849200407781193,10.849200407780643
498540,0,10.848768125336033,10.848768125335482
498600,0,10.848336000149182,10.848336000148752
498660,0,10.84790405169416,10.847904051693925
498720,0,10.847472296857754,10.847472296857728
498780,0,10.84704075252677,10.847040752526897
498840,0,10.84660943035865,10.846609430358832
498900,0,10.846178309195274,10.846178309195427
498960,0,10.845747393567073,10.845747393567148
499020,0,10.845316694559616,10.845316694559598
499080,0,10.844886223258483,10.84488622325839
499140,0,10.84445598787544,10.844455987875318
499200,0,10.844025977085185,10.844025977085057
499260,0,10.843596191188961,10.843596191188848
499320,0,10.84316663389166,10.843166633891567
499380,0,10.842737308898176,10.842737308898105
499440,0,10.842308218986117,10.842308218986073
499500,0,10.841879360425198,10.84187936
499560,0,10.841450732898718,10.841450732898764
499620,0,10.84102233716123,10.841022337161322
499680,0,10.840594173967315,10.840594173967428
499740,0,10.840166243876167,10.840166243876267
499800,0,10.839738545978262,10.83973854597829
499860,0,10.839311079921568,10.839311079921504
499920,0,10.838883845566858,10.838883845566713
499980,0,10.838456842774916,10.83845684277473
500040,0,10.83803007141868,10.838030071418546
500100,0,10.837603531377557,10.837603531377566
500160,0,10.837177222355287,10.837177222355486
500220,0,10.836751144031087,10.836751144031483
500280,0,10.836325296084189,10.836325296084752
500340,0,10.835899678233659,10.835899678234323
500400,0,10.835474290452066,10.835474290452797
500460,0,10.835049132521894,10.835049132522666
500520,0,10.834624204176135,10.834624204176915
500580,0,10.834199505147778,10.834199505148542
500640,0,10.833775027334122,10.833775027334829
500700,0,10.833350733715294,10.833350733715887
500760,0,10.832926659324716,10.832926659325166
500820,0,10.832502851696303,10.83250285
500880,0,10.832079358363979,10.832079358364146
500940,0,10.831656224496228,10.831656224496307
501000,0,10.831233448655476,10.831233448655489
501060,0,10.830810988393027,10.830810988392994
501120,0,10.83038880002534,10.830388800025275
501180,0,10.82996683986887,10.829966839868804
501240,0,10.829545073539284,10.829545073539247
501300,0,10.82912354,10.82912353544054
501360,0,10.82870223,10.82870223158335
501420,0,10.828281157700813,10.828281157701069
501480,0,10.827860309526784,10.82786030952711
501540,0,10.827439683674521,10.827439683674857
501600,0,10.827019283242354,10.827019283242642
501660,0,10.826599108601348,10.826599108601554
501720,0,10.826179159146811,10.826179159146923
501780,0,10.82575943427406,10.82575943427409
501840,0,10.825339933484434,10.825339933484413
501900,0,10.824920657007285,10.824920657007208
501960,0,10.8245016,10.824501604654882
502020,0,10.824082776115356,10.82408277611521
502080,0,10.823664171076127,10.82366417107599
502140,0,10.82324578926515,10.823245789265075
502200,0,10.822827630664037,10.822827630664099
502260,0,10.822409695061582,10.822409695061816
502320,0,10.821991982196668,10.821991982197078
502380,0,10.821574491808194,10.82157449180873
502440,0,10.82115722366073,10.821157223661304
502500,0,10.820740177679928,10.820740177680461
502560,0,10.820323353665222,10.820323353665666
502620,0,10.819906751383844,10.819906751384181
502680,0,10.819490370603027,10.819490370603281
502740,0,10.819074211107976,10.819074211108193
502800,0,10.818658272794908,10.818658272795115
502860,0,10.81824256,10.818242555469118
502920,0,10.817827058912268,10.817827058912497
502980,0,10.81741178290734,10.817411782907573
503040,0,10.816996732332683,10.816996732332898
503100,0,10.81658193,10.81658193094987
503160,0,10.816167355782143,10.816167355782257
503220,0,10.815752975733554,10.81575297573362
503280,0,10.815338759707481,10.815338759707528
503340,0,10.814924680147078,10.814924680147161
503400,0,10.814510747099144,10.814510747099332
503460,0,10.814096978726845,10.814096978727171
503520,0,10.813683390791573,10.813683390792038
503580,0,10.813269999054745,10.813269999055299
503640,0,10.812856814400568,10.812856814401128
503700,0,10.812443817101279,10.812443817101748
503760,0,10.812031011377393,10.812031011377723
503820,0,10.811618407562305,10.811618407562493
503880,0,10.811206015989415,10.811206015989498
503940,0,10.810793844314516,10.81079384431457
504000,0,10.810381881989978,10.810381881990079
504060,0,10.809970129300622,10.809970129300803
504120,0,10.809558589702501,10.809558589702771
504180,0,10.809147266651683,10.809147266652015
504240,0,10.808736162735885,10.808736162736219
504300,0,10.808325274463499,10.808325274463781
504360,0,10.807914601564212,10.807914601564416
504420,0,10.807504144772862,10.807504144772988
504480,0,10.807093904824294,10.807093904824363
504540,0,10.806683882259751,10.80668388225981
504600,0,10.806274076187728,10.806274076187824
504660,0,10.805864486306676,10.805864486306826
504720,0,10.805455112528893,10.805455112529108
504780,0,10.805045954766685,10.805045954766953
504840,0,10.80463701293637,10.804637012936661
504900,0,10.804228286903408,10.80422828690371
504960,0,10.80381977638766,10.803819776387966
505020,0,10.803411481093915,10.803411481094214
505080,0,10.803003400726958,10.803003400727247
505140,0,10.802595527636784,10.802595527637061
505200,0,10.802187827069751,10.802187827070023
505260,0,10.801780331967793,10.801780331968052
505320,0,10.80137308701126,10.801373087011498
505380,0,10.800966136880524,10.800966136880724
505440,0,10.800559524033082,10.800559524033213
505500,0,10.800153247126733,10.800153247126744
505560,0,10.79974726627562,10.799747266275483
505620,0,10.79934154043313,10.799341540432865
505680,0,10.798936028552651,10.798936028552314
505740,0,10.798530698322311,10.798530698321997
505800,0,10.79812558,10.79812558205821
505860,0,10.797720685432889,10.79772068543289
505920,0,10.797316004466367,10.797316004466566
505980,0,10.796911535179435,10.796911535179785
506040,0,10.796507274411546,10.796507274411962
506100,0,10.796103225046226,10.796103225046641
506160,0,10.79569938744466,10.795699387445035
506220,0,10.795295761061277,10.79529576106159
506280,0,10.794892345350512,10.794892345350764
506340,0,10.79448913986045,10.794489139860659
506400,0,10.79408614478673,10.79408614478688
506460,0,10.793683359964005,10.793683359964096
506520,0,10.793280785117439,10.793280785117474
506580,0,10.792878419972194,10.79287842
506640,0,10.792476264285874,10.792476264285877
506700,0,10.79207431802398,10.792074318024014
506760,0,10.791672580999885,10.791672580999972
506820,0,10.791271052986868,10.791271052987017
506880,0,10.790869733758223,10.790869733758425
506940,0,10.790468623106081,10.79046862310633
507000,0,10.790067720943007,10.790067720943313
507060,0,10.789667027092396,10.789667027092754
507120,0,10.789266541354262,10.789266541354667
507180,0,10.788866263528647,10.788866263529059
507240,0,10.788466193427649,10.78846619342802
507300,0,10.78806633093832,10.78806633093857
507360,0,10.78766667588696,10.787666675887055
507420,0,10.787267228084614,10.78726722808456
507480,0,10.786867987342339,10.786867987342182
507540,0,10.786468953481604,10.786468953481446
507600,0,10.786070126384756,10.786070126384693
507660,0,10.785671505875248,10.785671505875335
507720,0,10.785273091762836,10.78527309176308
507780,0,10.784874883857288,10.784874883857654
507840,0,10.784476881980156,10.784476881980561
507900,0,10.784079086020588,10.784079086020967
507960,0,10.78368149579929,10.783681495799605
508020,0,10.783284111121343,10.783284111121583
508080,0,10.782886931791843,10.782886931792028
508140,0,10.782489957628856,10.782489957629025
508200,0,10.782093188526925,10.782093188527101
508260,0,10.781696624308447,10.781696624308648
508320,0,10.781300264778865,10.78130026
508380,0,10.780904109743645,10.780904109743913
508440,0,10.780508159020398,10.780508159020696
508500,0,10.780112412500584,10.780112412500914
508560,0,10.77971687001181,10.779716870012178
508620,0,10.779321531366104,10.779321531366511
508680,0,10.778926396375505,10.778926396375942
508740,0,10.778531464862198,10.778531464862667
508800,0,10.778136736710294,10.778136736710804
508860,0,10.777742211751027,10.777742211751578
508920,0,10.777347889802643,10.777347889803218
508980,0,10.776953770683395,10.776953770683976
509040,0,10.77655985422031,10.776559854220858
509100,0,10.776166140293004,10.776166140293462
509160,0,10.775772628733872,10.775772628734218
509220,0,10.775379319363987,10.775379319364218
509280,0,10.774986212004428,10.774986212004569
509340,0,10.774593306484755,10.774593306484856
509400,0,10.774200602684514,10.77420060268462
509460,0,10.773808100436087,10.77380810043622
509520,0,10.773415799560757,10.773415799560931
509580,0,10.773023699879836,10.773023699880047
509640,0,10.772631801223278,10.772631801223516
509700,0,10.772240103472193,10.772240103472452
509760,0,10.771848606459713,10.771848606459994
509820,0,10.77145731000767,10.771457310007975
509880,0,10.771066213937916,10.771066213938246
509940,0,10.770675318081006,10.77067531808136
510000,0,10.770284622319053,10.770284622319437
510060,0,10.76989412648617,10.769894126486593
510120,0,10.769503830405117,10.769503830405565
510180,0,10.769113733898662,10.769113733899122
510240,0,10.768723836798266,10.76872383679871
510300,0,10.768334138986829,10.768334138987235
510360,0,10.767944640299294,10.767944640299644
510420,0,10.767555340559289,10.767555340559571
510480,0,10.76716623959044,10.76716623959065
510540,0,10.766777337224879,10.766777337225008
510600,0,10.766388633345445,10.766388633345464
510660,0,10.766000127788764,10.766000127788658
510720,0,10.765611820380437,10.765611820380224
510780,0,10.765223710946078,10.765223710945799
510840,0,10.76483579931938,10.76483579931911
510900,0,10.764448085382305,10.764448085382124
510960,0,10.764060568972905,10.76406056897286
511020,0,10.763673249918753,10.763673249918858
511080,0,10.763286128047428,10.763286128047662
511140,0,10.762899203194184,10.762899203194504
511200,0,10.762512475240097,10.762512475240486
511260,0,10.762125944024639,10.762125944025085
511320,0,10.76173960937734,10.761739609377818
511380,0,10.761353471127734,10.76135347112821
511440,0,10.760967529112829,10.76096752911325
511500,0,10.760581783213778,10.76058178321406
511560,0,10.76019623327054,10.760196233270642
511620,0,10.759810879113337,10.759810879113266
511680,0,10.75942572057242,10.75942572057222
511740,0,10.759040757485455,10.759040757485227
511800,0,10.75865598973424,10.75865598973407
511860,0,10.758271417159802,10.75827141715974
511920,0,10.757887039593495,10.757887039593564
511980,0,10.757502856866685,10.757502856866866
512040,0,10.757118873310702,10.757118873310962
512100,0,10.756735109917196,10.756735109917512
512160,0,10.756351546386743,10.756351546387108
512220,0,10.755968155248043,10.755968155248452
512280,0,10.75558490902982,10.75558490903026
512340,0,10.755201783386457,10.75520178338692
512400,0,10.754818787190665,10.754818787191137
512460,0,10.754435936502476,10.754435936502949
512520,0,10.754053245262636,10.75405325
512580,0,10.753670727411892,10.75367072741235
512640,0,10.753288392577302,10.753288392577753
512700,0,10.752906223314831,10.75290622331526
512760,0,10.752524223368532,10.752524223368933
512820,0,10.752142401889596,10.752142401889978
512880,0,10.751760768029232,10.751760768029616
512940,0,10.751379328567525,10.751379328567946
513000,0,10.75099807416956,10.750998074170068
513060,0,10.750617005100802,10.750617005101423
513120,0,10.750236124435585,10.750236124436311
513180,0,10.749855435248259,10.749855435249048
513240,0,10.749474939842704,10.749474939843488
513300,0,10.749094635128257,10.74909463512897
513360,0,10.748714520871562,10.748714520872168
513420,0,10.748334597731045,10.748334597731521
513480,0,10.747954866365138,10.747954866365484
513540,0,10.747575327261028,10.747575327261258
513600,0,10.747195979637304,10.747195979637391
513660,0,10.746816823232125,10.746816823232061
513720,0,10.74643785797262,10.746437857972428
513780,0,10.746059083785934,10.746059083785662
513840,0,10.745680500601095,10.745680500600821
513900,0,10.745302108297624,10.745302108297444
513960,0,10.74492390664406,10.744923906644026
514020,0,10.744545895398439,10.744545895398565
514080,0,10.744168074318821,10.744168074319068
514140,0,10.743790443194332,10.74379044319463
514200,0,10.743413002007072,10.743413002007372
514260,0,10.743035750582957,10.743035750583227
514320,0,10.742658688708646,10.742658688708872
514380,0,10.742281816170815,10.742281816171003
514440,0,10.74190513277403,10.741905132774187
514500,0,10.74152863844511,10.741528638445244
514560,0,10.741152333039462,10.741152333039569
514620,0,10.740776216391358,10.740776216391437
514680,0,10.740400288335074,10.740400288335136
514740,0,10.740024548712192,10.740024548712247
514800,0,10.739648997410306,10.73964899741037
514860,0,10.73927363428152,10.739273634281599
514920,0,10.738898459168809,10.738898459168903
514980,0,10.738523471915144,10.738523471915252
515040,0,10.73814867237027,10.738148672370386
515100,0,10.737774060421689,10.737774060421806
515160,0,10.737399635915883,10.73739964
515220,0,10.737025398690234,10.737025398690347
515280,0,10.736651348582125,10.736651348582239
515340,0,10.73627748543725,10.736277485437366
515400,0,10.735903809149852,10.735903809149967
515460,0,10.735530319567198,10.735530319567319
515520,0,10.735157016525642,10.735157016525765
515580,0,10.734783899861542,10.73478389986166
515640,0,10.734410969420159,10.734410969420265
515700,0,10.734038225098864,10.734038225098956
515760,0,10.73366566674503,10.733665666745098
515820,0,10.733293294194349,10.733293294194393
515880,0,10.732921107282527,10.732921107282543
515940,0,10.732549105854119,10.732549105854105
516000,0,10.732177289806694,10.732177289806646
516060,0,10.731805658990183,10.731805658990098
516120,0,10.731434213243075,10.731434213242954
516180,0,10.73106295240387,10.731062952403715
516240,0,10.730691876318492,10.730691876318305
516300,0,10.73032098487896,10.730320984878729
516360,0,10.729950277940107,10.729950277939828
516420,0,10.729579755347396,10.729579755347087
516480,0,10.729209416946293,10.729209416945986
516540,0,10.728839262588506,10.72883926258826
516600,0,10.728469292162526,10.728469292162409
516660,0,10.728099505522342,10.728099505522392
516720,0,10.727729902513813,10.727729902514035
516780,0,10.72736048,10.727360482983155
516840,0,10.72699124678301,10.72699124678343
516900,0,10.726622193811151,10.726622193811579
516960,0,10.726253323915085,10.726253323915483
517020,0,10.725884636932005,10.725884636932356
517080,0,10.725516132699122,10.725516132699425
517140,0,10.725147811063644,10.725147811063911
517200,0,10.724779671931252,10.724779671931465
517260,0,10.72441171515117,10.724411715151325
517320,0,10.724043940559499,10.72404394
517380,0,10.723676347992344,10.723676347992408
517440,0,10.72330893729309,10.723308937293147
517500,0,10.72294170835497,10.722941708355057
517560,0,10.722574661042197,10.722574661042328
517620,0,10.72220779521038,10.722207795210561
517680,0,10.721841110715143,10.721841110715363
517740,0,10.721474607413432,10.721474607413661
517800,0,10.721108285175108,10.721108285175324
517860,0,10.720742143871052,10.720742143871243
517920,0,10.720376183371073,10.720376183371236
517980,0,10.720010403544993,10.720010403545123
518040,0,10.719644798038072,10.719644798038173
518100,0,10.719279337470201,10.719279337470269
518160,0,10.718914049609856,10.71891404960989
518220,0,10.718548972148568,10.718548972148568
518280,0,10.718184142777885,10.718184142777845
518340,0,10.7178196,10.717819597309326
518400,0,10.717455334601459,10.717455334601333
518460,0,10.717091321063084,10.717091321062906
518520,0,10.716727522133434,10.716727522133212
518580,0,10.71636390325167,10.716363903251436
518640,0,10.716000437212589,10.716000437212381
518700,0,10.715637151238537,10.715637151238411
518760,0,10.71527405011995,10.715274050119936
518820,0,10.71491113052014,10.71491113052024
518880,0,10.714548389102433,10.714548389102628
518940,0,10.714185823214203,10.714185823214448
519000,0,10.713823435267594,10.713823435267866
519060,0,10.713461225593862,10.713461225594138
519120,0,10.71309919376886,10.713099193769125
519180,0,10.712737339368454,10.712737339368696
519240,0,10.712375662037733,10.712375662037942
519300,0,10.712014161910211,10.712014161910368
519360,0,10.711652838868789,10.711652838868872
519420,0,10.711291692716697,10.711291692716712
519480,0,10.710930723257198,10.710930723257157
519540,0,10.710569930314051,10.710569930313987
519600,0,10.71020931,10.710209313840036
519660,0,10.709848873687863,10.709848873687811
519720,0,10.709488609684174,10.709488609684147
519780,0,10.70912852165588,10.709128521655872
519840,0,10.708768609444032,10.70876860944404
519900,0,10.708408872977387,10.708408872977401
519960,0,10.708049312112284,10.708049312112305
520020,0,10.707689926687031,10.707689926687062
520080,0,10.707330716539945,10.707330716539989
520140,0,10.706971681520118,10.706971681520187
520200,0,10.706612821543095,10.706612821543201
520260,0,10.70625414,10.70625413646965
520320,0,10.705895626146257,10.705895626146448
520380,0,10.705537290420315,10.705537290420533
520440,0,10.705179133173512,10.705179133173743
520500,0,10.704821173231824,10.704821173232055
520560,0,10.704463392406865,10.704463392407092
520620,0,10.704105766080337,10.70410576608054
520680,0,10.70374826963395,10.703748269634106
520740,0,10.703390881250579,10.703390881250641
520800,0,10.703033608884303,10.70303360888421
520860,0,10.70267646693318,10.702676466932902
520920,0,10.70231946789624,10.702319467895782
520980,0,10.70196262427252,10.701962624271932
521040,0,10.70160594469539,10.701605944694753
521100,0,10.701249413537075,10.701249413536466
521160,0,10.70089303415437,10.700893034153834
521220,0,10.700536814749357,10.700536814748922
521280,0,10.700180763524143,10.70018076352381
521340,0,10.699824886557842,10.699824886557604
521400,0,10.699469175497878,10.69946917549776
521460,0,10.699113630582268,10.699113630582282
521520,0,10.698758254563527,10.69875825456366
521580,0,10.698403050194194,10.698403050194404
521640,0,10.698048019538033,10.698048019538257
521700,0,10.697693159836685,10.697693159836849
521760,0,10.697338470886777,10.697338470886843
521820,0,10.696983953282194,10.69698395328215
521880,0,10.696629607616838,10.69662961
521940,0,10.696275434329758,10.696275434329568
522000,0,10.695921432718928,10.695921432718704
522060,0,10.69556760256225,10.69556760256201
522120,0,10.695213943809321,10.695213943809073
522180,0,10.694860456409739,10.69486046
522240,0,10.69450714031213,10.694507140311917
522300,0,10.694153995403024,10.694153995402859
522360,0,10.69380102148096,10.69380102148086
522420,0,10.693448218338299,10.693448218338265
522480,0,10.693095585767406,10.693095585767436
522540,0,10.692743117713533,10.692743117713613
522600,0,10.692390786561857,10.692390786561987
522660,0,10.692038618495113,10.692038618495292
522720,0,10.69168665,10.691686649026718
522780,0,10.691334913669234,10.691334913669467
522840,0,10.690983446171323,10.690983446171533
522900,0,10.690632245489303,10.690632245489448
522960,0,10.690281279955597,10.690281279955647
523020,0,10.689930516979537,10.689930516979494
523080,0,10.689579923970475,10.68957992397037
523140,0,10.689229475273748,10.68922947527364
523200,0,10.688879196560462,10.68887919656041
523260,0,10.68852909235491,10.688529092354942
523320,0,10.688179159518336,10.688179159518462
523380,0,10.687829394912004,10.687829394912205
523440,0,10.68747979604282,10.68747979604306
523500,0,10.687130365191775,10.687130365192031
523560,0,10.686781102665165,10.68678110266542
523620,0,10.68643200805545,10.686432008055691
523680,0,10.686083080955093,10.686083080955326
523740,0,10.685734321025082,10.685734321025308
523800,0,10.685385728406876,10.685385728407093
523860,0,10.685037302988944,10.685037302989153
523920,0,10.684689044580526,10.684689044580725
523980,0,10.684340952990874,10.684340952991057
524040,0,10.683993028050315,10.683993028050473
524100,0,10.683645269723327,10.683645269723437
524160,0,10.683297677873881,10.683297677873941
524220,0,10.68295025233978,10.682950252339795
524280,0,10.682602992958817,10.68260299295881
524340,0,10.682255899581365,10.682255899581381
524400,0,10.681908972138473,10.68190897213856
524460,0,10.681562210502204,10.681562210502383
524520,0,10.681215614529053,10.681215614529336
524580,0,10.680869184075544,10.680869184075911
524640,0,10.680522919006096,10.680522919006512
524700,0,10.680176819234214,10.680176819234655
524760,0,10.679830884633603,10.679830884634057
524820,0,10.67948511506797,10.679485115068427
524880,0,10.679139510401036,10.67913951040149
524940,0,10.678794074306655,10.678794074307113
525000,0,10.678448824565796,10.678448824566264
525060,0,10.678103743999364,10.67810374399984
525120,0,10.677758809355902,10.67775880935637
525180,0,10.67741399738397,10.677413997384404
525240,0,10.677069287478465,10.677069287478815
525300,0,10.676724687156321,10.676724687156517
525360,0,10.676380210016077,10.676380210016085
525420,0,10.676035867861701,10.676035867861524
525480,0,10.675691672497166,10.675691672496859
525540,0,10.675347632076893,10.675347632076544
525600,0,10.675003731849044,10.675003731848738
525660,0,10.67465997498268,10.674659974982466
525720,0,10.674316369221104,10.674316369221007
525780,0,10.67397292230764,10.67397292230765
525840,0,10.673629639981478,10.67362963998157
525900,0,10.67328651435958,10.673286514359749
525960,0,10.672943545670847,10.67294354567109
526020,0,10.672600736518099,10.67260073651841
526080,0,10.672258089504167,10.672258089504538
526140,0,10.67191560658044,10.67191560658086
526200,0,10.671573285139965,10.671573285140434
526260,0,10.671231124996396,10.671231124996904
526320,0,10.670889126717752,10.670889126718281
526380,0,10.67054729087207,10.670547290872598
526440,0,10.670205617880807,10.670205617881294
526500,0,10.669864107082779,10.669864107083171
526560,0,10.669522758266911,10.669522758267181
526620,0,10.669181571384323,10.669181571384465
526680,0,10.668840546386138,10.668840546386175
526740,0,10.668499683226043,10.668499683226019
526800,0,10.668158981814893,10.668158981814825
526860,0,10.667818441953218,10.667818441953129
526920,0,10.667478063430535,10.667478063430442
526980,0,10.667137846036363,10.667137846036288
527040,0,10.666797789592819,10.666797789592787
527100,0,10.666457894118645,10.666457894118707
527160,0,10.666118159459359,10.666118159459536
527220,0,10.665778585418554,10.66577858541885
527280,0,10.665439171799843,10.66543917180022
527340,0,10.665099912893181,10.665099912893579
527400,0,10.664760782660839,10.664760782661194
527460,0,10.664421805799224,10.66442181
527520,0,10.664083015803461,10.664083015803653
527580,0,10.663744446168687,10.663744446168819
527640,0,10.663406128711724,10.663406128711841
527700,0,10.663068062389327,10.663068062389488
527760,0,10.662730217404373,10.662730217404613
527820,0,10.662392563111059,10.662392563111359
527880,0,10.662055068863593,10.662055068863904
527940,0,10.661717710543329,10.66171771054356
528000,0,10.661380512315212,10.661380512315233
528060,0,10.66104347841609,10.661043478415843
528120,0,10.660706605869258,10.660706605868759
528180,0,10.660369891698023,10.66036989169736
528240,0,10.660033333542257,10.660033333541604
528300,0,10.659696933587833,10.659696933587366
528360,0,10.659360692113248,10.659360692113069
528420,0,10.65902460871359,10.65902460871371
528480,0,10.65868868298396,10.65868868
528540,0,10.658352914589077,10.658352914589482
528600,0,10.65801730368372,10.658017303684051
528660,0,10.657681850168686,10.657681850168869
528720,0,10.657346553864507,10.657346553864528
528780,0,10.657011414591732,10.657011414591638
528840,0,10.656676432189144,10.656676432189041
528900,0,10.65634160661778,10.65634160661776
528960,0,10.656006937761937,10.65600693776205
529020,0,10.655672425484063,10.655672425484317
529080,0,10.655338069646618,10.655338069646984
529140,0,10.655003870120394,10.655003870120806
529200,0,10.654669826829128,10.654669826829528
529260,0,10.654335939656564,10.654335939656928
529320,0,10.654002208476069,10.654002208476387
529380,0,10.653668633161015,10.653668633161304
529440,0,10.653335213591527,10.653335213591816
529500,0,10.653001949686578,10.653001949686905
529560,0,10.652668841326188,10.652668841326568
529620,0,10.65233588838144,10.652335888381868
529680,0,10.65200309072343,10.652003090723884
529740,0,10.651670451813349,10.651670451813795
529800,0,10.651337988407212,10.651337988407608
529860,0,10.651005684323808,10.651005684324135
529920,0,10.65067351766057,10.650673517660822
529980,0,10.650341466514933,10.650341466515123
530040,0,10.65000951147842,10.65000951147858
530100,0,10.649677659639009,10.649677659639158
530160,0,10.649345923803695,10.649345923803846
530220,0,10.649014315087145,10.649014315087305
530280,0,10.64868284460403,10.64868284
530340,0,10.648351520032024,10.648351520032195
530400,0,10.648020327479593,10.64802032747976
530460,0,10.647689269937256,10.64768926993742
530520,0,10.647358354703751,10.647358354703913
530580,0,10.647027589077828,10.647027589077993
530640,0,10.646696978468725,10.646696978468901
530700,0,10.64636651544572,10.646366515445914
530760,0,10.646036200231505,10.646036200231716
530820,0,10.645706035287358,10.645706035287596
530880,0,10.645376023074567,10.645376023074832
530940,0,10.645046165440082,10.645046165440384
531000,0,10.644716459928821,10.644716459929175
531060,0,10.644386906362866,10.644386906363279
531120,0,10.644057505275267,10.644057505275732
531180,0,10.643728257199086,10.643728257199587
531240,0,10.643399162533578,10.643399162534092
531300,0,10.643070220677446,10.643070220677961
531360,0,10.642741431419958,10.64274143142046
531420,0,10.642412794696801,10.642412794697274
531480,0,10.642084310443673,10.642084310444101
531540,0,10.641755978603891,10.641755978604255
531600,0,10.641427799116011,10.641427799116277
531660,0,10.641099771794007,10.641099771794151
531720,0,10.640771896435322,10.640771896435346
531780,0,10.640444172837421,10.640444172837347
531840,0,10.640116595594012,10.64011659559387
531900,0,10.639789140128745,10.639789140128531
531960,0,10.639461829772907,10.639461829772639
532020,0,10.639134696163971,10.639134696163683
532080,0,10.63880777093943,10.638807770939161
532140,0,10.638481084160489,10.63848108416032
532200,0,10.638154634886902,10.63815463488694
532260,0,10.637828394941831,10.637828394942137
532320,0,10.637502335332938,10.637502335333497
532380,0,10.63717642706787,10.637176427068619
532440,0,10.636850647329922,10.636850647330723
532500,0,10.636525018985127,10.636525018985854
532560,0,10.636199546043906,10.63619954604448
532620,0,10.635874225691548,10.635874225691952
532680,0,10.635549055113355,10.635549055113621
532740,0,10.635224032078167,10.635224032078376
532800,0,10.634899158657095,10.634899158657301
532860,0,10.634574435115711,10.634574435115939
532920,0,10.634249861072751,10.63424986107302
532980,0,10.633925436146972,10.633925436147289
533040,0,10.633601160023142,10.63360116002351
533100,0,10.63327703285054,10.633277032850994
533160,0,10.632953054537255,10.632953054537811
533220,0,10.632629224915235,10.632629224915878
533280,0,10.632305543816436,10.632305543817122
533340,0,10.63198201,10.631982011091154
533400,0,10.631658626704635,10.631658626705176
533460,0,10.631335390550161,10.631335390550538
533520,0,10.631012302497089,10.6310123
533580,0,10.63068936241544,10.630689362415533
533640,0,10.630366570184064,10.630366570184115
533700,0,10.630043925736949,10.630043925737032
533760,0,10.629721428964304,10.629721428964462
533820,0,10.629399079745225,10.629399079745472
533880,0,10.629076877958827,10.629076877959147
533940,0,10.62875482349184,10.62875482349219
534000,0,10.628432916274901,10.62843291627526
534060,0,10.628111156194676,10.628111156195027
534120,0,10.627789543127735,10.627789543128076
534180,0,10.627468076950665,10.627468076951002
534240,0,10.627146760937368,10.627146760937718
534300,0,10.626825610945462,10.626825610945842
534360,0,10.626504611668802,10.626504611669217
534420,0,10.626183742387482,10.626183742387928
534480,0,10.625862982381612,10.625862982382072
534540,0,10.625542313290676,10.625542313291119
534600,0,10.625221741820727,10.625221741821111
534660,0,10.624901280090002,10.624901280090313
534720,0,10.624580938615976,10.62458093861621
534780,0,10.62426072791613,10.624260727916313
534840,0,10.623940655255565,10.623940655255733
534900,0,10.623620707490211,10.623620707490417
534960,0,10.623300887453656,10.623300887453917
535020,0,10.622981202056488,10.622981202056803
535080,0,10.622661658209308,10.622661658209653
535140,0,10.622342261034019,10.622342261034342
535200,0,10.622023003498185,10.622023003498438
535260,0,10.621703885815439,10.621703885815597
535320,0,10.621384910318643,10.621384910318696
535380,0,10.621066079340665,10.621066079340634
535440,0,10.62074739463293,10.620747394632856
535500,0,10.620428853874138,10.620428853874047
535560,0,10.620110456896564,10.620110456896473
535620,0,10.619792204205247,10.619792204205163
535680,0,10.619474096305234,10.619474096305169
535740,0,10.61915613357502,10.619156133574972
535800,0,10.618838315447633,10.618838315447613
535860,0,10.61852064172707,10.618520641727082
535920,0,10.618203112355948,10.61820311
535980,0,10.617885727276898,10.617885727276992
536040,0,10.617568486438415,10.617568486438545
536100,0,10.617251389778389,10.617251389778575
536160,0,10.616934437127284,10.616934437127522
536220,0,10.616617628301912,10.616617628302201
536280,0,10.616300963119096,10.616300963119427
536340,0,10.615984436468075,10.615984436468423
536400,0,10.615668025080218,10.615668025080575
536460,0,10.615351751043502,10.615351751043853
536520,0,10.615035644310574,10.61503564431091
536580,0,10.614719734834098,10.614719734834406
536640,0,10.614404051075622,10.61440405107588
536700,0,10.614088592153578,10.614088592153756
536760,0,10.61377333139402,10.613773331394103
536820,0,10.61345824134938,10.613458241349367
536880,0,10.61314329457209,10.61314329
536940,0,10.612828469460835,10.612828469460705
537000,0,10.61251378766345,10.612513787663302
537060,0,10.612199252982645,10.612199252982492
537120,0,10.611884862760405,10.611884862760274
537180,0,10.611570614338744,10.611570614338653
537240,0,10.611256505610065,10.61125650561005
537300,0,10.61094253852853,10.610942538528667
537360,0,10.610628713351476,10.610628713351796
537420,0,10.61031502972662,10.610315029727106
537480,0,10.610001487301698,10.610001487302268
537540,0,10.609688085785393,10.609688085785917
537600,0,10.609374825315106,10.609374825315431
537660,0,10.609061705805313,10.609061705805344
537720,0,10.608748727100158,10.608748727099902
537780,0,10.608435889043816,10.608435889043353
537840,0,10.608123191497464,10.608123191496949
537900,0,10.607810634433584,10.607810634433159
537960,0,10.60749821774848,10.607498217748228
538020,0,10.607185941317706,10.607185941317653
538080,0,10.606873805016816,10.60687380501693
538140,0,10.60656180873102,10.60656180873122
538200,0,10.606249952405104,10.606249952405348
538260,0,10.605938235934888,10.605938235935147
538320,0,10.60562665920396,10.605626659204223
538380,0,10.605315222095916,10.605315222096188
538440,0,10.605003924502627,10.605003924502926
538500,0,10.604692766364519,10.604692766364856
538560,0,10.604381747575676,10.604381747576056
538620,0,10.604070868019344,10.604070868019761
538680,0,10.603760127578777,10.603760127579223
538740,0,10.603449526145713,10.603449526146171
538800,0,10.603139063661848,10.603139063662308
538860,0,10.602828740021708,10.602828740022156
538920,0,10.602518555108727,10.602518555109159
538980,0,10.602208508806353,10.602208508806763
539040,0,10.601898601006187,10.601898601006573
539100,0,10.60158883164879,10.601588831649153
539160,0,10.601279200630932,10.60127920063127
539220,0,10.600969707838853,10.600969707839157
539280,0,10.60066035,10.600660353159057
539340,0,10.600351139671428,10.600351139671616
539400,0,10.600042082289445,10.60004208228951
539460,0,10.599733166622904,10.599733166622826
539520,0,10.599424373191436,10.59942437319124
539580,0,10.599115682514675,10.59911568251443
539640,0,10.598807077329843,10.598807077329669
539700,0,10.598498563939774,10.59849856393982
539760,0,10.598190153743282,10.598190153743628
539820,0,10.597881856635338,10.59788185663598
539880,0,10.597573682510918,10.597573682511777
539940,0,10.597265638206277,10.597265638207189
540000,0,10.596957711362059,10.596957711362883
540060,0,10.596649904642579,10.596649904643229
540120,0,10.596342224546186,10.596342224546635
540180,0,10.596034677571248,10.596034677571529
540240,0,10.595727268535594,10.59572726853579
540300,0,10.595419990834772,10.595419990834932
540360,0,10.59511284466724,10.595112844667387
540420,0,10.594805832222118,10.594805832222272
540480,0,10.594498955688545,10.594498955688712
540540,0,10.594192216710205,10.594192216710383
540600,0,10.59388561311111,10.593885613111318
540660,0,10.593579144737104,10.593579144737356
540720,0,10.593272812065287,10.593272812065573
540780,0,10.592966615572763,10.592966615573058
540840,0,10.592660555615472,10.592660555615733
540900,0,10.592354631652263,10.592354631652427
540960,0,10.592048843510495,10.59204884351053
541020,0,10.59174319115131,10.591743191151227
541080,0,10.591437674535863,10.591437674535705
541140,0,10.591132293626814,10.591132293626654
541200,0,10.590827048351684,10.590827048351596
541260,0,10.590521938556728,10.59052193855676
541320,0,10.590216964080405,10.590216964080572
541380,0,10.589912124761184,10.589912124761472
541440,0,10.589607415800813,10.589607415801199
541500,0,10.58930281530813,10.58930281530862
541560,0,10.588998344059677,10.588998344060272
541620,0,10.588694030231519,10.58869403023219
541680,0,10.588389901999728,10.588389902000424
541740,0,10.588085986140381,10.588085986141024
541800,0,10.587782281839742,10.587782281840232
541860,0,10.587478764001803,10.58747876400208
541920,0,10.587175406798929,10.587175406798986
541980,0,10.586872184403493,10.58687218440338
542040,0,10.586569076487407,10.58656907648721
542100,0,10.586266103414786,10.58626610341458
542160,0,10.585963268775958,10.585963268775787
542220,0,10.585660570084716,10.585660570084597
542280,0,10.585358004854866,10.585358004854795
542340,0,10.585055571114133,10.585055571114085
542400,0,10.584753270687191,10.584753270687155
542460,0,10.584451103821982,10.584451103821952
542520,0,10.584149070197839,10.584149070197817
542580,0,10.58384716949412,10.583847169494113
542640,0,10.583545401445713,10.583545401445722
542700,0,10.58324376617716,10.583243766177203
542760,0,10.582942263608357,10.582942263608437
542820,0,10.582640893595011,10.582640893595123
542880,0,10.582339655992843,10.582339655992966
542940,0,10.582038550673998,10.582038550674094
543000,0,10.58173757761656,10.58173757761658
543060,0,10.58143673672258,10.581436736722504
543120,0,10.581136027873889,10.581136027873717
543180,0,10.580835450952318,10.580835450952092
543240,0,10.58053501,10.580535005849093
543300,0,10.580234692516683,10.58023469251656
543360,0,10.579934510859289,10.57993451
543420,0,10.579634460769924,10.579634460770068
543480,0,10.579334542141394,10.579334542141645
543540,0,10.579034754873632,10.579034754873932
543600,0,10.578735098909481,10.578735098909792
543660,0,10.578435574153675,10.578435574153973
543720,0,10.578136180501756,10.57813618050203
543780,0,10.57783691784928,10.57783691784952
543840,0,10.577537786098441,10.577537786098654
543900,0,10.577238785190763,10.57723878519094
543960,0,10.57693991503096,10.576939915031089
544020,0,10.576641175515073,10.576641175515157
544080,0,10.576342566539147,10.576342566539203
544140,0,10.576044091018474,10.57604409101854
544200,0,10.575745763050254,10.575745763050355
544260,0,10.575447569033454,10.575447569033614
544320,0,10.575149490555564,10.575149490555784
544380,0,10.574851509204084,10.574851509204356
544440,0,10.574553608662715,10.574553608663004
544500,0,10.574255794890469,10.574255794890778
544560,0,10.573958078662718,10.573958078663034
544620,0,10.573660469333234,10.573660469333538
544680,0,10.57336297625581,10.573362976256075
544740,0,10.573065605893255,10.573065605893436
544800,0,10.57276834656552,10.57276834656555
544860,0,10.572471200792068,10.572471200791915
544920,0,10.572174174716114,10.572174174715776
544980,0,10.571877274480878,10.571877274480407
545040,0,10.571580504640998,10.57158050464047
545100,0,10.571283858954713,10.571283858954198
545160,0,10.570987337612735,10.570987337612275
545220,0,10.570690942687683,10.570690942687298
545280,0,10.570394676252187,10.570394676251873
545340,0,10.57009853986274,10.570098539862473
545400,0,10.569802531461983,10.569802531461757
545460,0,10.569506650906655,10.569506650906465
545520,0,10.56921089865087,10.569210898650724
545580,0,10.568915275148766,10.568915275148672
545640,0,10.568619780740244,10.568619780740228
545700,0,10.568324414917265,10.56832441491737
545760,0,10.568029177515482,10.568029177515724
545820,0,10.567734068496373,10.56773406849674
545880,0,10.567439087821421,10.56743908782187
545940,0,10.567144231032241,10.56714423103268
546000,0,10.566849477287086,10.566849477287423
546060,0,10.566554846267787,10.566554846267971
546120,0,10.566260364697785,10.56626036469781
546180,0,10.56596605930052,10.565966059300433
546240,0,10.565671955480903,10.565671955480793
546300,0,10.565378052512964,10.565378052512912
546360,0,10.565084326558836,10.56508432655889
546420,0,10.564790753072257,10.564790753072426
546480,0,10.564497307506956,10.564497307507217
546540,0,10.56420397054365,10.564203970543943
546600,0,10.563910761538912,10.563910761539198
546660,0,10.563617683907642,10.563617683907902
546720,0,10.56332473528945,10.563324735289672
546780,0,10.563031913323947,10.563031913324133
546840,0,10.562739216138507,10.562739216138665
546900,0,10.562446645466126,10.562446645466236
546960,0,10.562154201546337,10.562154201546397
547020,0,10.561861884079265,10.561861884079295
547080,0,10.561569692765053,10.561569692765087
547140,0,10.56127762735525,10.561277627355347
547200,0,10.560985687964232,10.56098568796448
547260,0,10.560693874520206,10.560693874520654
547320,0,10.560402186892212,10.56040218689285
547380,0,10.560110624949305,10.560110624950072
547440,0,10.559819188574249,10.559819188575037
547500,0,10.55952787773993,10.559527877740635
547560,0,10.559236692358542,10.559236692359104
547620,0,10.558945632325607,10.55894563232601
547680,0,10.558654697536658,10.558654697536928
547740,0,10.558363887894167,10.558363887894373
547800,0,10.558073203345064,10.558073203345248
547860,0,10.55778264380357,10.557782643803755
547920,0,10.55749220917531,10.557492209175509
547980,0,10.557201899365921,10.557201899366142
548040,0,10.55691171428576,10.556911714285993
548100,0,10.556621653873755,10.556621653874004
548160,0,10.556331718043728,10.556331718043996
548220,0,10.556041906703417,10.55604190670371
548280,0,10.55575221976056,10.555752219760883
548340,0,10.55546265712728,10.555462657127643
548400,0,10.555173218741576,10.555173218742004
548460,0,10.554883904517311,10.554883904517814
548520,0,10.554594714362633,10.554594714363196
548580,0,10.554305648185709,10.554305648186292
548640,0,10.554016708761056,10.55401670876159
548700,0,10.553727909474595,10.55372790947501
548760,0,10.553439237409679,10.55343923740992
548820,0,10.55315067508126,10.553150675081326
548880,0,10.552862205004303,10.552862205004232
548940,0,10.55257381168328,10.552573811683146
549000,0,10.552285500772546,10.552285500772424
549060,0,10.551997282511513,10.551997282511431
549120,0,10.55170916579146,10.55170916579143
549180,0,10.551421159503679,10.551421159503683
549240,0,10.551133269791354,10.551133269791338
549300,0,10.550845485552559,10.55084548555247
549360,0,10.55055780918511,10.550557809184928
549420,0,10.55027024653165,10.550270246531376
549480,0,10.549982803434832,10.5499828
549540,0,10.549695484226117,10.549695484225783
549600,0,10.549408282968784,10.549408282968502
549660,0,10.549121199848777,10.549121199848578
549720,0,10.548834236842533,10.548834236842428
549780,0,10.548547395926507,10.548547395926478
549840,0,10.54826067858498,10.548260678584995
549900,0,10.547974082857518,10.547974082857543
549960,0,10.547687608611104,10.54768760861113
550020,0,10.547401256282559,10.547401256282582
550080,0,10.547115026308704,10.547115026308742
550140,0,10.54682891901665,10.546828919016736
550200,0,10.546542933920373,10.546542933920543
550260,0,10.546257070866234,10.54625707086651
550320,0,10.545971329821652,10.545971329822024
550380,0,10.545685710754036,10.545685710754476
550440,0,10.545400213632616,10.545400213633075
550500,0,10.545114838397417,10.545114838397861
550560,0,10.544829584912264,10.544829584912666
550620,0,10.544544453033323,10.544544453033653
550680,0,10.544259442616774,10.544259442617005
550740,0,10.54397454934979,10.543974549349889
550800,0,10.54368975355219,10.543689753552082
550860,0,10.543405073909861,10.543405073909506
550920,0,10.543120535761986,10.543120535761396
550980,0,10.542836164447756,10.542836164447005
551040,0,10.542551984046815,10.542551984046009
551100,0,10.542267993829421,10.542267993828665
551160,0,10.541984171240664,10.54198417124002
551220,0,10.541700493069088,10.541700493068591
551280,0,10.54141693610325,10.541416936102898
551340,0,10.541133482075404,10.541133482075178
551400,0,10.540850149295249,10.540850149295157
551460,0,10.540566940990688,10.540566940990736
551520,0,10.540283854926997,10.540283854927182
551580,0,10.540000888869455,10.54000088886975
551640,0,10.539718041046132,10.539718041046505
551700,0,10.539435313103594,10.539435313104033
551760,0,10.539152705267211,10.539152705267695
551820,0,10.538870217250231,10.538870217250732
551880,0,10.538587848765907,10.538587848766388
551940,0,10.538305599577324,10.538305599577738
552000,0,10.538023469798738,10.538023469798999
552060,0,10.53774145936317,10.53774145936324
552120,0,10.537459568146252,10.53745956814613
552180,0,10.537177796023608,10.537177796023352
552240,0,10.536896142884435,10.536896142884151
552300,0,10.53661460870686,10.536614608706643
552360,0,10.53633319340858,10.536333193408485
552420,0,10.536051896890768,10.536051896890813
552480,0,10.535770719054604,10.53577071905478
552540,0,10.535489659808544,10.535489659808809
552600,0,10.535208719106778,10.535208719107116
552660,0,10.53492789686785,10.534927896868254
552720,0,10.534647193001174,10.534647193001632
552780,0,10.534366607416183,10.534366607416683
552840,0,10.534086140027764,10.53408614002828
552900,0,10.53380579078358,10.53380579
552960,0,10.533525559601962,10.533525559602463
553020,0,10.533245446394172,10.53324544639465
553080,0,10.53296545107149,10.53296545107195
553140,0,10.532685573550499,10.532685573550953
553200,0,10.532405813778837,10.532405813779304
553260,0,10.532126171674173,10.53212617167466
553320,0,10.531846647147201,10.531846647147697
553380,0,10.531567240108625,10.531567240109105
553440,0,10.53128795047447,10.531287950474887
553500,0,10.531008778192579,10.531008778192874
553560,0,10.530729723181928,10.530729723182063
553620,0,10.530450785354573,10.530450785354565
553680,0,10.530171964622594,10.530171964622493
553740,0,10.529893263606349,10.52989326360625
553800,0,10.529614694954557,10.529614694954557
553860,0,10.529336246467523,10.529336246467674
553920,0,10.529057901629367,10.529057901629686
553980,0,10.528779643924235,10.528779643924695
554040,0,10.528501458716184,10.52850145871673
554100,0,10.528223351350126,10.528223351350738
554160,0,10.527945331496735,10.527945331497396
554220,0,10.527667407552284,10.527667407552963
554280,0,10.52738958791306,10.527389587913717
554340,0,10.527111878381053,10.527111878381632
554400,0,10.526834268477282,10.526834268477696
554460,0,10.526556760464889,10.526556760465086
554520,0,10.526279359858853,10.526279359858835
554580,0,10.526002072174165,10.526002072173984
554640,0,10.525724901500354,10.52572490150011
554700,0,10.525447842239368,10.525447842239146
554760,0,10.525170894565266,10.525170894565122
554820,0,10.524894060340781,10.52489406034073
554880,0,10.524617341428655,10.524617341428687
554940,0,10.524340739228396,10.524340739228466
555000,0,10.524064251896364,10.524064251896442
555060,0,10.523787879307303,10.523787879307376
555120,0,10.523511621872156,10.523511621872226
555180,0,10.523235480001878,10.52323548000197
555240,0,10.52295945400436,10.522959454004507
555300,0,10.522683543424078,10.522683543424336
555360,0,10.522407748118452,10.522407748118841
555420,0,10.522132068058648,10.52213206805916
555480,0,10.521856503215833,10.521856503216435
555540,0,10.52158104959021,10.521581049590841
555600,0,10.521305688460359,10.521305688460952
555660,0,10.52103043750907,10.521030437509594
555720,0,10.520755320745284,10.520755320745726
555780,0,10.520480362177953,10.52048036217832
555840,0,10.520205584630014,10.520205584630343
555900,0,10.519930987446926,10.519930987447236
555960,0,10.519656549229703,10.519656549230001
556020,0,10.519382247945689,10.519382247945975
556080,0,10.519108061562248,10.519108061562504
556140,0,10.518833972738445,10.518833972738637
556200,0,10.518559998851027,10.518559998851115
556260,0,10.51828614297151,10.518286142971476
556320,0,10.518012402987846,10.518012402987688
556380,0,10.517738776787986,10.517738776787736
556440,0,10.517465262696437,10.517465262696133
556500,0,10.517191862266326,10.51719186
556560,0,10.51691857571693,10.516918575716604
556620,0,10.516645402784974,10.516645402784668
556680,0,10.51637234320719,10.51637234320693
556740,0,10.516099396765325,10.516099396765137
556800,0,10.515826563560053,10.515826563560001
556860,0,10.51555384353135,10.515553843531457
556920,0,10.515281236567569,10.515281236567832
556980,0,10.515008742557075,10.515008742557448
557040,0,10.514736361399368,10.514736361399768
557100,0,10.514464093067934,10.514464093068273
557160,0,10.514191937488443,10.514191937488674
557220,0,10.513919894573144,10.513919894573258
557280,0,10.513647964234307,10.51364796423433
557340,0,10.513376146389469,10.513376146389465
557400,0,10.51310444098989,10.513104440989903
557460,0,10.512832847961839,10.512832847961892
557520,0,10.512561367225013,10.512561367225121
557580,0,10.512289998699133,10.51228999869929
557640,0,10.512018742307786,10.51201874230797
557700,0,10.511747597997415,10.51174759799763
557760,0,10.511476565693041,10.511476565693288
557820,0,10.51120564531463,10.511205645314897
557880,0,10.51093483678216,10.510934836782411
557940,0,10.51066414001951,10.510664140019697
558000,0,10.51039355,10.510393554973644
558060,0,10.510123081569645,10.510123081569512
558120,0,10.50985271972775,10.509852719727455
558180,0,10.509582469368036,10.509582469367643
558240,0,10.509312330414552,10.509312330414184
558300,0,10.50904230281465,10.509042302814438
558360,0,10.508772386493888,10.508772386493902
558420,0,10.508502581372673,10.508502581372934
558480,0,10.508232887371436,10.508232887371888
558540,0,10.507963306980432,10.507963306980974
558600,0,10.507693852203673,10.507693852204238
558660,0,10.50742451146358,10.50742451146413
558720,0,10.507155269086782,10.507155269087285
558780,0,10.506886109399916,10.506886109400353
558840,0,10.506617018513278,10.506617018513634
558900,0,10.506348001498031,10.506348001498257
558960,0,10.506079067534781,10.506079067534847
559020,0,10.505810224595391,10.505810224595306
559080,0,10.505541480651747,10.50554148065155
559140,0,10.505272841212445,10.50527284121221
559200,0,10.505004296328426,10.505004296328213
559260,0,10.504735848151194,10.504735848151046
559320,0,10.504467501920018,10.504467501919954
559380,0,10.504199262874197,10.504199262874216
559440,0,10.50393113,10.503931134898686
559500,0,10.503663112675035,10.50366311267519
559560,0,10.503395196372471,10.503395196372695
559620,0,10.503127387764597,10.503127387764893
559680,0,10.502859688625112,10.502859688625476
559740,0,10.502592100286561,10.502592100286991
559800,0,10.502324620994322,10.502324620994834
559860,0,10.502057250632502,10.502057250633092
559920,0,10.501789989596015,10.501789989596672
559980,0,10.50152284,10.501522838280486
560040,0,10.501255796979974,10.501255796980635
560100,0,10.500988865261535,10.500988865262109
560160,0,10.500722042990867,10.500722042991317
560220,0,10.500455330143524,10.50045533014384
560280,0,10.500188726695066,10.500188726695276
560340,0,10.499922228849854,10.499922228850007
560400,0,10.499655818829952,10.499655818830089
560460,0,10.499389513428019,10.499389513428165
560520,0,10.49912333544442,10.499123335444578
560580,0,10.498857307679524,10.498857307679698
560640,0,10.498591451808096,10.498591451808256
560700,0,10.498325767213533,10.498325767213656
560760,0,10.49806023357587,10.498060233575947
560820,0,10.497794829972525,10.497794829972564
560880,0,10.497529535480929,10.497529535480966
560940,0,10.497264333634144,10.497264333634236
561000,0,10.496999240935894,10.496999240936118
561060,0,10.49673426030439,10.496734260304788
561120,0,10.49646939,10.496469389735665
561180,0,10.496204627223497,10.496204627224166
561240,0,10.49593997117958,10.495939971180247
561300,0,10.495675423079366,10.495675423079936
561360,0,10.495410983132569,10.495410983132977
561420,0,10.49514665,10.49514665109093
561480,0,10.494882426705292,10.49488242670536
561540,0,10.494618309770395,10.494618309770347
561600,0,10.494354300381906,10.494354300381762
561660,0,10.494090398484678,10.494090398484445
561720,0,10.493826603974856,10.493826603974549
561780,0,10.493562916748601,10.493562916748232
561840,0,10.493299336712411,10.493299336711988
561900,0,10.493035863841468,10.493035863841001
561960,0,10.492772498066365,10.492772498065865
562020,0,10.492509239305218,10.492509239304693
562080,0,10.492246087476147,10.492246087475626
562140,0,10.491983042502163,10.491983042501667
562200,0,10.491720104337634,10.491720104337217
562260,0,10.491457272914058,10.491457272913742
562320,0,10.491194548156885,10.491194548156662
562380,0,10.490931929991579,10.490931929991408
562440,0,10.490669418346927,10.490669418346732
562500,0,10.490407013171755,10.490407013171433
562560,0,10.490144714397042,10.490144714396546
562620,0,10.489882521949463,10.489882521948807
562680,0,10.489620435755713,10.489620435754968
562740,0,10.48935845574564,10.489358455744943
562800,0,10.48909658186779,10.489096581867281
562860,0,10.488834814053103,10.488834814052867
562920,0,10.488573152228374,10.488573152228417
562980,0,10.48831159632041,10.48831159632068
563040,0,10.48805014625921,10.488050146259583
563100,0,10.487788801993704,10.487788801994096
563160,0,10.48752756345516,10.487527563455513
563220,0,10.487266430570653,10.487266430570946
563280,0,10.487005403267277,10.487005403267519
563340,0,10.48674448147529,10.486744481475514
563400,0,10.486483665143751,10.486483665143973
563460,0,10.486222954204331,10.486222954204559
563520,0,10.485962348584575,10.485962348584806
563580,0,10.485701848212033,10.485701848212265
563640,0,10.485441453017334,10.485441453017556
563700,0,10.485181162949422,10.485181162949615
563760,0,10.484920977940448,10.484920977940611
563820,0,10.484660897918562,10.484660897918696
563880,0,10.48440092281192,10.484400922812036
563940,0,10.484141052551701,10.484141052551823
564000,0,10.483881287086914,10.483881287087081
564060,0,10.48362162634988,10.483621626350107
564120,0,10.483362070268978,10.483362070269253
564180,0,10.48310261877259,10.483102618772884
564240,0,10.482843271792023,10.482843271792278
564300,0,10.482584029276081,10.482584029276227
564360,0,10.482324891157857,10.482324891157853
564420,0,10.482065857366653,10.482065857366504
564480,0,10.481806927831789,10.481806927831535
564540,0,10.481548102485377,10.481548102485085
564600,0,10.481289381276046,10.481289381275763
564660,0,10.481030764136982,10.481030764136747
564720,0,10.480772250997713,10.480772250997553
564780,0,10.480513841787786,10.480513841787728
564840,0,10.480255536439556,10.48025553643962
564900,0,10.47999733490197,10.479997334902228
564960,0,10.479739237108465,10.479739237108953
565020,0,10.479481242988818,10.479481242989511
565080,0,10.479223352472797,10.479223352473625
565140,0,10.478965565493104,10.47896556549394
565200,0,10.478707881999469,10.47870788200017
565260,0,10.478450301925141,10.478450301925626
565320,0,10.478192825199514,10.478192825199772
565380,0,10.477935451751998,10.477935451752092
565440,0,10.477678183900315,10.47767818390037
565500,0,10.477421032802543,10.477421032802681
565560,0,10.477163987698702,10.477163987698983
565620,0,10.476907034022146,10.47690703402258
565680,0,10.476650157206237,10.476650157206782
565740,0,10.476393344341648,10.476393344342219
565800,0,10.476136600140341,10.476136600140872
565860,0,10.47587993313848,10.475879933138934
565920,0,10.475623350749578,10.475623350749938
565980,0,10.475366860387162,10.475366860387428
566040,0,10.47511046717436,10.475110467174556
566100,0,10.474854161861629,10.474854161861748
566160,0,10.47459794645096,10.47459795
566220,0,10.474341825815422,10.47434182581539
566280,0,10.474085804828105,10.474085804828015
566340,0,10.473829887102625,10.473829887102493
566400,0,10.473574067695026,10.473574067694868
566460,0,10.473318346764493,10.473318346764323
566520,0,10.473062725962494,10.473062725962318
566580,0,10.472807206940502,10.472807206940328
566640,0,10.472551790939395,10.47255179093923
566700,0,10.472296476327536,10.472296476327392
566760,0,10.472041262999873,10.472041262999756
566820,0,10.471786151326903,10.471786151326816
566880,0,10.471531141679126,10.471531141679066
566940,0,10.471276234334486,10.471276234334429
567000,0,10.471021428887248,10.471021428887177
567060,0,10.470766725216027,10.470766725215931
567120,0,10.470512123301859,10.470512123301742
567180,0,10.470257623125798,10.470257623125677
567240,0,10.470003224668936,10.470003224668835
567300,0,10.469748927879367,10.469748927879309
567360,0,10.469494732649753,10.46949473264975
567420,0,10.46924063886828,10.469240638868344
567480,0,10.468986646423152,10.468986646423284
567540,0,10.468732755218605,10.468732755218813
567600,0,10.468478965258775,10.468478965259076
567660,0,10.468225276467564,10.468225276467965
567720,0,10.467971688748651,10.467971688749143
567780,0,10.467718202005722,10.467718202006278
567840,0,10.467464816150972,10.467464816151539
567900,0,10.467211531156627,10.467211531157151
567960,0,10.466958346963963,10.466958346964415
568020,0,10.466705263504442,10.466705263504812
568080,0,10.46645228070954,10.466452280709843
568140,0,10.46619939851286,10.466199398513139
568200,0,10.46594661686267,10.465946616862956
568260,0,10.465693935698779,10.465693935699091
568320,0,10.465441354958472,10.465441354958811
568380,0,10.465188874579045,10.465188874579392
568440,0,10.464936491034122,10.46493649103445
568500,0,10.464684187988665,10.464684187988963
568560,0,10.464431980914465,10.464431980914721
568620,0,10.464179890805518,10.464179890805715
568680,0,10.463927938655825,10.46392793865594
568740,0,10.463676144411629,10.463676144411622
568800,0,10.46342450745488,10.463424507454677
568860,0,10.463173009133996,10.46317300913356
568920,0,10.462921630260954,10.462921630260315
568980,0,10.462670351647764,10.462670351646992
569040,0,10.462419158193152,10.462419158192375
569100,0,10.46216806503641,10.462168065035774
569160,0,10.461917074855398,10.461917074854984
569220,0,10.461666185812723,10.461666185812547
569280,0,10.461415396071011,10.461415396071017
569340,0,10.461164704173036,10.461164704173106
569400,0,10.460914111473931,10.460914111473967
569460,0,10.46066361816857,10.460663618168516
569520,0,10.460413224031713,10.46041322403156
569580,0,10.460162928838137,10.460162928837915
569640,0,10.459912732401078,10.459912732400863
569700,0,10.459662634807827,10.45966263480768
569760,0,10.459412636010809,10.459412636010766
569820,0,10.45916273591853,10.459162735918595
569880,0,10.458912934439516,10.458912934439663
569940,0,10.458663231490942,10.458663231491123
570000,0,10.45841362704826,10.458413627048436
570060,0,10.458164121050842,10.458164121050993
570120,0,10.457914713427714,10.457914713427828
570180,0,10.457665404107914,10.457665404107988
570240,0,10.45741619302403,10.457416193024072
570300,0,10.457167080132058,10.457167080132034
570360,0,10.456918065372165,10.456918065372069
570420,0,10.456669148680183,10.456669148680039
570480,0,10.456420329991964,10.456420329991818
570540,0,10.456171609245487,10.456171609245427
570600,0,10.455922986391695,10.45592298639184
570660,0,10.455674461370126,10.455674461370537
570720,0,10.455426034117544,10.455426034118206
570780,0,10.455177704570724,10.45517770457155
570840,0,10.454929472668608,10.454929472669438
570900,0,10.454681338362628,10.45468133836328
570960,0,10.454433301591687,10.454433301592069
571020,0,10.454185362291817,10.454185362291923
571080,0,10.453937520399064,10.453937520398986
571140,0,10.453689775851918,10.453689775851826
571200,0,10.453442128603193,10.453442128603264
571260,0,10.453194578591821,10.453194578592145
571320,0,10.45294713,10.452947125754086
571380,0,10.452699770023942,10.452699770024708
571440,0,10.452452513584609,10.452452513585385
571500,0,10.45220536692896,10.452205366929586
571560,0,10.451958319939665,10.451958319940047
571620,0,10.451711358919864,10.451711358920003
571680,0,10.451464470172711,10.451464470172686
571740,0,10.451217641559799,10.451217641559754
571800,0,10.450970877512662,10.450970877512745
571860,0,10.450724186058963,10.450724186059254
571920,0,10.450477574170703,10.450477574171215
571980,0,10.450231048819894,10.450231048820582
572040,0,10.44998461482489,10.449984614825649
572100,0,10.449738263489389,10.449738263490143
572160,0,10.449491996696699,10.449491996697404
572220,0,10.449245819029796,10.449245819030436
572280,0,10.448999735071665,10.448999735072249
572340,0,10.448753748221153,10.448753748221716
572400,0,10.448507853831225,10.44850785
572460,0,10.44826205205245,10.448262052053046
572520,0,10.44801634443839,10.448016344438999
572580,0,10.447770732542613,10.447770732543209
572640,0,10.447525217532808,10.44752521753334
572700,0,10.447279797876764,10.44727979787717
572760,0,10.447034473476634,10.447034473476881
572820,0,10.446789244681463,10.446789244681556
572880,0,10.446544111840312,10.446544111840291
572940,0,10.44629907521527,10.44629908
573000,0,10.446054134426246,10.446054134426175
573060,0,10.445809289360637,10.445809289360605
573120,0,10.44556454000212,10.445564540002152
573180,0,10.445319886334369,10.445319886334486
573240,0,10.445075325039774,10.445075325040005
573300,0,10.444830840558927,10.44483084055935
573360,0,10.444586447592302,10.444586447592952
573420,0,10.444342166099231,10.444342166100084
573480,0,10.444098016039067,10.444098016040032
573540,0,10.443854016384993,10.443854016385918
573600,0,10.44361016659749,10.443610166598205
573660,0,10.443366448902655,10.443366448903069
573720,0,10.443122845000865,10.44312284500096
573780,0,10.442879336592503,10.44287933659235
573840,0,10.442635909275282,10.442635909275028
573900,0,10.442392577487558,10.442392577487329
573960,0,10.44214934378636,10.442149343786227
574020,0,10.441906206422928,10.441906206422907
574080,0,10.441663163648522,10.441663163648577
574140,0,10.441420214076272,10.441420214076311
574200,0,10.441177358996974,10.441177358996912
574260,0,10.440934598597726,10.440934598597527
574320,0,10.440691932665796,10.440691932665457
574380,0,10.440449360988449,10.440449360988014
574440,0,10.440206883389532,10.440206883389077
574500,0,10.439964499953051,10.439964499952636
574560,0,10.439722210633951,10.439722210633612
574620,0,10.43948001534534,10.439480015345106
574680,0,10.439237914000348,10.439237914000229
574740,0,10.438995906520653,10.438995906520654
574800,0,10.438753992885113,10.438753992885282
574860,0,10.438512173036287,10.438512173036642
574920,0,10.438270446906454,10.438270446906984
574980,0,10.438028814427906,10.438028814428556
575040,0,10.43778727553674,10.437787275537428
575100,0,10.437545830193711,10.43754583019435
575160,0,10.437304478342048,10.437304478342583
575220,0,10.437063219920281,10.437063219920695
575280,0,10.436822054866953,10.43682205486727
575340,0,10.43658098312309,10.436580983123356
575400,0,10.436340004644707,10.436340004644967
575460,0,10.436099119374559,10.436099119374822
575520,0,10.435858327252177,10.435858327252452
575580,0,10.43561762821711,10.435617628217393
575640,0,10.435377022211256,10.435377022211538
575700,0,10.435136509190395,10.435136509190668
575760,0,10.43489608909723,10.434896089097496
575820,0,10.434655761871378,10.434655761871632
575880,0,10.434415527452474,10.434415527452714
575940,0,10.434175385782504,10.434175385782721
576000,0,10.43393533681744,10.433935336817624
576060,0,10.433695380500348,10.433695380500499
576120,0,10.433455516771234,10.43345551677135
576180,0,10.433215745570116,10.433215745570191
576240,0,10.43297606683925,10.43297606683929
576300,0,10.432736480534379,10.432736480534382
576360,0,10.432496986599077,10.432496986599045
576420,0,10.432257584973996,10.432257584973929
576480,0,10.43201828,10.432018275599702
576540,0,10.431779060550541,10.431779060550411
576600,0,10.431539949795816,10.431539949795646
576660,0,10.431300933724625,10.431300933724414
576720,0,10.431061999325452,10.431061999325212
576780,0,10.430823133586792,10.430823133586554
576840,0,10.430584324977362,10.430584324977161
576900,0,10.430345577706317,10.430345577706213
576960,0,10.430106899401887,10.430106899401913
577020,0,10.429868296689898,10.429868296690042
577080,0,10.429629776196192,10.429629776196409
577140,0,10.429391342499896,10.429391342500104
577200,0,10.429152987337178,10.42915298733729
577260,0,10.42891471249939,10.428914712499362
577320,0,10.428676522343581,10.428676522343398
577380,0,10.428438421226792,10.428438421226488
577440,0,10.428200412380258,10.428200412379901
577500,0,10.42796249138653,10.427962491386161
577560,0,10.427724658390941,10.427724658390584
577620,0,10.427486914872821,10.427486914872503
577680,0,10.427249262311525,10.42724926231126
577740,0,10.427011701818993,10.427011701818804
577800,0,10.426774231937287,10.426774231937204
577860,0,10.426536852575232,10.42653685257528
577920,0,10.42629956406723,10.42629956406741
577980,0,10.426062366747697,10.426062366747992
578040,0,10.425825260867935,10.425825260868308
578100,0,10.425588246065898,10.425588246066331
578160,0,10.425351322235676,10.425351322236152
578220,0,10.425114489363379,10.425114489363878
578280,0,10.424877747435128,10.42487774743564
578340,0,10.42464109329937,10.424641093299877
578400,0,10.424404512168904,10.424404512169387
578460,0,10.424168018015859,10.424168018016301
578520,0,10.423931629810523,10.42393162981091
578580,0,10.423695366523201,10.423695366523525
578640,0,10.423459246187896,10.423459246188138
578700,0,10.423223268297843,10.423223268297964
578760,0,10.422987415959062,10.422987415959048
578820,0,10.422751671776501,10.422751671776366
578880,0,10.42251601835512,10.422516018354905
578940,0,10.42228044200503,10.422280442004816
579000,0,10.422044956453895,10.422044956453771
579060,0,10.421809564132346,10.421809564132358
579120,0,10.421574263377416,10.421574263377572
579180,0,10.421339052526157,10.421339052526418
579240,0,10.421103930260106,10.421103930260387
579300,0,10.420868897809218,10.420868897809438
579360,0,10.420633955351803,10.420633955351924
579420,0,10.420399102685463,10.42039910268548
579480,0,10.420164339607803,10.420164339607751
579540,0,10.419929665951502,10.41992966595146
579600,0,10.419695081798551,10.419695081798587
579660,0,10.41946058710691,10.419460587107066
579720,0,10.41922618179442,10.419226181794699
579780,0,10.41899186577893,10.41899187
579840,0,10.418757638986577,10.418757638986982
579900,0,10.418523501398829,10.418523501399216
579960,0,10.418289452961861,10.418289452962197
580020,0,10.418055493611865,10.418055493612144
580080,0,10.417821623285045,10.417821623285281
580140,0,10.417587841921298,10.417587841921527
580200,0,10.417354149484472,10.41735414948472
580260,0,10.417120545921614,10.417120545921902
580320,0,10.416887031175248,10.416887031175571
580380,0,10.416653605187909,10.41665360518825
580440,0,10.416420267904467,10.41642027
580500,0,10.416187019283951,10.416187019284251
580560,0,10.415953859272896,10.415953859273152
580620,0,10.415720787814807,10.415720787815006
580680,0,10.415487804853194,10.415487804853337
580740,0,10.415254910333843,10.415254910333928
580800,0,10.415022104215819,10.41502210421583
580860,0,10.414789386445314,10.414789386445245
580920,0,10.414556756965524,10.414556756965391
580980,0,10.414324215719667,10.414324215719494
581040,0,10.414091762653376,10.414091762653225
581100,0,10.413859397726581,10.413859397726513
581160,0,10.413627120885508,10.413627120885561
581220,0,10.413394932073182,10.413394932073361
581280,0,10.413162831232642,10.41316283123291
581340,0,10.412930818309468,10.412930818309748
581400,0,10.41269889326424,10.41269889326447
581460,0,10.412467056043296,10.412467056043438
581520,0,10.412235306589633,10.412235306589677
581580,0,10.412003644846251,10.412003644846216
581640,0,10.411772070758765,10.411772070758698
581700,0,10.41154058,10.411540584288113
581760,0,10.411309185381077,10.411309185380988
581820,0,10.411077873980496,10.411077873980426
581880,0,10.410846650029576,10.410846650029548
581940,0,10.410615515494468,10.410615515494504
582000,0,10.410384479829712,10.410384479829865
582060,0,10.410153533924168,10.410153533924467
582120,0,10.40992266544225,10.409922665442688
582180,0,10.40969186204838,10.40969186204892
582240,0,10.409461112810735,10.409461112811313
582300,0,10.409230421722318,10.409230421722876
582360,0,10.408999796014294,10.408999796014799
582420,0,10.408769241966858,10.408769241967295
582480,0,10.408538765860223,10.408538765860593
582540,0,10.40830837203511,10.408308372035426
582600,0,10.40807805266146,10.408078052661727
582660,0,10.40784780943672,10.407847809436937
582720,0,10.407617646489518,10.407617646489687
582780,0,10.407387567948502,10.40738756794863
582840,0,10.407157576876093,10.407157576876198
582900,0,10.406927669089818,10.40692766908992
582960,0,10.406697844726612,10.406697844726716
583020,0,10.406468105186645,10.406468105186761
583080,0,10.406238451870106,10.406238451870225
583140,0,10.406008885829996,10.406008885830104
583200,0,10.405779405689735,10.405779405689826
583260,0,10.405550011362287,10.405550011362354
583320,0,10.405320703162623,10.405320703162666
583380,0,10.405091481405723,10.405091481405739
583440,0,10.40486234632875,10.404862346328734
583500,0,10.404633297593401,10.404633297593339
583560,0,10.404404335099134,10.404404335099022
583620,0,10.404175458831407,10.404175458831252
583680,0,10.403946668775689,10.403946668775514
583740,0,10.403717961943622,10.403717961943464
583800,0,10.40348932432066,10.403489324320557
583860,0,10.403260769152775,10.40326076915275
583920,0,10.403032314423335,10.403032314423397
583980,0,10.402803978115726,10.402803978115864
584040,0,10.402575777326607,10.40257578
584100,0,10.402347711581022,10.40234771158126
584160,0,10.40211976486359,10.402119764863869
584220,0,10.401891920682722,10.401891920683028
584280,0,10.40166416254682,10.401664162547151
584340,0,10.401436477477475,10.401436477477823
584400,0,10.401208878492252,10.40120887849261
584460,0,10.40098136789563,10.400981367895993
584520,0,10.40075394,10.400753944110859
584580,0,10.400526605559751,10.400526605560101
584640,0,10.400299350993404,10.400299350993736
584700,0,10.400072181580613,10.400072181580919
584760,0,10.399845097490632,10.399845097490903
584820,0,10.399618098531086,10.399618098531324
584880,0,10.399391184509623,10.399391184509817
584940,0,10.39916435526767,10.399164355267816
585000,0,10.398937610886124,10.398937610886215
585060,0,10.39871095132519,10.398710951325217
585120,0,10.398484376506309,10.398484376506273
585180,0,10.398257886350931,10.398257886350843
585240,0,10.398031480788994,10.398031480788863
585300,0,10.397805159806449,10.397805159806286
585360,0,10.397578923352134,10.397578923351942
585420,0,10.39735277136459,10.397352771364377
585480,0,10.397126703782378,10.397126703782156
585540,0,10.396900720548311,10.396900720548082
585600,0,10.396674821632226,10.396674821631992
585660,0,10.39644900698349,10.396449006983255
585720,0,10.396223276546152,10.39622327654593
585780,0,10.395997630264281,10.395997630264088
585840,0,10.395772068085035,10.395772068084893
585900,0,10.395546589974119,10.395546589974069
585960,0,10.395321195880426,10.395321195880493
586020,0,10.395095885748825,10.395095885749003
586080,0,10.394870659524193,10.394870659524454
586140,0,10.394645517154533,10.394645517154823
586200,0,10.394420458605962,10.394420458606229
586260,0,10.39419548382679,10.394195483826998
586320,0,10.393970592761185,10.393970592761331
586380,0,10.393745785353337,10.393745785353449
586440,0,10.393521061550759,10.393521061550887
586500,0,10.393296421320557,10.393296421320741
586560,0,10.393071864611262,10.39307186461153
586620,0,10.39284739136705,10.392847391367402
586680,0,10.392623001532098,10.392623001532526
586740,0,10.392398695053936,10.39239869505441
586800,0,10.392174471899894,10.392174471900406
586860,0,10.391950332018835,10.391950332019377
586920,0,10.391726275355259,10.391726275355813
586980,0,10.391502301853674,10.391502301854208
587040,0,10.39127841146194,10.391278411462416
587100,0,10.391054604147659,10.391054604148009
587160,0,10.390830879859687,10.390830879859877
587220,0,10.390607238542476,10.39060723854251
587280,0,10.390383680140499,10.390383680140417
587340,0,10.390160206517256,10.39016020651714
587400,0,10.38993682664167,10.38993682664159
587460,0,10.389713531874655,10.389713531874662
587520,0,10.38949031051871,10.38949031051881
587580,0,10.38926715087634,10.38926715
587640,0,10.389044042581657,10.389044042581816
587700,0,10.38882099,10.388820989423799
587760,0,10.388597998258644,10.388597998258655
587820,0,10.388375075040212,10.388375075040127
587880,0,10.38815222572212,10.388152225721967
587940,0,10.387929454419707,10.387929454419531
588000,0,10.387706753711779,10.38770675371161
588060,0,10.387484125207815,10.387484125207674
588120,0,10.387261572821753,10.387261572821657
588180,0,10.387039100467534,10.387039100467499
588240,0,10.386816711048697,10.386816711048732
588300,0,10.386594400602611,10.386594400602743
588360,0,10.386372169259227,10.38637216925947
588420,0,10.386150018345557,10.386150018345912
588480,0,10.385927949188625,10.385927949189089
588540,0,10.385705962786853,10.385705962787409
588600,0,10.385484057838315,10.385484057838983
588660,0,10.385262234260397,10.38526223426118
588720,0,10.385040492350866,10.385040492351727
588780,0,10.38481883,10.384818832408383
588840,0,10.384597254655008,10.384597254655807
588900,0,10.384375758776475,10.384375758777058
588960,0,10.38415434467624,10.384154344676533
589020,0,10.38393301233923,10.383933012339236
589080,0,10.383711761750394,10.383711761750176
589140,0,10.383490592895802,10.383490592895495
589200,0,10.383269505741891,10.38326950574161
589260,0,10.383048500205058,10.383048500204879
589320,0,10.382827576196743,10.38282757619668
589380,0,10.382606733628366,10.38260673
589440,0,10.382385969613273,10.382385969613335
589500,0,10.382165270950011,10.382165270950063
589560,0,10.381944650185966,10.381944650185982
589620,0,10.381724124333893,10.381724124333868
589680,0,10.381503710406552,10.381503710406502
589740,0,10.381283424572885,10.38128342457283
589800,0,10.381063266361695,10.381063266361647
589860,0,10.380843220648075,10.380843220648044
589920,0,10.380623271864707,10.380623271864705
589980,0,10.380403404444284,10.380403404444317
590040,0,10.380183606136336,10.380183606136416
590100,0,10.379963889232265,10.37996388923242
590160,0,10.37974425590674,10.379744255906987
590220,0,10.379524704669585,10.379524704669914
590280,0,10.379305234030626,10.37930523403101
590340,0,10.379085842809223,10.379085842809621
590400,0,10.378866532112893,10.378866532113248
590460,0,10.378647302101449,10.378647302101728
590520,0,10.378428152592377,10.378428152592587
590580,0,10.378209083403194,10.378209083403364
590640,0,10.377990094383684,10.377990094383877
590700,0,10.377771185612485,10.377771185612769
590760,0,10.37755235705309,10.377552357053503
590820,0,10.377333608631982,10.377333608632517
590880,0,10.377114940275654,10.377114940276266
590940,0,10.376896351918528,10.37689635191914
591000,0,10.37667784354779,10.376677843548315
591060,0,10.376459415116532,10.376459415116921
591120,0,10.37624106656827,10.376241066568518
591180,0,10.376022797846536,10.376022797846678
591240,0,10.375804608898546,10.375804608898653
591300,0,10.375586499695208,10.37558649969534
591360,0,10.375368470190297,10.375368470190486
591420,0,10.375150520333033,10.375150520333294
591480,0,10.374932650072655,10.374932650072974
591540,0,10.374714859360823,10.374714859361175
591600,0,10.37449714816391,10.374497148164284
591660,0,10.374279516435376,10.374279516435761
591720,0,10.374061964125527,10.374061964125922
591780,0,10.373844491184697,10.373844491185093
591840,0,10.373627097565485,10.373627097565882
591900,0,10.37340978323394,10.373409783234333
591960,0,10.373192548143338,10.373192548143717
592020,0,10.372975392243937,10.372975392244305
592080,0,10.372758315486024,10.372758315486374
592140,0,10.37254132,10.372541317822533
592200,0,10.372324399218849,10.372324399219156
592260,0,10.372107559629445,10.372107559629725
592320,0,10.371890799004417,10.371890799004674
592380,0,10.371674117294214,10.371674117294448
592440,0,10.371457514451592,10.371457514451816
592500,0,10.371240990443088,10.371240990443303
592560,0,10.371024545222367,10.371024545222577
592620,0,10.37080817874006,10.37080817874027
592680,0,10.370591890946809,10.37059189094703
592740,0,10.370375681795565,10.370375681795805
592800,0,10.37015955125301,10.370159551253286
592860,0,10.36994349927297,10.369943499273289
592920,0,10.369727525806244,10.369727525806606
592980,0,10.369511630803643,10.369511630804032
593040,0,10.369295816031483,10.369295816031881
593100,0,10.369080089976274,10.36908008997666
593160,0,10.368864444463071,10.368864444463432
593220,0,10.368648868423229,10.36864886842356
593280,0,10.36843335,10.368433350788399
593340,0,10.368217881748615,10.368217881748889
593400,0,10.368002464888367,10.368002464888617
593460,0,10.367787106698056,10.36778710669828
593520,0,10.36757181281522,10.36757181281542
593580,0,10.367356588877405,10.367356588877586
593640,0,10.36714144,10.367141438781665
593700,0,10.36692635550146,10.366926355501615
593760,0,10.36671134056229,10.366711340562434
593820,0,10.36649639767096,10.366496397671096
593880,0,10.366281530534462,10.366281530534586
593940,0,10.366066741902786,10.366066741902888
594000,0,10.36585202802343,10.365852028023488
594060,0,10.365637389021263,10.365637389021275
594120,0,10.365422826155033,10.36542282615501
594180,0,10.365208340683507,10.365208340683454
594240,0,10.36499393355364,10.364993933553587
594300,0,10.364779603530769,10.364779603530732
594360,0,10.364565350538916,10.364565350538909
594420,0,10.364351174863161,10.364351174863195
594480,0,10.364137076788602,10.364137076788685
594540,0,10.363923056530208,10.363923056530352
594600,0,10.36370911378484,10.36370911378508
594660,0,10.363495248464456,10.363495248464805
594720,0,10.363281460558579,10.363281460559023
594780,0,10.363067750056738,10.363067750057242
594840,0,10.362854114277319,10.362854114277816
594900,0,10.362640540634052,10.362640540634462
594960,0,10.362427041025503,10.362427041025784
595020,0,10.36221363160537,10.362213631605517
595080,0,10.362000328527358,10.362000328527426
595140,0,10.361787147148563,10.361787147148636
595200,0,10.361574087044252,10.361574087044422
595260,0,10.361361133835494,10.36136113383581
595320,0,10.36114827271609,10.361148272716557
595380,0,10.360935488879848,10.360935488880438
595440,0,10.360722770674856,10.360722770675498
595500,0,10.360510129790379,10.360510129791017
595560,0,10.360297568298426,10.360297568299035
595620,0,10.360085084786082,10.360085084786647
595680,0,10.359872677840425,10.35987267784095
595740,0,10.359660346341728,10.359660346342231
595800,0,10.359448091339223,10.359448091339717
595860,0,10.35923591298725,10.359235912987733
595920,0,10.35902381111614,10.359023811116613
595980,0,10.358811785556233,10.358811785556696
596040,0,10.358599836167599,10.358599836168041
596100,0,10.358387963021908,10.358387963022334
596160,0,10.358176166086219,10.358176166086624
596220,0,10.357964445293597,10.357964445293979
596280,0,10.357752800577131,10.357752800577485
596340,0,10.357541231876738,10.357541231877066
596400,0,10.357329739178184,10.357329739178475
596460,0,10.35711832243839,10.357118322438644
596520,0,10.356906981606091,10.35690698160631
596580,0,10.356695716630023,10.356695716630208
596640,0,10.356484527461863,10.356484527462026
596700,0,10.35627341407251,10.356273414072657
596760,0,10.356062376419434,10.356062376419573
596820,0,10.355851414456486,10.35585141445662
596880,0,10.355640528137544,10.355640528137664
596940,0,10.355429717418287,10.35542971741839
597000,0,10.355218982265574,10.355218982265653
597060,0,10.355008322636557,10.355008322636605
597120,0,10.354797738486024,10.354797738486045
597180,0,10.354587229768777,10.354587229768779
597240,0,10.354376796441352,10.354376796441352
597300,0,10.354166438470514,10.354166438470514
597360,0,10.353956155813096,10.353956155813107
597420,0,10.35374594842363,10.353745948423665
597480,0,10.353535816256656,10.353535816256734
597540,0,10.353325759268582,10.353325759268737
597600,0,10.353115777426805,10.353115777427089
597660,0,10.352905870688225,10.352905870688662
597720,0,10.35269603900728,10.352696039007865
597780,0,10.352486282338417,10.352486282339118
597840,0,10.352276600638001,10.35227660063876
597900,0,10.352066993873798,10.352066993874582
597960,0,10.351857462002883,10.351857462003657
598020,0,10.351648004979804,10.351648004980541
598080,0,10.351438622759119,10.351438622759792
598140,0,10.351229315297328,10.351229315297894
598200,0,10.351020082562357,10.351020082562744
598260,0,10.350810924511453,10.35081092451162
598320,0,10.350601841099328,10.350601841099284
598380,0,10.35039283,10.350392832280509
598440,0,10.350183898012226,10.350183898011995
598500,0,10.349975038261988,10.349975038261825
598560,0,10.34976625298737,10.349766252987342
598620,0,10.349557542143241,10.349557542143362
598680,0,10.349348905684465,10.34934890568471
598740,0,10.349140345287056,10.34914034528736
598800,0,10.348931868997258,10.348931868997585
598860,0,10.348723469065073,10.348723469065394
598920,0,10.348515134997125,10.348515134997438
598980,0,10.348306856300075,10.348306856300367
599040,0,10.348098623674579,10.348098623674854
599100,0,10.347890440517949,10.347890440518203
599160,0,10.347682312984842,10.34768231298507
599220,0,10.34747424642127,10.34747424642147
599280,0,10.347266246173255,10.347266246173433
599340,0,10.347058315936277,10.34705831593644
599400,0,10.34685044904858,10.34685044904874
599460,0,10.346642646957113,10.34664264695727
599520,0,10.34643491317786,10.346434913178017
599580,0,10.346227251226821,10.346227251226987
599640,0,10.346019663712388,10.346019663712568
599700,0,10.345812147076387,10.345812147076582
599760,0,10.345604701438367,10.34560470143859
599820,0,10.345397327993272,10.34539732799352
599880,0,10.345190027936052,10.345190027936328
599940,0,10.344982802165786,10.34498280216608
600000,0,10.34477564951155,10.344775649511863
600060,0,10.344568569902368,10.344568569902702
600120,0,10.344361563609928,10.344361563610276
600180,0,10.344154630905926,10.344154630906273
600240,0,10.343947771995415,10.343947771995746
600300,0,10.343740986591143,10.343740986591435
600360,0,10.34353427461036,10.343534274610596
600420,0,10.343327636044027,10.343327636044208
600480,0,10.343121070883122,10.343121070883255
600540,0,10.342914579118641,10.342914579118741
600600,0,10.342708160717905,10.342708160717963
600660,0,10.342501815608644,10.342501815608669
600720,0,10.34229554,10.34229554371541
600780,0,10.342089344962732,10.342089344962762
600840,0,10.341883216760536,10.341883216760639
600900,0,10.341677147246772,10.341677147247028
600960,0,10.341471147696502,10.341471147696955
601020,0,10.341265233397555,10.341265233398198
601080,0,10.341059419637773,10.341059419638544
601140,0,10.340853720946317,10.340853720947104
601200,0,10.340648136900077,10.340648136900777
601260,0,10.340442653915396,10.340442653915945
601320,0,10.340237258011998,10.340237258012374
601380,0,10.34003193520962,10.340031935209847
601440,0,10.33982667450667,10.339826674506801
601500,0,10.339621486942633,10.33962148694268
601560,0,10.339416374473931,10.339416374473906
601620,0,10.33921133576595,10.339211335765881
601680,0,10.339006369484087,10.339006369484014
601740,0,10.338801474570918,10.338801474570895
601800,0,10.338596652019211,10.33859665201932
601860,0,10.338391901975191,10.338391901975472
601920,0,10.338187224278725,10.338187224279183
601980,0,10.337982618769683,10.337982618770274
602040,0,10.337778085316115,10.337778085316751
602100,0,10.337573623986698,10.33757362
602160,0,10.337369234751282,10.33736923475181
602220,0,10.337164917547554,10.33716491754799
602280,0,10.336960672313207,10.33696067231357
602340,0,10.336756498992244,10.33675649899258
602400,0,10.336552397571216,10.336552397571575
602460,0,10.336348368010636,10.336348368011032
602520,0,10.336144410263481,10.336144410263907
602580,0,10.335940524282748,10.335940524283172
602640,0,10.335736710023912,10.33573671002427
602700,0,10.335532967458908,10.335532967459109
602760,0,10.335329296548826,10.335329296548833
602820,0,10.335125697251742,10.335125697251561
602880,0,10.33492216952574,10.334922169525427
602940,0,10.334718713330286,10.334718713329947
603000,0,10.334515328633325,10.334515328633044
603060,0,10.334312015395561,10.334312015395401
603120,0,10.33410877357593,10.33410877357591
603180,0,10.333905603133363,10.333905603133479
603240,0,10.333702504028098,10.333702504028313
603300,0,10.333499476227926,10.333499476228257
603360,0,10.333296519693324,10.333296519693766
603420,0,10.333093634383047,10.333093634383578
603480,0,10.33289082025587,10.332890820256443
603540,0,10.332688077271973,10.332688077272515
603600,0,10.332485405399806,10.332485405400218
603660,0,10.332282804599766,10.332282804599997
603720,0,10.332080274830377,10.332080274830421
603780,0,10.33187781605017,10.331877816050088
603840,0,10.331675428219205,10.331675428219095
603900,0,10.331473111306467,10.331473111306416
603960,0,10.331270865272442,10.331270865272511
604020,0,10.331068690075623,10.331068690075822
604080,0,10.330866585674503,10.33086658567481
604140,0,10.330664552029146,10.330664552029507
604200,0,10.330462589108853,10.330462589109233
604260,0,10.33026069687424,10.33026069687462
604320,0,10.33005887528387,10.330058875284239
604380,0,10.329857124296323,10.329857124296675
604440,0,10.329655445503814,10.329655445504146
604500,0,10.32945384654437,10.32945384654467
604560,0,10.329252320061896,10.32925232006216
604620,0,10.329050856096341,10.329050856096565
604680,0,10.328849444687659,10.328849444687846
604740,0,10.328648077840683,10.328648077840837
604800,0,10.328446762687499,10.328446762687632
